"scenario","representation","family","association_method","bandwidth","confounding_strength","active_region_scale","local_correlation","method","level","c0","n_rep","n_truth_mean","n_truth_sd","n_selected_mean","n_selected_sd","tp_mean","tp_sd","fp_mean","fp_sd","fn_mean","fn_sd","tn_mean","tn_sd","precision_mean","precision_sd","recall_mean","recall_sd","specificity_mean","specificity_sd","f1_mean","f1_sd","jaccard_mean","jaccard_sd","selection_rate_mean","selection_rate_sd"
"confounded_blocks","grid","gaussian","hybrid",4,0.6,0.5,0,"plain_selectboost","feature","c0 = 0.3",3,7,0,28,5.56776436283002,7,0,21,5.56776436283002,0,0,34,5.56776436283002,0.257227446882619,0.0547776013830118,1,0,0.618181818181818,0.101232079324182,0.407215836526181,0.0682504256333247,0.257227446882619,0.0547776013830118,0.451612903225806,0.0898026510133874
"confounded_blocks","grid","gaussian","hybrid",4,0.6,0.5,0,"plain_selectboost","feature","c0 = 0.5",3,7,0,22.6666666666667,6.35085296108588,6.33333333333333,0.577350269189626,16.3333333333333,5.77350269189626,0.666666666666667,0.577350269189626,38.6666666666667,5.77350269189626,0.288304093567251,0.0476060748279165,0.904761904761905,0.0824786098842323,0.703030303030303,0.104972776216296,0.433818433818434,0.0480124963983057,0.277777777777778,0.038490017945975,0.365591397849462,0.102433112275579
"confounded_blocks","grid","gaussian","hybrid",4,0.6,0.5,0,"plain_selectboost","feature","c0 = 0.7",3,7,0,24.6666666666667,8.9628864398325,6.66666666666667,0.577350269189626,18,8.71779788708135,0.333333333333333,0.577350269189626,37,8.71779788708135,0.289473684210526,0.084702510207532,0.952380952380952,0.0824786098842323,0.672727272727273,0.158505416128752,0.438746438746439,0.102682742398519,0.284711779448622,0.0842150016712687,0.397849462365591,0.144562684513427
"confounded_blocks","grid","gaussian","hybrid",4,0.6,0.5,0,"plain_selectboost","feature","c0 = 0.9",3,7,0,21,5.56776436283002,6.66666666666667,0.577350269189626,14.3333333333333,5.13160143944688,0.333333333333333,0.577350269189626,40.6666666666667,5.13160143944688,0.328086419753086,0.0609026560687815,0.952380952380952,0.0824786098842323,0.739393939393939,0.0933018443535797,0.484007451611885,0.0625847730537159,0.320733478576616,0.0532585426036671,0.338709677419355,0.0898026510133875
"confounded_blocks","grid","gaussian","hybrid",4,0.6,0.5,0,"plain_selectboost","group","c0 = 0.3",3,3,0,4,0,3,0,1,0,0,0,0,0,0.75,0,1,0,0,0,0.857142857142857,0,0.75,0,1,0
"confounded_blocks","grid","gaussian","hybrid",4,0.6,0.5,0,"plain_selectboost","group","c0 = 0.5",3,3,0,4,0,3,0,1,0,0,0,0,0,0.75,0,1,0,0,0,0.857142857142857,0,0.75,0,1,0
"confounded_blocks","grid","gaussian","hybrid",4,0.6,0.5,0,"plain_selectboost","group","c0 = 0.7",3,3,0,4,0,3,0,1,0,0,0,0,0,0.75,0,1,0,0,0,0.857142857142857,0,0.75,0,1,0
"confounded_blocks","grid","gaussian","hybrid",4,0.6,0.5,0,"plain_selectboost","group","c0 = 0.9",3,3,0,4,0,3,0,1,0,0,0,0,0,0.75,0,1,0,0,0,0.857142857142857,0,0.75,0,1,0
"confounded_blocks","grid","gaussian","hybrid",4,0.6,0.5,0,"selectboost","feature","c0 = 0.3",3,7,0,26.3333333333333,4.61880215351701,6.33333333333333,0.577350269189626,20,4.35889894354067,0.666666666666667,0.577350269189626,35,4.35889894354067,0.244663382594417,0.0395113609704958,0.904761904761905,0.0824786098842323,0.636363636363636,0.0792527080643759,0.383597883597884,0.0478389982011247,0.2380355276907,0.0364787569883529,0.424731182795699,0.0744968089276936
"confounded_blocks","grid","gaussian","hybrid",4,0.6,0.5,0,"selectboost","feature","c0 = 0.5",3,7,0,21.6666666666667,0.577350269189626,6.66666666666667,0.577350269189626,15,1,0.333333333333333,0.577350269189626,40,1,0.308080808080808,0.031540393931305,0.952380952380952,0.0824786098842323,0.727272727272727,0.0181818181818182,0.46551724137931,0.0456164019149067,0.304128238910848,0.0382214172962535,0.349462365591398,0.00931210111596173
"confounded_blocks","grid","gaussian","hybrid",4,0.6,0.5,0,"selectboost","feature","c0 = 0.7",3,7,0,22.3333333333333,2.88675134594813,7,0,15.3333333333333,2.88675134594813,0,0,39.6666666666667,2.88675134594813,0.317251461988304,0.0443141653983265,1,0,0.721212121212121,0.0524863881081478,0.480562448304384,0.0501420829321015,0.317251461988304,0.0443141653983265,0.360215053763441,0.0465605055798085
"confounded_blocks","grid","gaussian","hybrid",4,0.6,0.5,0,"selectboost","feature","c0 = 0.9",3,7,0,20.6666666666667,4.04145188432738,7,0,13.6666666666667,4.04145188432738,0,0,41.3333333333333,4.04145188432738,0.348731884057971,0.0768754434518795,1,0,0.751515151515151,0.0734809433514069,0.514009661835749,0.0820004730153382,0.348731884057971,0.0768754434518795,0.333333333333333,0.065184707811732
"confounded_blocks","grid","gaussian","hybrid",4,0.6,0.5,0,"selectboost","group","c0 = 0.3",3,3,0,4,0,3,0,1,0,0,0,0,0,0.75,0,1,0,0,0,0.857142857142857,0,0.75,0,1,0
"confounded_blocks","grid","gaussian","hybrid",4,0.6,0.5,0,"selectboost","group","c0 = 0.5",3,3,0,4,0,3,0,1,0,0,0,0,0,0.75,0,1,0,0,0,0.857142857142857,0,0.75,0,1,0
"confounded_blocks","grid","gaussian","hybrid",4,0.6,0.5,0,"selectboost","group","c0 = 0.7",3,3,0,4,0,3,0,1,0,0,0,0,0,0.75,0,1,0,0,0,0.857142857142857,0,0.75,0,1,0
"confounded_blocks","grid","gaussian","hybrid",4,0.6,0.5,0,"selectboost","group","c0 = 0.9",3,3,0,4,0,3,0,1,0,0,0,0,0,0.75,0,1,0,0,0,0.857142857142857,0,0.75,0,1,0
"confounded_blocks","grid","gaussian","hybrid",4,0.6,0.5,2,"plain_selectboost","feature","c0 = 0.3",3,7,0,29.3333333333333,0.577350269189626,6.66666666666667,0.577350269189626,22.6666666666667,0.577350269189626,0.333333333333333,0.577350269189626,32.3333333333333,0.577350269189626,0.2272030651341,0.0180402411754691,0.952380952380952,0.0824786098842323,0.587878787878788,0.0104972776216296,0.366866866866867,0.0295125585341453,0.224904214559387,0.0219396755589585,0.473118279569892,0.00931210111596173
"confounded_blocks","grid","gaussian","hybrid",4,0.6,0.5,2,"plain_selectboost","feature","c0 = 0.5",3,7,0,26.6666666666667,2.51661147842358,5.33333333333333,0.577350269189626,21.3333333333333,2.51661147842358,1.66666666666667,0.577350269189626,33.6666666666667,2.51661147842358,0.200989782886335,0.0257034181130777,0.761904761904762,0.0824786098842322,0.612121212121212,0.0457565723349743,0.317766533136552,0.0378122451291066,0.189294576391351,0.0266258715563906,0.43010752688172,0.0405905077165094
"confounded_blocks","grid","gaussian","hybrid",4,0.6,0.5,2,"plain_selectboost","feature","c0 = 0.7",3,7,0,25.6666666666667,1.52752523165195,6,0,19.6666666666667,1.52752523165195,1,0,35.3333333333333,1.52752523165195,0.234330484330484,0.0142271968343577,0.857142857142857,0,0.642424242424242,0.0277731860300354,0.367891438100167,0.0174708459432436,0.225502645502645,0.0131672702229064,0.413978494623656,0.0246375037363217
"confounded_blocks","grid","gaussian","hybrid",4,0.6,0.5,2,"plain_selectboost","feature","c0 = 0.9",3,7,0,22.3333333333333,5.5075705472861,6.66666666666667,0.577350269189626,15.6666666666667,5.5075705472861,0.333333333333333,0.577350269189626,39.3333333333333,5.5075705472861,0.311497326203209,0.0875744985837557,0.952380952380952,0.0824786098842323,0.715151515151515,0.100137646314293,0.465708812260536,0.102099012697907,0.307544757033248,0.0904206014445066,0.360215053763441,0.0888317830207436
"confounded_blocks","grid","gaussian","hybrid",4,0.6,0.5,2,"plain_selectboost","group","c0 = 0.3",3,3,0,4,0,3,0,1,0,0,0,0,0,0.75,0,1,0,0,0,0.857142857142857,0,0.75,0,1,0
"confounded_blocks","grid","gaussian","hybrid",4,0.6,0.5,2,"plain_selectboost","group","c0 = 0.5",3,3,0,4,0,3,0,1,0,0,0,0,0,0.75,0,1,0,0,0,0.857142857142857,0,0.75,0,1,0
"confounded_blocks","grid","gaussian","hybrid",4,0.6,0.5,2,"plain_selectboost","group","c0 = 0.7",3,3,0,4,0,3,0,1,0,0,0,0,0,0.75,0,1,0,0,0,0.857142857142857,0,0.75,0,1,0
"confounded_blocks","grid","gaussian","hybrid",4,0.6,0.5,2,"plain_selectboost","group","c0 = 0.9",3,3,0,3.66666666666667,0.577350269189626,3,0,0.666666666666667,0.577350269189626,0,0,0.333333333333333,0.577350269189626,0.833333333333333,0.144337567297406,1,0,0.333333333333333,0.577350269189626,0.904761904761905,0.0824786098842323,0.833333333333333,0.144337567297406,0.916666666666667,0.144337567297406
"confounded_blocks","grid","gaussian","hybrid",4,0.6,0.5,2,"selectboost","feature","c0 = 0.3",3,7,0,23.6666666666667,3.51188458428425,6.66666666666667,0.577350269189626,17,3,0.333333333333333,0.577350269189626,38,3,0.283641975308642,0.0215232140390261,0.952380952380952,0.0824786098842323,0.690909090909091,0.0545454545454546,0.435940684517535,0.02124159027831,0.278880070546737,0.0172507937914371,0.381720430107527,0.0566432997465201
"confounded_blocks","grid","gaussian","hybrid",4,0.6,0.5,2,"selectboost","feature","c0 = 0.5",3,7,0,20.3333333333333,2.88675134594813,6.66666666666667,0.577350269189626,13.6666666666667,2.3094010767585,0.333333333333333,0.577350269189626,41.3333333333333,2.3094010767585,0.329768270944742,0.0200683248648801,0.952380952380952,0.0824786098842323,0.751515151515152,0.0419891104865182,0.488505747126437,0.00995431498602802,0.323232323232323,0.00874773135135796,0.327956989247312,0.0465605055798086
"confounded_blocks","grid","gaussian","hybrid",4,0.6,0.5,2,"selectboost","feature","c0 = 0.7",3,7,0,21.6666666666667,2.51661147842358,6.33333333333333,0.577350269189626,15.3333333333333,2.08166599946613,0.666666666666667,0.577350269189626,39.6666666666667,2.08166599946613,0.29339447102605,0.0215830319636086,0.904761904761905,0.0824786098842323,0.721212121212121,0.0378484727175661,0.442314822737515,0.0251941566710434,0.284178743961353,0.0206118769499424,0.349462365591398,0.0405905077165094
"confounded_blocks","grid","gaussian","hybrid",4,0.6,0.5,2,"selectboost","feature","c0 = 0.9",3,7,0,18,3.60555127546399,6.66666666666667,0.577350269189626,11.3333333333333,3.21455025366432,0.333333333333333,0.577350269189626,43.6666666666667,3.21455025366432,0.376648841354724,0.0509744708177571,0.952380952380952,0.0824786098842323,0.793939393939394,0.0584463682484421,0.537182166492511,0.0507951020877824,0.36831550802139,0.0471481817502202,0.290322580645161,0.0581540528300643
"confounded_blocks","grid","gaussian","hybrid",4,0.6,0.5,2,"selectboost","group","c0 = 0.3",3,3,0,4,0,3,0,1,0,0,0,0,0,0.75,0,1,0,0,0,0.857142857142857,0,0.75,0,1,0
"confounded_blocks","grid","gaussian","hybrid",4,0.6,0.5,2,"selectboost","group","c0 = 0.5",3,3,0,4,0,3,0,1,0,0,0,0,0,0.75,0,1,0,0,0,0.857142857142857,0,0.75,0,1,0
"confounded_blocks","grid","gaussian","hybrid",4,0.6,0.5,2,"selectboost","group","c0 = 0.7",3,3,0,4,0,3,0,1,0,0,0,0,0,0.75,0,1,0,0,0,0.857142857142857,0,0.75,0,1,0
"confounded_blocks","grid","gaussian","hybrid",4,0.6,0.5,2,"selectboost","group","c0 = 0.9",3,3,0,3.66666666666667,0.577350269189626,3,0,0.666666666666667,0.577350269189626,0,0,0.333333333333333,0.577350269189626,0.833333333333333,0.144337567297406,1,0,0.333333333333333,0.577350269189626,0.904761904761905,0.0824786098842323,0.833333333333333,0.144337567297406,0.916666666666667,0.144337567297406
"confounded_blocks","grid","gaussian","hybrid",4,0.6,0.8,0,"plain_selectboost","feature","c0 = 0.3",3,10,0,28.3333333333333,2.08166599946613,9,1,19.3333333333333,1.52752523165195,1,1,32.6666666666667,1.52752523165195,0.317506631299735,0.0239712084006556,0.9,0.1,0.628205128205128,0.0293754852240759,0.469088319088319,0.0379749210118377,0.306954817522115,0.0328796145267967,0.456989247311828,0.0335752580559054
"confounded_blocks","grid","gaussian","hybrid",4,0.6,0.8,0,"plain_selectboost","feature","c0 = 0.5",3,10,0,25,3.46410161513775,8.66666666666667,1.52752523165195,16.3333333333333,4.04145188432738,1.33333333333333,1.52752523165195,35.6666666666667,4.04145188432738,0.352733686067019,0.0860229163898215,0.866666666666667,0.152752523165195,0.685897435897436,0.0777202285447573,0.49985469340308,0.107095595079146,0.337598204264871,0.0923482133691813,0.403225806451613,0.0558726066957703
"confounded_blocks","grid","gaussian","hybrid",4,0.6,0.8,0,"plain_selectboost","feature","c0 = 0.7",3,10,0,24.3333333333333,1.52752523165195,9.33333333333333,1.15470053837925,15,1,0.666666666666667,1.15470053837925,37,1,0.383036046079524,0.0344474539895962,0.933333333333333,0.115470053837925,0.711538461538462,0.0192307692307692,0.542879778173896,0.0528461406527154,0.373760683760684,0.0492390039409297,0.39247311827957,0.0246375037363217
"confounded_blocks","grid","gaussian","hybrid",4,0.6,0.8,0,"plain_selectboost","feature","c0 = 0.9",3,10,0,21,2.64575131106459,9,0,12,2.64575131106459,1,0,40,2.64575131106459,0.432894736842105,0.0515178209222418,0.9,0,0.769230769230769,0.0508798329050883,0.583367139959432,0.047858148176166,0.412857142857143,0.0470128076340124,0.338709677419355,0.0426734082429773
"confounded_blocks","grid","gaussian","hybrid",4,0.6,0.8,0,"plain_selectboost","group","c0 = 0.3",3,3,0,3.66666666666667,0.577350269189626,2.66666666666667,0.577350269189626,1,0,0.333333333333333,0.577350269189626,0,0,0.722222222222222,0.0481125224324688,0.888888888888889,0.192450089729875,0,0,0.793650793650794,0.109971479845643,0.666666666666667,0.144337567297406,0.916666666666667,0.144337567297406
"confounded_blocks","grid","gaussian","hybrid",4,0.6,0.8,0,"plain_selectboost","group","c0 = 0.5",3,3,0,4,0,3,0,1,0,0,0,0,0,0.75,0,1,0,0,0,0.857142857142857,0,0.75,0,1,0
"confounded_blocks","grid","gaussian","hybrid",4,0.6,0.8,0,"plain_selectboost","group","c0 = 0.7",3,3,0,4,0,3,0,1,0,0,0,0,0,0.75,0,1,0,0,0,0.857142857142857,0,0.75,0,1,0
"confounded_blocks","grid","gaussian","hybrid",4,0.6,0.8,0,"plain_selectboost","group","c0 = 0.9",3,3,0,4,0,3,0,1,0,0,0,0,0,0.75,0,1,0,0,0,0.857142857142857,0,0.75,0,1,0
"confounded_blocks","grid","gaussian","hybrid",4,0.6,0.8,0,"selectboost","feature","c0 = 0.3",3,10,0,25.6666666666667,6.02771377334171,9.33333333333333,1.15470053837925,16.3333333333333,5.13160143944688,0.666666666666667,1.15470053837925,35.6666666666667,5.13160143944688,0.370833333333333,0.0505181485540923,0.933333333333333,0.115470053837925,0.685897435897436,0.0986846430662863,0.526984126984127,0.0479354567318778,0.358712121212121,0.0439573500405738,0.413978494623656,0.0972211898926082
"confounded_blocks","grid","gaussian","hybrid",4,0.6,0.8,0,"selectboost","feature","c0 = 0.5",3,10,0,25.6666666666667,4.04145188432738,9.33333333333333,1.15470053837925,16.3333333333333,3.21455025366432,0.666666666666667,1.15470053837925,35.6666666666667,3.21455025366432,0.365656565656566,0.0333792154380976,0.933333333333333,0.115470053837925,0.685897435897436,0.0618182741089292,0.523809523809524,0.0412393049421161,0.355555555555556,0.0384900179459751,0.413978494623656,0.0651847078117319
"confounded_blocks","grid","gaussian","hybrid",4,0.6,0.8,0,"selectboost","feature","c0 = 0.7",3,10,0,23.3333333333333,2.3094010767585,9,1,14.3333333333333,1.52752523165195,1,1,37.6666666666667,1.52752523165195,0.385780885780886,0.0227496751700969,0.9,0.1,0.724358974358974,0.0293754852240759,0.539351851851852,0.0342561309883073,0.369751021924935,0.0317154786969184,0.376344086021505,0.0372484044638468
"confounded_blocks","grid","gaussian","hybrid",4,0.6,0.8,0,"selectboost","feature","c0 = 0.9",3,10,0,21,1.73205080756888,9.33333333333333,0.577350269189626,11.6666666666667,1.52752523165195,0.666666666666667,0.577350269189626,40.3333333333333,1.52752523165195,0.445773524720893,0.0331780607060841,0.933333333333333,0.0577350269189626,0.775641025641026,0.0293754852240759,0.602729885057471,0.0349066971645297,0.431949934123847,0.0352734043348909,0.338709677419355,0.0279363033478851
"confounded_blocks","grid","gaussian","hybrid",4,0.6,0.8,0,"selectboost","group","c0 = 0.3",3,3,0,4,0,3,0,1,0,0,0,0,0,0.75,0,1,0,0,0,0.857142857142857,0,0.75,0,1,0
"confounded_blocks","grid","gaussian","hybrid",4,0.6,0.8,0,"selectboost","group","c0 = 0.5",3,3,0,4,0,3,0,1,0,0,0,0,0,0.75,0,1,0,0,0,0.857142857142857,0,0.75,0,1,0
"confounded_blocks","grid","gaussian","hybrid",4,0.6,0.8,0,"selectboost","group","c0 = 0.7",3,3,0,4,0,3,0,1,0,0,0,0,0,0.75,0,1,0,0,0,0.857142857142857,0,0.75,0,1,0
"confounded_blocks","grid","gaussian","hybrid",4,0.6,0.8,0,"selectboost","group","c0 = 0.9",3,3,0,4,0,3,0,1,0,0,0,0,0,0.75,0,1,0,0,0,0.857142857142857,0,0.75,0,1,0
"confounded_blocks","grid","gaussian","hybrid",4,0.6,0.8,2,"plain_selectboost","feature","c0 = 0.3",3,10,0,33,3.46410161513775,9.33333333333333,1.15470053837925,23.6666666666667,4.61880215351701,0.666666666666667,1.15470053837925,28.3333333333333,4.61880215351701,0.287125835512932,0.0614095316836393,0.933333333333333,0.115470053837925,0.544871794871795,0.0888231183368655,0.438678429337485,0.0850895051633906,0.283429831816929,0.0678111978700801,0.532258064516129,0.0558726066957703
"confounded_blocks","grid","gaussian","hybrid",4,0.6,0.8,2,"plain_selectboost","feature","c0 = 0.5",3,10,0,31.6666666666667,4.72581562625261,8.66666666666667,0.577350269189626,23,4.58257569495584,1.33333333333333,0.577350269189626,29,4.58257569495584,0.277112827112827,0.0401257783340344,0.866666666666667,0.0577350269189626,0.557692307692308,0.0881264556722277,0.418887644643524,0.0482123292182362,0.265728977616455,0.0391945544670305,0.510752688172043,0.0762228326814937
"confounded_blocks","grid","gaussian","hybrid",4,0.6,0.8,2,"plain_selectboost","feature","c0 = 0.7",3,10,0,29.3333333333333,1.15470053837925,9.33333333333333,1.15470053837925,20,2,0.666666666666667,1.15470053837925,32,2,0.319047619047619,0.0468993228656957,0.933333333333333,0.115470053837925,0.615384615384615,0.0384615384615385,0.475438596491228,0.0666435786428862,0.313492063492063,0.0562597098363406,0.473118279569892,0.0186242022319234
"confounded_blocks","grid","gaussian","hybrid",4,0.6,0.8,2,"plain_selectboost","feature","c0 = 0.9",3,10,0,24,1.73205080756888,7.66666666666667,0.577350269189626,16.3333333333333,2.08166599946613,2.33333333333333,0.577350269189626,35.6666666666667,2.08166599946613,0.321212121212121,0.0418313549739088,0.766666666666667,0.0577350269189626,0.685897435897436,0.0400320384512717,0.452380952380952,0.0501697797754893,0.29320987654321,0.0417523125261379,0.387096774193548,0.0279363033478851
"confounded_blocks","grid","gaussian","hybrid",4,0.6,0.8,2,"plain_selectboost","group","c0 = 0.3",3,3,0,4,0,3,0,1,0,0,0,0,0,0.75,0,1,0,0,0,0.857142857142857,0,0.75,0,1,0
"confounded_blocks","grid","gaussian","hybrid",4,0.6,0.8,2,"plain_selectboost","group","c0 = 0.5",3,3,0,4,0,3,0,1,0,0,0,0,0,0.75,0,1,0,0,0,0.857142857142857,0,0.75,0,1,0
"confounded_blocks","grid","gaussian","hybrid",4,0.6,0.8,2,"plain_selectboost","group","c0 = 0.7",3,3,0,4,0,3,0,1,0,0,0,0,0,0.75,0,1,0,0,0,0.857142857142857,0,0.75,0,1,0
"confounded_blocks","grid","gaussian","hybrid",4,0.6,0.8,2,"plain_selectboost","group","c0 = 0.9",3,3,0,4,0,3,0,1,0,0,0,0,0,0.75,0,1,0,0,0,0.857142857142857,0,0.75,0,1,0
"confounded_blocks","grid","gaussian","hybrid",4,0.6,0.8,2,"selectboost","feature","c0 = 0.3",3,10,0,25.6666666666667,3.78593889720018,8.33333333333333,1.15470053837925,17.3333333333333,4.93288286231625,1.66666666666667,1.15470053837925,34.6666666666667,4.93288286231625,0.333212560386473,0.086881257685752,0.833333333333333,0.115470053837925,0.666666666666667,0.0948631319676201,0.474955436720143,0.108511467495277,0.315707070707071,0.0900209563058909,0.413978494623656,0.061063530600003
"confounded_blocks","grid","gaussian","hybrid",4,0.6,0.8,2,"selectboost","feature","c0 = 0.5",3,10,0,26,1,9,1,17,2,1,1,35,2,0.347483380816714,0.051864634263448,0.9,0.1,0.673076923076923,0.0384615384615385,0.501287001287001,0.0695070064323954,0.33639846743295,0.0621257013293772,0.419354838709677,0.0161290322580645
"confounded_blocks","grid","gaussian","hybrid",4,0.6,0.8,2,"selectboost","feature","c0 = 0.7",3,10,0,23.6666666666667,5.03322295684717,8.66666666666667,0.577350269189626,15,5,1.33333333333333,0.577350269189626,37,5,0.377285041689681,0.0855617380333736,0.866666666666667,0.0577350269189626,0.711538461538462,0.0961538461538461,0.522358867186453,0.0859508417418549,0.356666666666667,0.0814452781524708,0.381720430107527,0.0811810154330188
"confounded_blocks","grid","gaussian","hybrid",4,0.6,0.8,2,"selectboost","feature","c0 = 0.9",3,10,0,20,1,7.66666666666667,1.15470053837925,12.3333333333333,1.52752523165195,2.33333333333333,1.15470053837925,39.6666666666667,1.52752523165195,0.383918128654971,0.0598573078390088,0.766666666666667,0.115470053837925,0.762820512820513,0.0293754852240759,0.511457174638487,0.0782456891549559,0.346139971139971,0.072608347975102,0.32258064516129,0.0161290322580645
"confounded_blocks","grid","gaussian","hybrid",4,0.6,0.8,2,"selectboost","group","c0 = 0.3",3,3,0,4,0,3,0,1,0,0,0,0,0,0.75,0,1,0,0,0,0.857142857142857,0,0.75,0,1,0
"confounded_blocks","grid","gaussian","hybrid",4,0.6,0.8,2,"selectboost","group","c0 = 0.5",3,3,0,4,0,3,0,1,0,0,0,0,0,0.75,0,1,0,0,0,0.857142857142857,0,0.75,0,1,0
"confounded_blocks","grid","gaussian","hybrid",4,0.6,0.8,2,"selectboost","group","c0 = 0.7",3,3,0,4,0,3,0,1,0,0,0,0,0,0.75,0,1,0,0,0,0.857142857142857,0,0.75,0,1,0
"confounded_blocks","grid","gaussian","hybrid",4,0.6,0.8,2,"selectboost","group","c0 = 0.9",3,3,0,3.66666666666667,0.577350269189626,3,0,0.666666666666667,0.577350269189626,0,0,0.333333333333333,0.577350269189626,0.833333333333333,0.144337567297406,1,0,0.333333333333333,0.577350269189626,0.904761904761905,0.0824786098842323,0.833333333333333,0.144337567297406,0.916666666666667,0.144337567297406
"confounded_blocks","grid","gaussian","hybrid",4,1,0.5,0,"plain_selectboost","feature","c0 = 0.3",3,7,0,31.3333333333333,6.65832811847939,6,0,25.3333333333333,6.65832811847939,1,0,29.6666666666667,6.65832811847939,0.197993447993448,0.0460988163176356,0.857142857142857,0,0.539393939393939,0.12106051124508,0.319941348973607,0.059735573702581,0.191455108359133,0.0430548538734379,0.505376344086022,0.107392389007732
"confounded_blocks","grid","gaussian","hybrid",4,1,0.5,0,"plain_selectboost","feature","c0 = 0.5",3,7,0,25.6666666666667,6.42910050732864,7,0,18.6666666666667,6.42910050732864,0,0,36.3333333333333,6.42910050732864,0.283267457180501,0.0632959797073218,1,0,0.660606060606061,0.116892736496884,0.438888888888889,0.0787635937708768,0.283267457180501,0.0632959797073218,0.413978494623656,0.103695169473043
"confounded_blocks","grid","gaussian","hybrid",4,1,0.5,0,"plain_selectboost","feature","c0 = 0.7",3,7,0,22.3333333333333,0.577350269189626,6.66666666666667,0.577350269189626,15.6666666666667,0.577350269189626,0.333333333333333,0.577350269189626,39.3333333333333,0.577350269189626,0.298418972332016,0.0233000516255961,0.952380952380952,0.0824786098842323,0.715151515151515,0.0104972776216296,0.454406130268199,0.0360804823509381,0.294466403162055,0.0299066125502402,0.360215053763441,0.0093121011159617
"confounded_blocks","grid","gaussian","hybrid",4,1,0.5,0,"plain_selectboost","feature","c0 = 0.9",3,7,0,22.6666666666667,5.5075705472861,6.33333333333333,1.15470053837925,16.3333333333333,4.93288286231625,0.666666666666667,1.15470053837925,38.6666666666667,4.93288286231625,0.284845735027223,0.0574663846751919,0.904761904761905,0.164957219768465,0.703030303030303,0.0896887793148409,0.430674264007597,0.0761053578772778,0.276491516146689,0.0636813880301344,0.365591397849462,0.0888317830207436
"confounded_blocks","grid","gaussian","hybrid",4,1,0.5,0,"plain_selectboost","group","c0 = 0.3",3,3,0,4,0,3,0,1,0,0,0,0,0,0.75,0,1,0,0,0,0.857142857142857,0,0.75,0,1,0
"confounded_blocks","grid","gaussian","hybrid",4,1,0.5,0,"plain_selectboost","group","c0 = 0.5",3,3,0,4,0,3,0,1,0,0,0,0,0,0.75,0,1,0,0,0,0.857142857142857,0,0.75,0,1,0
"confounded_blocks","grid","gaussian","hybrid",4,1,0.5,0,"plain_selectboost","group","c0 = 0.7",3,3,0,4,0,3,0,1,0,0,0,0,0,0.75,0,1,0,0,0,0.857142857142857,0,0.75,0,1,0
"confounded_blocks","grid","gaussian","hybrid",4,1,0.5,0,"plain_selectboost","group","c0 = 0.9",3,3,0,4,0,3,0,1,0,0,0,0,0,0.75,0,1,0,0,0,0.857142857142857,0,0.75,0,1,0
"confounded_blocks","grid","gaussian","hybrid",4,1,0.5,0,"selectboost","feature","c0 = 0.3",3,7,0,27,4.58257569495584,6.66666666666667,0.577350269189626,20.3333333333333,4.50924975282289,0.333333333333333,0.577350269189626,34.6666666666667,4.50924975282289,0.251289018952062,0.046341592959289,0.952380952380952,0.0824786098842323,0.63030303030303,0.0819863591422345,0.396425796425796,0.0608750232937386,0.24844001610306,0.0484486996181195,0.435483870967742,0.0739125112089652
"confounded_blocks","grid","gaussian","hybrid",4,1,0.5,0,"selectboost","feature","c0 = 0.5",3,7,0,23.6666666666667,3.05505046330389,6.66666666666667,0.577350269189626,17,2.64575131106459,0.333333333333333,0.577350269189626,38,2.64575131106459,0.283107123686834,0.0226570669995472,0.952380952380952,0.0824786098842323,0.690909090909091,0.0481045692920835,0.435667600373483,0.0281304650721203,0.278778119357829,0.0231452862015967,0.381720430107527,0.0492750074726434
"confounded_blocks","grid","gaussian","hybrid",4,1,0.5,0,"selectboost","feature","c0 = 0.7",3,7,0,21,2.64575131106459,6.33333333333333,0.577350269189626,14.6666666666667,2.3094010767585,0.666666666666667,0.577350269189626,40.3333333333333,2.3094010767585,0.303469477382521,0.0303125760680499,0.904761904761905,0.0824786098842323,0.733333333333333,0.0419891104865183,0.453486590038314,0.0350160549276986,0.293668954996186,0.0289754689751679,0.338709677419355,0.0426734082429773
"confounded_blocks","grid","gaussian","hybrid",4,1,0.5,0,"selectboost","feature","c0 = 0.9",3,7,0,20,2.64575131106459,6,1,14,3,1,1,41,3,0.304305449614374,0.0732603423594686,0.857142857142857,0.142857142857143,0.745454545454545,0.0545454545454546,0.448205128205128,0.0971223023684931,0.292328042328042,0.0838357242195282,0.32258064516129,0.0426734082429773
"confounded_blocks","grid","gaussian","hybrid",4,1,0.5,0,"selectboost","group","c0 = 0.3",3,3,0,4,0,3,0,1,0,0,0,0,0,0.75,0,1,0,0,0,0.857142857142857,0,0.75,0,1,0
"confounded_blocks","grid","gaussian","hybrid",4,1,0.5,0,"selectboost","group","c0 = 0.5",3,3,0,4,0,3,0,1,0,0,0,0,0,0.75,0,1,0,0,0,0.857142857142857,0,0.75,0,1,0
"confounded_blocks","grid","gaussian","hybrid",4,1,0.5,0,"selectboost","group","c0 = 0.7",3,3,0,4,0,3,0,1,0,0,0,0,0,0.75,0,1,0,0,0,0.857142857142857,0,0.75,0,1,0
"confounded_blocks","grid","gaussian","hybrid",4,1,0.5,0,"selectboost","group","c0 = 0.9",3,3,0,4,0,3,0,1,0,0,0,0,0,0.75,0,1,0,0,0,0.857142857142857,0,0.75,0,1,0
"confounded_blocks","grid","gaussian","hybrid",4,1,0.5,2,"plain_selectboost","feature","c0 = 0.3",3,7,0,29.3333333333333,4.50924975282289,6.66666666666667,0.577350269189626,22.6666666666667,5.03322295684717,0.333333333333333,0.577350269189626,32.3333333333333,5.03322295684717,0.232616632860041,0.052318000369025,0.952380952380952,0.0824786098842323,0.587878787878788,0.0915131446699485,0.373023938572719,0.0737005336265292,0.230935960591133,0.0550339571634523,0.473118279569892,0.0727298347229499
"confounded_blocks","grid","gaussian","hybrid",4,1,0.5,2,"plain_selectboost","feature","c0 = 0.5",3,7,0,33,6.08276253029822,6.33333333333333,0.577350269189626,26.6666666666667,6.42910050732864,0.666666666666667,0.577350269189626,28.3333333333333,6.42910050732864,0.197126436781609,0.0457573776996852,0.904761904761905,0.0824786098842323,0.515151515151515,0.116892736496884,0.322844120716461,0.0667971714206505,0.193756386952079,0.0475192648852713,0.532258064516129,0.0981090730693261
"confounded_blocks","grid","gaussian","hybrid",4,1,0.5,2,"plain_selectboost","feature","c0 = 0.7",3,7,0,31,2.64575131106459,6.33333333333333,0.577350269189626,24.6666666666667,2.08166599946613,0.666666666666667,0.577350269189626,30.3333333333333,2.08166599946613,0.204259634888438,0.00372364295145756,0.904761904761905,0.0824786098842323,0.551515151515152,0.0378484727175661,0.333040357430601,0.00857330043342382,0.199810246679317,0.00616917199506977,0.5,0.0426734082429773
"confounded_blocks","grid","gaussian","hybrid",4,1,0.5,2,"plain_selectboost","feature","c0 = 0.9",3,7,0,21.3333333333333,3.05505046330389,5.66666666666667,1.15470053837925,15.6666666666667,2.3094010767585,1.33333333333333,1.15470053837925,39.3333333333333,2.3094010767585,0.265572390572391,0.0338876594838395,0.80952380952381,0.164957219768465,0.715151515151515,0.0419891104865183,0.398813496477568,0.0534025451234661,0.25,0.0416666666666667,0.344086021505376,0.0492750074726434
"confounded_blocks","grid","gaussian","hybrid",4,1,0.5,2,"plain_selectboost","group","c0 = 0.3",3,3,0,4,0,3,0,1,0,0,0,0,0,0.75,0,1,0,0,0,0.857142857142857,0,0.75,0,1,0
"confounded_blocks","grid","gaussian","hybrid",4,1,0.5,2,"plain_selectboost","group","c0 = 0.5",3,3,0,4,0,3,0,1,0,0,0,0,0,0.75,0,1,0,0,0,0.857142857142857,0,0.75,0,1,0
"confounded_blocks","grid","gaussian","hybrid",4,1,0.5,2,"plain_selectboost","group","c0 = 0.7",3,3,0,4,0,3,0,1,0,0,0,0,0,0.75,0,1,0,0,0,0.857142857142857,0,0.75,0,1,0
"confounded_blocks","grid","gaussian","hybrid",4,1,0.5,2,"plain_selectboost","group","c0 = 0.9",3,3,0,4,0,3,0,1,0,0,0,0,0,0.75,0,1,0,0,0,0.857142857142857,0,0.75,0,1,0
"confounded_blocks","grid","gaussian","hybrid",4,1,0.5,2,"selectboost","feature","c0 = 0.3",3,7,0,23.3333333333333,7.02376916856849,5.66666666666667,0.577350269189626,17.6666666666667,6.50640709864771,1.33333333333333,0.577350269189626,37.3333333333333,6.50640709864771,0.254166666666667,0.0563656219102862,0.80952380952381,0.0824786098842322,0.678787878787879,0.118298310884504,0.382067902404508,0.0554005894388068,0.237108721624851,0.0421890647159337,0.376344086021505,0.11328659949304
"confounded_blocks","grid","gaussian","hybrid",4,1,0.5,2,"selectboost","feature","c0 = 0.5",3,7,0,24,2,6,1,18,1,1,1,37,1,0.248834498834499,0.0210032882178789,0.857142857142857,0.142857142857143,0.672727272727273,0.0181818181818182,0.38538892821429,0.0397349553726807,0.239188034188034,0.0304568365245051,0.387096774193548,0.032258064516129
"confounded_blocks","grid","gaussian","hybrid",4,1,0.5,2,"selectboost","feature","c0 = 0.7",3,7,0,23.6666666666667,3.05505046330389,6,1,17.6666666666667,2.51661147842358,1,1,37.3333333333333,2.51661147842358,0.254121616440457,0.0344500214223531,0.857142857142857,0.142857142857143,0.678787878787879,0.0457565723349743,0.391223155929038,0.0508334550469326,0.243995510662177,0.0386917376905324,0.381720430107527,0.0492750074726434
"confounded_blocks","grid","gaussian","hybrid",4,1,0.5,2,"selectboost","feature","c0 = 0.9",3,7,0,22.3333333333333,2.08166599946613,6,1,16.3333333333333,1.52752523165195,1,1,38.6666666666667,1.52752523165195,0.268115942028986,0.0313777320211753,0.857142857142857,0.142857142857143,0.703030303030303,0.0277731860300354,0.408044603743528,0.0514524328116493,0.257206851119895,0.0413182708786617,0.360215053763441,0.0335752580559054
"confounded_blocks","grid","gaussian","hybrid",4,1,0.5,2,"selectboost","group","c0 = 0.3",3,3,0,4,0,3,0,1,0,0,0,0,0,0.75,0,1,0,0,0,0.857142857142857,0,0.75,0,1,0
"confounded_blocks","grid","gaussian","hybrid",4,1,0.5,2,"selectboost","group","c0 = 0.5",3,3,0,4,0,3,0,1,0,0,0,0,0,0.75,0,1,0,0,0,0.857142857142857,0,0.75,0,1,0
"confounded_blocks","grid","gaussian","hybrid",4,1,0.5,2,"selectboost","group","c0 = 0.7",3,3,0,4,0,3,0,1,0,0,0,0,0,0.75,0,1,0,0,0,0.857142857142857,0,0.75,0,1,0
"confounded_blocks","grid","gaussian","hybrid",4,1,0.5,2,"selectboost","group","c0 = 0.9",3,3,0,4,0,3,0,1,0,0,0,0,0,0.75,0,1,0,0,0,0.857142857142857,0,0.75,0,1,0
"confounded_blocks","grid","gaussian","hybrid",4,1,0.8,0,"plain_selectboost","feature","c0 = 0.3",3,10,0,20.6666666666667,1.15470053837925,8,1.73205080756888,12.6666666666667,2.51661147842358,2,1.73205080756888,39.3333333333333,2.51661147842358,0.389393939393939,0.0970998180000734,0.8,0.173205080756888,0.756410256410256,0.0483963745850689,0.523611111111111,0.124745110495733,0.361449275362319,0.120604442836946,0.333333333333333,0.0186242022319234
"confounded_blocks","grid","gaussian","hybrid",4,1,0.8,0,"plain_selectboost","feature","c0 = 0.5",3,10,0,24.6666666666667,2.08166599946613,10,0,14.6666666666667,2.08166599946613,0,0,37.3333333333333,2.08166599946613,0.40727321524423,0.0332176430340488,1,0,0.717948717948718,0.0400320384512717,0.578278813572931,0.0338757785898184,0.40727321524423,0.0332176430340488,0.397849462365591,0.0335752580559054
"confounded_blocks","grid","gaussian","hybrid",4,1,0.8,0,"plain_selectboost","feature","c0 = 0.7",3,10,0,22.3333333333333,2.08166599946613,9.33333333333333,0.577350269189626,13,1.73205080756888,0.666666666666667,0.577350269189626,39,1.73205080756888,0.419323671497585,0.0294378948301995,0.933333333333333,0.0577350269189626,0.75,0.0333086693763246,0.577896613190731,0.0287048409745464,0.406746031746032,0.0281298549181703,0.360215053763441,0.0335752580559054
"confounded_blocks","grid","gaussian","hybrid",4,1,0.8,0,"plain_selectboost","feature","c0 = 0.9",3,10,0,19.6666666666667,2.51661147842358,9.33333333333333,1.15470053837925,10.3333333333333,2.88675134594813,0.666666666666667,1.15470053837925,41.6666666666667,2.88675134594813,0.480926916221034,0.0968510073669568,0.933333333333333,0.115470053837925,0.801282051282051,0.0555144489605409,0.633024691358025,0.103936302201922,0.468805704099822,0.112976483974979,0.317204301075269,0.0405905077165094
"confounded_blocks","grid","gaussian","hybrid",4,1,0.8,0,"plain_selectboost","group","c0 = 0.3",3,3,0,3.66666666666667,0.577350269189626,2.66666666666667,0.577350269189626,1,0,0.333333333333333,0.577350269189626,0,0,0.722222222222222,0.0481125224324688,0.888888888888889,0.192450089729875,0,0,0.793650793650794,0.109971479845643,0.666666666666667,0.144337567297406,0.916666666666667,0.144337567297406
"confounded_blocks","grid","gaussian","hybrid",4,1,0.8,0,"plain_selectboost","group","c0 = 0.5",3,3,0,4,0,3,0,1,0,0,0,0,0,0.75,0,1,0,0,0,0.857142857142857,0,0.75,0,1,0
"confounded_blocks","grid","gaussian","hybrid",4,1,0.8,0,"plain_selectboost","group","c0 = 0.7",3,3,0,4,0,3,0,1,0,0,0,0,0,0.75,0,1,0,0,0,0.857142857142857,0,0.75,0,1,0
"confounded_blocks","grid","gaussian","hybrid",4,1,0.8,0,"plain_selectboost","group","c0 = 0.9",3,3,0,4,0,3,0,1,0,0,0,0,0,0.75,0,1,0,0,0,0.857142857142857,0,0.75,0,1,0
"confounded_blocks","grid","gaussian","hybrid",4,1,0.8,0,"selectboost","feature","c0 = 0.3",3,10,0,26.3333333333333,1.15470053837925,9,1,17.3333333333333,2.08166599946613,1,1,34.6666666666667,2.08166599946613,0.34320987654321,0.0525525843303525,0.9,0.1,0.666666666666667,0.0400320384512718,0.496782496782497,0.0700677353349612,0.332430213464696,0.062795967832328,0.424731182795699,0.0186242022319234
"confounded_blocks","grid","gaussian","hybrid",4,1,0.8,0,"selectboost","feature","c0 = 0.5",3,10,0,22,2.64575131106459,8.33333333333333,1.15470053837925,13.6666666666667,1.52752523165195,1.66666666666667,1.15470053837925,38.3333333333333,1.52752523165195,0.378241800152555,0.0117810547452925,0.833333333333333,0.115470053837925,0.737179487179487,0.0293754852240759,0.519208310283361,0.0325695810096714,0.351060606060606,0.0294450508453245,0.354838709677419,0.0426734082429773
"confounded_blocks","grid","gaussian","hybrid",4,1,0.8,0,"selectboost","feature","c0 = 0.7",3,10,0,22,0,9.33333333333333,0.577350269189626,12.6666666666667,0.577350269189626,0.666666666666667,0.577350269189626,39.3333333333333,0.577350269189626,0.424242424242424,0.0262431940540739,0.933333333333333,0.0577350269189626,0.756410256410256,0.0111028897921082,0.583333333333333,0.0360843918243515,0.412384716732543,0.0365122699882767,0.354838709677419,0
"confounded_blocks","grid","gaussian","hybrid",4,1,0.8,0,"selectboost","feature","c0 = 0.9",3,10,0,17.3333333333333,1.52752523165195,8.33333333333333,1.52752523165195,9,2.64575131106459,1.66666666666667,1.52752523165195,43,2.64575131106459,0.4859391124871,0.120519766917477,0.833333333333333,0.152752523165195,0.826923076923077,0.0508798329050883,0.613157808560107,0.136179036857813,0.451984126984127,0.150633268929008,0.279569892473118,0.0246375037363217
"confounded_blocks","grid","gaussian","hybrid",4,1,0.8,0,"selectboost","group","c0 = 0.3",3,3,0,4,0,3,0,1,0,0,0,0,0,0.75,0,1,0,0,0,0.857142857142857,0,0.75,0,1,0
"confounded_blocks","grid","gaussian","hybrid",4,1,0.8,0,"selectboost","group","c0 = 0.5",3,3,0,4,0,3,0,1,0,0,0,0,0,0.75,0,1,0,0,0,0.857142857142857,0,0.75,0,1,0
"confounded_blocks","grid","gaussian","hybrid",4,1,0.8,0,"selectboost","group","c0 = 0.7",3,3,0,4,0,3,0,1,0,0,0,0,0,0.75,0,1,0,0,0,0.857142857142857,0,0.75,0,1,0
"confounded_blocks","grid","gaussian","hybrid",4,1,0.8,0,"selectboost","group","c0 = 0.9",3,3,0,4,0,3,0,1,0,0,0,0,0,0.75,0,1,0,0,0,0.857142857142857,0,0.75,0,1,0
"confounded_blocks","grid","gaussian","hybrid",4,1,0.8,2,"plain_selectboost","feature","c0 = 0.3",3,10,0,32.3333333333333,2.08166599946613,8.66666666666667,2.3094010767585,23.6666666666667,3.51188458428425,1.33333333333333,2.3094010767585,28.3333333333333,3.51188458428425,0.269756387403446,0.078640406367607,0.866666666666667,0.23094010767585,0.544871794871795,0.0675362420054663,0.411205073995772,0.116667619133125,0.26320438085144,0.0896750521646574,0.521505376344086,0.0335752580559053
"confounded_blocks","grid","gaussian","hybrid",4,1,0.8,2,"plain_selectboost","feature","c0 = 0.5",3,10,0,32.6666666666667,5.85946527708232,9,1,23.6666666666667,5.77350269189626,1,1,28.3333333333333,5.77350269189626,0.281665181665182,0.059613666515363,0.9,0.1,0.544871794871795,0.111028897921082,0.427029156816391,0.0722338610538543,0.273273273273273,0.0586162801679974,0.526881720430108,0.0945075044690696
"confounded_blocks","grid","gaussian","hybrid",4,1,0.8,2,"plain_selectboost","feature","c0 = 0.7",3,10,0,28.6666666666667,1.52752523165195,8.66666666666667,0.577350269189626,20,2,1.33333333333333,0.577350269189626,32,2,0.303448275862069,0.0338641835923132,0.866666666666667,0.0577350269189626,0.615384615384615,0.0384615384615385,0.449341649341649,0.0445146016158466,0.29047619047619,0.0366542959960492,0.462365591397849,0.0246375037363217
"confounded_blocks","grid","gaussian","hybrid",4,1,0.8,2,"plain_selectboost","feature","c0 = 0.9",3,10,0,19.3333333333333,1.52752523165195,6.33333333333333,0.577350269189626,13,2,3.66666666666667,0.577350269189626,39,2,0.330130882762462,0.0530613484169176,0.633333333333333,0.0577350269189626,0.75,0.0384615384615384,0.433629959213941,0.0590077133464475,0.278067632850242,0.0489857930986714,0.311827956989247,0.0246375037363217
"confounded_blocks","grid","gaussian","hybrid",4,1,0.8,2,"plain_selectboost","group","c0 = 0.3",3,3,0,4,0,3,0,1,0,0,0,0,0,0.75,0,1,0,0,0,0.857142857142857,0,0.75,0,1,0
"confounded_blocks","grid","gaussian","hybrid",4,1,0.8,2,"plain_selectboost","group","c0 = 0.5",3,3,0,4,0,3,0,1,0,0,0,0,0,0.75,0,1,0,0,0,0.857142857142857,0,0.75,0,1,0
"confounded_blocks","grid","gaussian","hybrid",4,1,0.8,2,"plain_selectboost","group","c0 = 0.7",3,3,0,4,0,3,0,1,0,0,0,0,0,0.75,0,1,0,0,0,0.857142857142857,0,0.75,0,1,0
"confounded_blocks","grid","gaussian","hybrid",4,1,0.8,2,"plain_selectboost","group","c0 = 0.9",3,3,0,4,0,3,0,1,0,0,0,0,0,0.75,0,1,0,0,0,0.857142857142857,0,0.75,0,1,0
"confounded_blocks","grid","gaussian","hybrid",4,1,0.8,2,"selectboost","feature","c0 = 0.3",3,10,0,26.3333333333333,3.78593889720018,9,0,17.3333333333333,3.78593889720018,1,0,34.6666666666667,3.78593889720018,0.346954769368563,0.0540960926415857,0.9,0,0.666666666666667,0.0728065172538497,0.499240890688259,0.0551195608455391,0.333883058470765,0.0499965720611706,0.424731182795699,0.0610635306000029
"confounded_blocks","grid","gaussian","hybrid",4,1,0.8,2,"selectboost","feature","c0 = 0.5",3,10,0,23.3333333333333,3.21455025366432,8.66666666666667,1.52752523165195,14.6666666666667,2.51661147842358,1.33333333333333,1.52752523165195,37.3333333333333,2.51661147842358,0.372374539041206,0.055222088330109,0.866666666666667,0.152752523165195,0.717948717948718,0.0483963745850689,0.519561900610288,0.07384247964553,0.353153759820427,0.0662451844408382,0.376344086021505,0.0518475847365213
"confounded_blocks","grid","gaussian","hybrid",4,1,0.8,2,"selectboost","feature","c0 = 0.7",3,10,0,26.6666666666667,5.85946527708232,8,1,18.6666666666667,5.13160143944688,2,1,33.3333333333333,5.13160143944688,0.30613644790508,0.0461119956551724,0.8,0.1,0.641025641025641,0.0986846430662862,0.439483010214718,0.0427193389797757,0.2822573561704,0.0345649187899571,0.43010752688172,0.0945075044690696
"confounded_blocks","grid","gaussian","hybrid",4,1,0.8,2,"selectboost","feature","c0 = 0.9",3,10,0,21.6666666666667,1.52752523165195,8.33333333333333,2.08166599946613,13.3333333333333,3.21455025366432,1.66666666666667,2.08166599946613,38.6666666666667,3.21455025366432,0.388471673254282,0.110530035605033,0.833333333333333,0.208166599946613,0.743589743589744,0.0618182741089292,0.529545454545455,0.144224199892774,0.368446368446368,0.127298029091421,0.349462365591398,0.0246375037363217
"confounded_blocks","grid","gaussian","hybrid",4,1,0.8,2,"selectboost","group","c0 = 0.3",3,3,0,4,0,3,0,1,0,0,0,0,0,0.75,0,1,0,0,0,0.857142857142857,0,0.75,0,1,0
"confounded_blocks","grid","gaussian","hybrid",4,1,0.8,2,"selectboost","group","c0 = 0.5",3,3,0,4,0,3,0,1,0,0,0,0,0,0.75,0,1,0,0,0,0.857142857142857,0,0.75,0,1,0
"confounded_blocks","grid","gaussian","hybrid",4,1,0.8,2,"selectboost","group","c0 = 0.7",3,3,0,4,0,3,0,1,0,0,0,0,0,0.75,0,1,0,0,0,0.857142857142857,0,0.75,0,1,0
"confounded_blocks","grid","gaussian","hybrid",4,1,0.8,2,"selectboost","group","c0 = 0.9",3,3,0,3.66666666666667,0.577350269189626,3,0,0.666666666666667,0.577350269189626,0,0,0.333333333333333,0.577350269189626,0.833333333333333,0.144337567297406,1,0,0.333333333333333,0.577350269189626,0.904761904761905,0.0824786098842323,0.833333333333333,0.144337567297406,0.916666666666667,0.144337567297406
"confounded_blocks","grid","gaussian","interval",4,0.6,0.5,0,"plain_selectboost","feature","c0 = 0.3",3,7,0,34,5.19615242270663,7,0,27,5.19615242270663,0,0,28,5.19615242270663,0.209459459459459,0.035109137991261,1,0,0.509090909090909,0.094475498594666,0.345454545454545,0.047237749297333,0.209459459459459,0.035109137991261,0.548387096774194,0.0838089100436554
"confounded_blocks","grid","gaussian","interval",4,0.6,0.5,0,"plain_selectboost","feature","c0 = 0.5",3,7,0,30,3.60555127546399,7,0,23,3.60555127546399,0,0,32,3.60555127546399,0.235719477654962,0.0298173849003452,1,0,0.581818181818182,0.0655554777357089,0.380887825624668,0.0386594065007979,0.235719477654962,0.0298173849003452,0.483870967741935,0.0581540528300643
"confounded_blocks","grid","gaussian","interval",4,0.6,0.5,0,"plain_selectboost","feature","c0 = 0.7",3,7,0,23,2,7,0,16,2,0,0,39,2,0.305893719806763,0.0267002519024786,1,0,0.709090909090909,0.0363636363636364,0.468055555555556,0.0312731395811047,0.305893719806763,0.0267002519024786,0.370967741935484,0.032258064516129
"confounded_blocks","grid","gaussian","interval",4,0.6,0.5,0,"plain_selectboost","feature","c0 = 0.9",3,7,0,21.6666666666667,5.68624070307733,7,0,14.6666666666667,5.68624070307733,0,0,40.3333333333333,5.68624070307733,0.337254901960784,0.0816319983849651,1,0,0.733333333333333,0.103386194601406,0.500617283950617,0.0929683732624652,0.337254901960784,0.0816319983849651,0.349462365591398,0.0917135597270537
"confounded_blocks","grid","gaussian","interval",4,0.6,0.5,0,"plain_selectboost","group","c0 = 0.3",3,3,0,4,0,3,0,1,0,0,0,0,0,0.75,0,1,0,0,0,0.857142857142857,0,0.75,0,1,0
"confounded_blocks","grid","gaussian","interval",4,0.6,0.5,0,"plain_selectboost","group","c0 = 0.5",3,3,0,4,0,3,0,1,0,0,0,0,0,0.75,0,1,0,0,0,0.857142857142857,0,0.75,0,1,0
"confounded_blocks","grid","gaussian","interval",4,0.6,0.5,0,"plain_selectboost","group","c0 = 0.7",3,3,0,4,0,3,0,1,0,0,0,0,0,0.75,0,1,0,0,0,0.857142857142857,0,0.75,0,1,0
"confounded_blocks","grid","gaussian","interval",4,0.6,0.5,0,"plain_selectboost","group","c0 = 0.9",3,3,0,4,0,3,0,1,0,0,0,0,0,0.75,0,1,0,0,0,0.857142857142857,0,0.75,0,1,0
"confounded_blocks","grid","gaussian","interval",4,0.6,0.5,0,"selectboost","feature","c0 = 0.3",3,7,0,27,3.60555127546399,7,0,20,3.60555127546399,0,0,35,3.60555127546399,0.26256038647343,0.037136060999183,1,0,0.636363636363636,0.0655554777357089,0.415015015015015,0.0460194901008781,0.26256038647343,0.037136060999183,0.435483870967742,0.0581540528300643
"confounded_blocks","grid","gaussian","interval",4,0.6,0.5,0,"selectboost","feature","c0 = 0.5",3,7,0,25.3333333333333,5.77350269189626,6.33333333333333,0.577350269189626,19,6.08276253029822,0.666666666666667,0.577350269189626,36,6.08276253029822,0.259469696969697,0.0663419692732462,0.904761904761905,0.0824786098842323,0.654545454545455,0.110595682369059,0.401414677276746,0.0881871451090482,0.253623188405797,0.0684700139714475,0.408602150537634,0.093121011159617
"confounded_blocks","grid","gaussian","interval",4,0.6,0.5,0,"selectboost","feature","c0 = 0.7",3,7,0,23.6666666666667,5.68624070307733,6.66666666666667,0.577350269189626,17,5.29150262212918,0.333333333333333,0.577350269189626,38,5.29150262212918,0.289101541733121,0.0483114958280158,0.952380952380952,0.0824786098842323,0.690909090909091,0.096209138584167,0.440891820202165,0.0551681211850872,0.283838383838384,0.0446734230050424,0.381720430107527,0.0917135597270537
"confounded_blocks","grid","gaussian","interval",4,0.6,0.5,0,"selectboost","feature","c0 = 0.9",3,7,0,18.6666666666667,2.08166599946613,6.66666666666667,0.577350269189626,12,2,0.333333333333333,0.577350269189626,43,2,0.359477124183007,0.0452823740540883,0.952380952380952,0.0824786098842323,0.781818181818182,0.0363636363636364,0.521111111111111,0.0548060553561712,0.353629170966632,0.0511053037149743,0.301075268817204,0.0335752580559054
"confounded_blocks","grid","gaussian","interval",4,0.6,0.5,0,"selectboost","group","c0 = 0.3",3,3,0,4,0,3,0,1,0,0,0,0,0,0.75,0,1,0,0,0,0.857142857142857,0,0.75,0,1,0
"confounded_blocks","grid","gaussian","interval",4,0.6,0.5,0,"selectboost","group","c0 = 0.5",3,3,0,4,0,3,0,1,0,0,0,0,0,0.75,0,1,0,0,0,0.857142857142857,0,0.75,0,1,0
"confounded_blocks","grid","gaussian","interval",4,0.6,0.5,0,"selectboost","group","c0 = 0.7",3,3,0,4,0,3,0,1,0,0,0,0,0,0.75,0,1,0,0,0,0.857142857142857,0,0.75,0,1,0
"confounded_blocks","grid","gaussian","interval",4,0.6,0.5,0,"selectboost","group","c0 = 0.9",3,3,0,4,0,3,0,1,0,0,0,0,0,0.75,0,1,0,0,0,0.857142857142857,0,0.75,0,1,0
"confounded_blocks","grid","gaussian","interval",4,0.6,0.5,2,"plain_selectboost","feature","c0 = 0.3",3,7,0,29,2.64575131106459,6.33333333333333,1.15470053837925,22.6666666666667,1.52752523165195,0.666666666666667,1.15470053837925,32.3333333333333,1.52752523165195,0.217149159084643,0.0218400398541553,0.904761904761905,0.164957219768465,0.587878787878788,0.0277731860300354,0.349943244680087,0.0409317133123447,0.212570404505888,0.0296835183317665,0.467741935483871,0.0426734082429773
"confounded_blocks","grid","gaussian","interval",4,0.6,0.5,2,"plain_selectboost","feature","c0 = 0.5",3,7,0,26.6666666666667,2.08166599946613,6,0,20.6666666666667,2.08166599946613,1,0,34.3333333333333,2.08166599946613,0.225888594164456,0.0170828871151532,0.857142857142857,0,0.624242424242424,0.0378484727175661,0.357323232323232,0.0215387905419596,0.217663817663818,0.0158830311849189,0.43010752688172,0.0335752580559054
"confounded_blocks","grid","gaussian","interval",4,0.6,0.5,2,"plain_selectboost","feature","c0 = 0.7",3,7,0,26.3333333333333,5.85946527708232,6.33333333333333,0.577350269189626,20,5.29150262212918,0.666666666666667,0.577350269189626,35,5.29150262212918,0.244949494949495,0.0306170597297529,0.904761904761905,0.0824786098842323,0.636363636363636,0.096209138584167,0.383629959213941,0.0320375422975566,0.237663592446201,0.0244580167346113,0.424731182795699,0.0945075044690696
"confounded_blocks","grid","gaussian","interval",4,0.6,0.5,2,"plain_selectboost","feature","c0 = 0.9",3,7,0,19,1,6,1,13,1,1,1,42,1,0.315497076023392,0.0460867320142596,0.857142857142857,0.142857142857143,0.763636363636364,0.0181818181818182,0.461044634377968,0.0689346917862758,0.301294903926483,0.0573431630500672,0.306451612903226,0.0161290322580645
"confounded_blocks","grid","gaussian","interval",4,0.6,0.5,2,"plain_selectboost","group","c0 = 0.3",3,3,0,4,0,3,0,1,0,0,0,0,0,0.75,0,1,0,0,0,0.857142857142857,0,0.75,0,1,0
"confounded_blocks","grid","gaussian","interval",4,0.6,0.5,2,"plain_selectboost","group","c0 = 0.5",3,3,0,4,0,3,0,1,0,0,0,0,0,0.75,0,1,0,0,0,0.857142857142857,0,0.75,0,1,0
"confounded_blocks","grid","gaussian","interval",4,0.6,0.5,2,"plain_selectboost","group","c0 = 0.7",3,3,0,4,0,3,0,1,0,0,0,0,0,0.75,0,1,0,0,0,0.857142857142857,0,0.75,0,1,0
"confounded_blocks","grid","gaussian","interval",4,0.6,0.5,2,"plain_selectboost","group","c0 = 0.9",3,3,0,4,0,3,0,1,0,0,0,0,0,0.75,0,1,0,0,0,0.857142857142857,0,0.75,0,1,0
"confounded_blocks","grid","gaussian","interval",4,0.6,0.5,2,"selectboost","feature","c0 = 0.3",3,7,0,20.6666666666667,0.577350269189626,6.33333333333333,0.577350269189626,14.3333333333333,1.15470053837925,0.666666666666667,0.577350269189626,40.6666666666667,1.15470053837925,0.307142857142857,0.0371153744479045,0.904761904761905,0.0824786098842323,0.739393939393939,0.0209945552432591,0.458553791887125,0.0519309765937759,0.298484848484848,0.0446134298919256,0.333333333333333,0.0093121011159617
"confounded_blocks","grid","gaussian","interval",4,0.6,0.5,2,"selectboost","feature","c0 = 0.5",3,7,0,22.3333333333333,3.21455025366432,6.66666666666667,0.577350269189626,15.6666666666667,3.78593889720018,0.333333333333333,0.577350269189626,39.3333333333333,3.78593889720018,0.304700854700855,0.0645666958061177,0.952380952380952,0.0824786098842323,0.715151515151515,0.068835252676367,0.460718294051627,0.0845837442532296,0.301851851851852,0.0694629604944854,0.360215053763441,0.0518475847365213
"confounded_blocks","grid","gaussian","interval",4,0.6,0.5,2,"selectboost","feature","c0 = 0.7",3,7,0,27.3333333333333,5.13160143944688,7,0,20.3333333333333,5.13160143944688,0,0,34.6666666666667,5.13160143944688,0.261899935812979,0.0465482858958969,1,0,0.63030303030303,0.0933018443535797,0.413636363636364,0.0590520462724396,0.261899935812979,0.0465482858958969,0.440860215053763,0.0827677651523691
"confounded_blocks","grid","gaussian","interval",4,0.6,0.5,2,"selectboost","feature","c0 = 0.9",3,7,0,17.3333333333333,3.05505046330389,6,1.73205080756888,11.3333333333333,1.52752523165195,1,1.73205080756888,43.6666666666667,1.52752523165195,0.341534391534392,0.0521056578509373,0.857142857142857,0.247435829652697,0.793939393939394,0.0277731860300354,0.486490299823633,0.0937222895912754,0.324727668845316,0.0798552219939406,0.279569892473118,0.0492750074726434
"confounded_blocks","grid","gaussian","interval",4,0.6,0.5,2,"selectboost","group","c0 = 0.3",3,3,0,4,0,3,0,1,0,0,0,0,0,0.75,0,1,0,0,0,0.857142857142857,0,0.75,0,1,0
"confounded_blocks","grid","gaussian","interval",4,0.6,0.5,2,"selectboost","group","c0 = 0.5",3,3,0,4,0,3,0,1,0,0,0,0,0,0.75,0,1,0,0,0,0.857142857142857,0,0.75,0,1,0
"confounded_blocks","grid","gaussian","interval",4,0.6,0.5,2,"selectboost","group","c0 = 0.7",3,3,0,4,0,3,0,1,0,0,0,0,0,0.75,0,1,0,0,0,0.857142857142857,0,0.75,0,1,0
"confounded_blocks","grid","gaussian","interval",4,0.6,0.5,2,"selectboost","group","c0 = 0.9",3,3,0,3.66666666666667,0.577350269189626,3,0,0.666666666666667,0.577350269189626,0,0,0.333333333333333,0.577350269189626,0.833333333333333,0.144337567297406,1,0,0.333333333333333,0.577350269189626,0.904761904761905,0.0824786098842323,0.833333333333333,0.144337567297406,0.916666666666667,0.144337567297406
"confounded_blocks","grid","gaussian","interval",4,0.6,0.8,0,"plain_selectboost","feature","c0 = 0.3",3,10,0,26,3.46410161513775,9,1,17,3.60555127546399,1,1,35,3.60555127546399,0.350649350649351,0.0619441039881134,0.9,0.1,0.673076923076923,0.0693375245281536,0.50328947368421,0.073481275998976,0.338371290545204,0.0644043218704843,0.419354838709677,0.0558726066957702
"confounded_blocks","grid","gaussian","interval",4,0.6,0.8,0,"plain_selectboost","feature","c0 = 0.5",3,10,0,25.6666666666667,3.21455025366432,10,0,15.6666666666667,3.21455025366432,0,0,36.3333333333333,3.21455025366432,0.394019560686227,0.0528325623752988,1,0,0.698717948717949,0.0618182741089292,0.563952110004742,0.0533452860183858,0.394019560686227,0.0528325623752988,0.413978494623656,0.0518475847365212
"confounded_blocks","grid","gaussian","interval",4,0.6,0.8,0,"plain_selectboost","feature","c0 = 0.7",3,10,0,26.3333333333333,7.50555349946513,9.33333333333333,0.577350269189626,17,7.54983443527075,0.666666666666667,0.577350269189626,35,7.54983443527075,0.37433515916488,0.104867762863616,0.933333333333333,0.0577350269189626,0.673076923076923,0.145189123755207,0.52844537327296,0.108373100091134,0.363919413919414,0.098080129435281,0.424731182795699,0.121057314507502
"confounded_blocks","grid","gaussian","interval",4,0.6,0.8,0,"plain_selectboost","feature","c0 = 0.9",3,10,0,21.6666666666667,1.52752523165195,9.66666666666667,0.577350269189626,12,1,0.333333333333333,0.577350269189626,40,1,0.446442687747036,0.0103505251977656,0.966666666666667,0.0577350269189626,0.769230769230769,0.0192307692307692,0.610353535353535,0.0130411629633084,0.439299830604178,0.0135634242229975,0.349462365591398,0.0246375037363217
"confounded_blocks","grid","gaussian","interval",4,0.6,0.8,0,"plain_selectboost","group","c0 = 0.3",3,3,0,3.66666666666667,0.577350269189626,2.66666666666667,0.577350269189626,1,0,0.333333333333333,0.577350269189626,0,0,0.722222222222222,0.0481125224324688,0.888888888888889,0.192450089729875,0,0,0.793650793650794,0.109971479845643,0.666666666666667,0.144337567297406,0.916666666666667,0.144337567297406
"confounded_blocks","grid","gaussian","interval",4,0.6,0.8,0,"plain_selectboost","group","c0 = 0.5",3,3,0,4,0,3,0,1,0,0,0,0,0,0.75,0,1,0,0,0,0.857142857142857,0,0.75,0,1,0
"confounded_blocks","grid","gaussian","interval",4,0.6,0.8,0,"plain_selectboost","group","c0 = 0.7",3,3,0,4,0,3,0,1,0,0,0,0,0,0.75,0,1,0,0,0,0.857142857142857,0,0.75,0,1,0
"confounded_blocks","grid","gaussian","interval",4,0.6,0.8,0,"plain_selectboost","group","c0 = 0.9",3,3,0,4,0,3,0,1,0,0,0,0,0,0.75,0,1,0,0,0,0.857142857142857,0,0.75,0,1,0
"confounded_blocks","grid","gaussian","interval",4,0.6,0.8,0,"selectboost","feature","c0 = 0.3",3,10,0,24.6666666666667,2.51661147842358,9.66666666666667,0.577350269189626,15,3,0.333333333333333,0.577350269189626,37,3,0.395959595959596,0.0607069866719867,0.966666666666667,0.0577350269189626,0.711538461538462,0.0576923076923077,0.560971685971686,0.0698463184180698,0.391991341991342,0.066918832140237,0.397849462365591,0.0405905077165094
"confounded_blocks","grid","gaussian","interval",4,0.6,0.8,0,"selectboost","feature","c0 = 0.5",3,10,0,25,3,10,0,15,3,0,0,37,3,0.403896103896104,0.0488180418940584,1,0,0.711538461538462,0.0576923076923077,0.574248120300752,0.0494024872216219,0.403896103896104,0.0488180418940584,0.403225806451613,0.0483870967741935
"confounded_blocks","grid","gaussian","interval",4,0.6,0.8,0,"selectboost","feature","c0 = 0.7",3,10,0,19.6666666666667,1.15470053837925,8.33333333333333,0.577350269189626,11.3333333333333,0.577350269189626,1.66666666666667,0.577350269189626,40.6666666666667,0.577350269189626,0.423558897243108,0.00434097946759117,0.833333333333333,0.0577350269189626,0.782051282051282,0.0111028897921081,0.561364479050797,0.0166975606217244,0.39033189033189,0.0162457867953791,0.317204301075269,0.0186242022319234
"confounded_blocks","grid","gaussian","interval",4,0.6,0.8,0,"selectboost","feature","c0 = 0.9",3,10,0,19,1,9.66666666666667,0.577350269189626,9.33333333333333,1.15470053837925,0.333333333333333,0.577350269189626,42.6666666666667,1.15470053837925,0.509746588693957,0.0417968453068062,0.966666666666667,0.0577350269189626,0.82051282051282,0.0222057795842164,0.667214012041598,0.046800430132689,0.501851851851852,0.0528021386273454,0.306451612903226,0.0161290322580645
"confounded_blocks","grid","gaussian","interval",4,0.6,0.8,0,"selectboost","group","c0 = 0.3",3,3,0,4,0,3,0,1,0,0,0,0,0,0.75,0,1,0,0,0,0.857142857142857,0,0.75,0,1,0
"confounded_blocks","grid","gaussian","interval",4,0.6,0.8,0,"selectboost","group","c0 = 0.5",3,3,0,4,0,3,0,1,0,0,0,0,0,0.75,0,1,0,0,0,0.857142857142857,0,0.75,0,1,0
"confounded_blocks","grid","gaussian","interval",4,0.6,0.8,0,"selectboost","group","c0 = 0.7",3,3,0,4,0,3,0,1,0,0,0,0,0,0.75,0,1,0,0,0,0.857142857142857,0,0.75,0,1,0
"confounded_blocks","grid","gaussian","interval",4,0.6,0.8,0,"selectboost","group","c0 = 0.9",3,3,0,4,0,3,0,1,0,0,0,0,0,0.75,0,1,0,0,0,0.857142857142857,0,0.75,0,1,0
"confounded_blocks","grid","gaussian","interval",4,0.6,0.8,2,"plain_selectboost","feature","c0 = 0.3",3,10,0,29.6666666666667,4.04145188432738,9.33333333333333,0.577350269189626,20.3333333333333,4.16333199893227,0.666666666666667,0.577350269189626,31.6666666666667,4.16333199893227,0.318562438237895,0.046645859411137,0.933333333333333,0.0577350269189626,0.608974358974359,0.0800640769025436,0.473970473970474,0.0565518332281677,0.311767925561029,0.0476545174883539,0.478494623655914,0.0651847078117319
"confounded_blocks","grid","gaussian","interval",4,0.6,0.8,2,"plain_selectboost","feature","c0 = 0.5",3,10,0,27.6666666666667,3.78593889720018,8.66666666666667,0.577350269189626,19,3.60555127546399,1.33333333333333,0.577350269189626,33,3.60555127546399,0.316314102564103,0.0400767031466971,0.866666666666667,0.0577350269189626,0.634615384615385,0.0693375245281536,0.462433862433862,0.0456009765638418,0.301531801531802,0.0391855939889906,0.446236559139785,0.0610635306000029
"confounded_blocks","grid","gaussian","interval",4,0.6,0.8,2,"plain_selectboost","feature","c0 = 0.7",3,10,0,29.3333333333333,3.51188458428425,8,2,21.3333333333333,1.52752523165195,2,2,30.6666666666667,1.52752523165195,0.269887200921684,0.0364991770754615,0.8,0.2,0.58974358974359,0.0293754852240759,0.40290200755317,0.0661985772209951,0.253698273053112,0.0516537403735444,0.473118279569892,0.0566432997465201
"confounded_blocks","grid","gaussian","interval",4,0.6,0.8,2,"plain_selectboost","feature","c0 = 0.9",3,10,0,23.3333333333333,1.15470053837925,6.66666666666667,2.51661147842358,16.6666666666667,1.52752523165195,3.33333333333333,2.51661147842358,35.3333333333333,1.52752523165195,0.282828282828283,0.0968937123381296,0.666666666666667,0.251661147842358,0.67948717948718,0.0293754852240759,0.397058823529412,0.140285176678963,0.254038800705467,0.108665518876388,0.376344086021505,0.0186242022319234
"confounded_blocks","grid","gaussian","interval",4,0.6,0.8,2,"plain_selectboost","group","c0 = 0.3",3,3,0,4,0,3,0,1,0,0,0,0,0,0.75,0,1,0,0,0,0.857142857142857,0,0.75,0,1,0
"confounded_blocks","grid","gaussian","interval",4,0.6,0.8,2,"plain_selectboost","group","c0 = 0.5",3,3,0,4,0,3,0,1,0,0,0,0,0,0.75,0,1,0,0,0,0.857142857142857,0,0.75,0,1,0
"confounded_blocks","grid","gaussian","interval",4,0.6,0.8,2,"plain_selectboost","group","c0 = 0.7",3,3,0,4,0,3,0,1,0,0,0,0,0,0.75,0,1,0,0,0,0.857142857142857,0,0.75,0,1,0
"confounded_blocks","grid","gaussian","interval",4,0.6,0.8,2,"plain_selectboost","group","c0 = 0.9",3,3,0,4,0,3,0,1,0,0,0,0,0,0.75,0,1,0,0,0,0.857142857142857,0,0.75,0,1,0
"confounded_blocks","grid","gaussian","interval",4,0.6,0.8,2,"selectboost","feature","c0 = 0.3",3,10,0,26.6666666666667,5.5075705472861,8.33333333333333,1.52752523165195,18.3333333333333,4.16333199893227,1.66666666666667,1.52752523165195,33.6666666666667,4.16333199893227,0.31417435221783,0.0296919601246477,0.833333333333333,0.152752523165195,0.647435897435897,0.0800640769025436,0.453909823266868,0.0378087050259508,0.294096520763187,0.031340369264427,0.43010752688172,0.0888317830207436
"confounded_blocks","grid","gaussian","interval",4,0.6,0.8,2,"selectboost","feature","c0 = 0.5",3,10,0,22.3333333333333,4.72581562625261,7.66666666666667,1.15470053837925,14.6666666666667,4.50924975282289,2.33333333333333,1.15470053837925,37.3333333333333,4.50924975282289,0.351998491704374,0.0739985325006836,0.766666666666667,0.115470053837925,0.717948717948718,0.0867163414004403,0.478939724037763,0.0781762776447046,0.317126436781609,0.0657892116731332,0.360215053763441,0.0762228326814937
"confounded_blocks","grid","gaussian","interval",4,0.6,0.8,2,"selectboost","feature","c0 = 0.7",3,10,0,24.6666666666667,0.577350269189626,8.66666666666667,0.577350269189626,16,0,1.33333333333333,0.577350269189626,36,0,0.351111111111111,0.01539600717839,0.866666666666667,0.0577350269189626,0.692307692307692,0,0.499719887955182,0.0252287512587064,0.333333333333333,0.0222057795842164,0.397849462365591,0.0093121011159617
"confounded_blocks","grid","gaussian","interval",4,0.6,0.8,2,"selectboost","feature","c0 = 0.9",3,10,0,20.3333333333333,3.78593889720018,7,1,13.3333333333333,2.88675134594813,3,1,38.6666666666667,2.88675134594813,0.347002635046113,0.0284180400637968,0.7,0.1,0.743589743589744,0.0555144489605409,0.461295648795649,0.0236751763009878,0.3,0.02,0.327956989247312,0.061063530600003
"confounded_blocks","grid","gaussian","interval",4,0.6,0.8,2,"selectboost","group","c0 = 0.3",3,3,0,4,0,3,0,1,0,0,0,0,0,0.75,0,1,0,0,0,0.857142857142857,0,0.75,0,1,0
"confounded_blocks","grid","gaussian","interval",4,0.6,0.8,2,"selectboost","group","c0 = 0.5",3,3,0,4,0,3,0,1,0,0,0,0,0,0.75,0,1,0,0,0,0.857142857142857,0,0.75,0,1,0
"confounded_blocks","grid","gaussian","interval",4,0.6,0.8,2,"selectboost","group","c0 = 0.7",3,3,0,4,0,3,0,1,0,0,0,0,0,0.75,0,1,0,0,0,0.857142857142857,0,0.75,0,1,0
"confounded_blocks","grid","gaussian","interval",4,0.6,0.8,2,"selectboost","group","c0 = 0.9",3,3,0,3.66666666666667,0.577350269189626,3,0,0.666666666666667,0.577350269189626,0,0,0.333333333333333,0.577350269189626,0.833333333333333,0.144337567297406,1,0,0.333333333333333,0.577350269189626,0.904761904761905,0.0824786098842323,0.833333333333333,0.144337567297406,0.916666666666667,0.144337567297406
"confounded_blocks","grid","gaussian","interval",4,1,0.5,0,"plain_selectboost","feature","c0 = 0.3",3,7,0,29.3333333333333,4.04145188432738,5.66666666666667,0.577350269189626,23.6666666666667,4.50924975282289,1.33333333333333,0.577350269189626,31.3333333333333,4.50924975282289,0.197171717171717,0.0443101736699848,0.80952380952381,0.0824786098842322,0.56969696969697,0.0819863591422344,0.316441441441441,0.0628717335685039,0.189058253574383,0.044127709826733,0.473118279569892,0.0651847078117319
"confounded_blocks","grid","gaussian","interval",4,1,0.5,0,"plain_selectboost","feature","c0 = 0.5",3,7,0,24.3333333333333,2.3094010767585,6.66666666666667,0.577350269189626,17.6666666666667,2.08166599946613,0.333333333333333,0.577350269189626,37.3333333333333,2.08166599946613,0.274825550187869,0.0255797156359503,0.952380952380952,0.0824786098842323,0.678787878787879,0.0378484727175661,0.426143790849673,0.0355834185328528,0.271202361782072,0.0290757600674055,0.39247311827957,0.0372484044638468
"confounded_blocks","grid","gaussian","interval",4,1,0.5,0,"plain_selectboost","feature","c0 = 0.7",3,7,0,25.6666666666667,1.15470053837925,6.66666666666667,0.577350269189626,19,1,0.333333333333333,0.577350269189626,36,1,0.259753086419753,0.0200045719511399,0.952380952380952,0.0824786098842323,0.654545454545455,0.0181818181818182,0.408088235294118,0.0314117784754321,0.25667616334283,0.0247168252036628,0.413978494623656,0.0186242022319234
"confounded_blocks","grid","gaussian","interval",4,1,0.5,0,"plain_selectboost","feature","c0 = 0.9",3,7,0,20.3333333333333,2.08166599946613,6.66666666666667,0.577350269189626,13.6666666666667,1.52752523165195,0.333333333333333,0.577350269189626,41.3333333333333,1.52752523165195,0.328282828282828,0.00874773135135796,0.952380952380952,0.0824786098842323,0.751515151515152,0.0277731860300354,0.487586206896552,0.0108387818244839,0.322434875066454,0.0095138384732447,0.327956989247312,0.0335752580559054
"confounded_blocks","grid","gaussian","interval",4,1,0.5,0,"plain_selectboost","group","c0 = 0.3",3,3,0,4,0,3,0,1,0,0,0,0,0,0.75,0,1,0,0,0,0.857142857142857,0,0.75,0,1,0
"confounded_blocks","grid","gaussian","interval",4,1,0.5,0,"plain_selectboost","group","c0 = 0.5",3,3,0,4,0,3,0,1,0,0,0,0,0,0.75,0,1,0,0,0,0.857142857142857,0,0.75,0,1,0
"confounded_blocks","grid","gaussian","interval",4,1,0.5,0,"plain_selectboost","group","c0 = 0.7",3,3,0,4,0,3,0,1,0,0,0,0,0,0.75,0,1,0,0,0,0.857142857142857,0,0.75,0,1,0
"confounded_blocks","grid","gaussian","interval",4,1,0.5,0,"plain_selectboost","group","c0 = 0.9",3,3,0,4,0,3,0,1,0,0,0,0,0,0.75,0,1,0,0,0,0.857142857142857,0,0.75,0,1,0
"confounded_blocks","grid","gaussian","interval",4,1,0.5,0,"selectboost","feature","c0 = 0.3",3,7,0,30.3333333333333,6.65832811847939,6.66666666666667,0.577350269189626,23.6666666666667,6.42910050732864,0.333333333333333,0.577350269189626,31.3333333333333,6.42910050732864,0.225221172589594,0.042589384872407,0.952380952380952,0.0824786098842323,0.56969696969697,0.116892736496884,0.362764903941375,0.0572018593995774,0.222575669944091,0.0431120974894974,0.489247311827957,0.107392389007732
"confounded_blocks","grid","gaussian","interval",4,1,0.5,0,"selectboost","feature","c0 = 0.5",3,7,0,23.6666666666667,1.52752523165195,6.33333333333333,0.577350269189626,17.3333333333333,1.15470053837925,0.666666666666667,0.577350269189626,37.6666666666667,1.15470053837925,0.267575757575758,0.0156493955559701,0.904761904761905,0.0824786098842323,0.684848484848485,0.0209945552432591,0.412796625880608,0.0252163839315075,0.260289855072464,0.0200063002049129,0.381720430107527,0.0246375037363217
"confounded_blocks","grid","gaussian","interval",4,1,0.5,0,"selectboost","feature","c0 = 0.7",3,7,0,22.3333333333333,0.577350269189626,6.33333333333333,0.577350269189626,16,1,0.666666666666667,0.577350269189626,39,1,0.283926218708827,0.0302528656210936,0.904761904761905,0.0824786098842323,0.709090909090909,0.0181818181818182,0.432183908045977,0.0443386241884734,0.27635046113307,0.0366324130574097,0.360215053763441,0.0093121011159617
"confounded_blocks","grid","gaussian","interval",4,1,0.5,0,"selectboost","feature","c0 = 0.9",3,7,0,18.3333333333333,0.577350269189626,6.33333333333333,1.15470053837925,12,1.73205080756888,0.666666666666667,1.15470053837925,43,1.73205080756888,0.346978557504873,0.0725908233191635,0.904761904761905,0.164957219768465,0.781818181818182,0.0314918328648887,0.501538461538462,0.101258354904027,0.338624338624339,0.0870607548778007,0.295698924731183,0.0093121011159617
"confounded_blocks","grid","gaussian","interval",4,1,0.5,0,"selectboost","group","c0 = 0.3",3,3,0,4,0,3,0,1,0,0,0,0,0,0.75,0,1,0,0,0,0.857142857142857,0,0.75,0,1,0
"confounded_blocks","grid","gaussian","interval",4,1,0.5,0,"selectboost","group","c0 = 0.5",3,3,0,4,0,3,0,1,0,0,0,0,0,0.75,0,1,0,0,0,0.857142857142857,0,0.75,0,1,0
"confounded_blocks","grid","gaussian","interval",4,1,0.5,0,"selectboost","group","c0 = 0.7",3,3,0,4,0,3,0,1,0,0,0,0,0,0.75,0,1,0,0,0,0.857142857142857,0,0.75,0,1,0
"confounded_blocks","grid","gaussian","interval",4,1,0.5,0,"selectboost","group","c0 = 0.9",3,3,0,4,0,3,0,1,0,0,0,0,0,0.75,0,1,0,0,0,0.857142857142857,0,0.75,0,1,0
"confounded_blocks","grid","gaussian","interval",4,1,0.5,2,"plain_selectboost","feature","c0 = 0.3",3,7,0,34,5,7,0,27,5,0,0,28,5,0.208916280924395,0.0310574066010119,1,0,0.509090909090909,0.0909090909090909,0.344900043203331,0.0423751771307444,0.208916280924395,0.0310574066010119,0.548387096774194,0.0806451612903226
"confounded_blocks","grid","gaussian","interval",4,1,0.5,2,"plain_selectboost","feature","c0 = 0.5",3,7,0,31,2,5.66666666666667,1.52752523165195,25.3333333333333,1.52752523165195,1.33333333333333,1.52752523165195,29.6666666666667,1.52752523165195,0.181851889304615,0.0439377182622768,0.80952380952381,0.218217890235992,0.539393939393939,0.0277731860300354,0.296881091617934,0.0731493007170113,0.175759013282732,0.050406992827196,0.5,0.032258064516129
"confounded_blocks","grid","gaussian","interval",4,1,0.5,2,"plain_selectboost","feature","c0 = 0.7",3,7,0,27.6666666666667,1.15470053837925,5.33333333333333,0.577350269189626,22.3333333333333,1.52752523165195,1.66666666666667,0.577350269189626,32.6666666666667,1.52752523165195,0.193273733503619,0.0258706080957658,0.761904761904762,0.0824786098842322,0.593939393939394,0.0277731860300354,0.308278867102396,0.0395321292192245,0.182663276656603,0.0279448889839128,0.446236559139785,0.0186242022319234
"confounded_blocks","grid","gaussian","interval",4,1,0.5,2,"plain_selectboost","feature","c0 = 0.9",3,7,0,23.3333333333333,3.51188458428425,5.33333333333333,1.52752523165195,18,2.64575131106459,1.66666666666667,1.52752523165195,37,2.64575131106459,0.227724100912507,0.0468311423857172,0.761904761904762,0.218217890235992,0.672727272727273,0.0481045692920835,0.34960058097313,0.0747455574583767,0.213459380126047,0.054047082416673,0.376344086021505,0.0566432997465201
"confounded_blocks","grid","gaussian","interval",4,1,0.5,2,"plain_selectboost","group","c0 = 0.3",3,3,0,4,0,3,0,1,0,0,0,0,0,0.75,0,1,0,0,0,0.857142857142857,0,0.75,0,1,0
"confounded_blocks","grid","gaussian","interval",4,1,0.5,2,"plain_selectboost","group","c0 = 0.5",3,3,0,4,0,3,0,1,0,0,0,0,0,0.75,0,1,0,0,0,0.857142857142857,0,0.75,0,1,0
"confounded_blocks","grid","gaussian","interval",4,1,0.5,2,"plain_selectboost","group","c0 = 0.7",3,3,0,4,0,3,0,1,0,0,0,0,0,0.75,0,1,0,0,0,0.857142857142857,0,0.75,0,1,0
"confounded_blocks","grid","gaussian","interval",4,1,0.5,2,"plain_selectboost","group","c0 = 0.9",3,3,0,4,0,3,0,1,0,0,0,0,0,0.75,0,1,0,0,0,0.857142857142857,0,0.75,0,1,0
"confounded_blocks","grid","gaussian","interval",4,1,0.5,2,"selectboost","feature","c0 = 0.3",3,7,0,26.3333333333333,3.21455025366432,6,0,20.3333333333333,3.21455025366432,1,0,34.6666666666667,3.21455025366432,0.23,0.0264575131106459,0.857142857142857,0,0.63030303030303,0.0584463682484422,0.362140366172624,0.0333034945955631,0.221439205955335,0.0245911591349151,0.424731182795699,0.0518475847365213
"confounded_blocks","grid","gaussian","interval",4,1,0.5,2,"selectboost","feature","c0 = 0.5",3,7,0,25.6666666666667,3.51188458428425,6.66666666666667,0.577350269189626,19,4,0.333333333333333,0.577350269189626,36,4,0.264769713045575,0.0557765936514127,0.952380952380952,0.0824786098842323,0.654545454545455,0.0727272727272728,0.413444792755138,0.0752955560420486,0.262470862470862,0.0593801969661777,0.413978494623656,0.0566432997465201
"confounded_blocks","grid","gaussian","interval",4,1,0.5,2,"selectboost","feature","c0 = 0.7",3,7,0,24.6666666666667,5.5075705472861,5.66666666666667,0.577350269189626,19,5.19615242270663,1.33333333333333,0.577350269189626,36,5.19615242270663,0.234790299306428,0.0396927694639745,0.80952380952381,0.0824786098842322,0.654545454545455,0.0944754985946661,0.362241811425115,0.049200379701913,0.221920289855072,0.036893862055102,0.397849462365591,0.0888317830207436
"confounded_blocks","grid","gaussian","interval",4,1,0.5,2,"selectboost","feature","c0 = 0.9",3,7,0,22.3333333333333,2.08166599946613,5.33333333333333,0.577350269189626,17,1.73205080756888,1.66666666666667,0.577350269189626,38,1.73205080756888,0.239130434782609,0.0188266392127052,0.761904761904762,0.0824786098842322,0.690909090909091,0.0314918328648887,0.363600159299084,0.027513700437142,0.222424242424242,0.0204360185455604,0.360215053763441,0.0335752580559054
"confounded_blocks","grid","gaussian","interval",4,1,0.5,2,"selectboost","group","c0 = 0.3",3,3,0,4,0,3,0,1,0,0,0,0,0,0.75,0,1,0,0,0,0.857142857142857,0,0.75,0,1,0
"confounded_blocks","grid","gaussian","interval",4,1,0.5,2,"selectboost","group","c0 = 0.5",3,3,0,4,0,3,0,1,0,0,0,0,0,0.75,0,1,0,0,0,0.857142857142857,0,0.75,0,1,0
"confounded_blocks","grid","gaussian","interval",4,1,0.5,2,"selectboost","group","c0 = 0.7",3,3,0,4,0,3,0,1,0,0,0,0,0,0.75,0,1,0,0,0,0.857142857142857,0,0.75,0,1,0
"confounded_blocks","grid","gaussian","interval",4,1,0.5,2,"selectboost","group","c0 = 0.9",3,3,0,4,0,3,0,1,0,0,0,0,0,0.75,0,1,0,0,0,0.857142857142857,0,0.75,0,1,0
"confounded_blocks","grid","gaussian","interval",4,1,0.8,0,"plain_selectboost","feature","c0 = 0.3",3,10,0,26.3333333333333,2.08166599946613,9.33333333333333,1.15470053837925,17,1,0.666666666666667,1.15470053837925,35,1,0.353615520282187,0.018768780117983,0.933333333333333,0.115470053837925,0.673076923076923,0.0192307692307692,0.512481521769448,0.036971224952746,0.345068511735178,0.0330375127398649,0.424731182795699,0.0335752580559054
"confounded_blocks","grid","gaussian","interval",4,1,0.8,0,"plain_selectboost","feature","c0 = 0.5",3,10,0,22.6666666666667,4.72581562625261,8.66666666666667,1.15470053837925,14,3.60555127546399,1.33333333333333,1.15470053837925,38,3.60555127546399,0.386382623224728,0.0322990783997048,0.866666666666667,0.115470053837925,0.730769230769231,0.0693375245281536,0.531389653220928,0.0183319654418633,0.361973775017253,0.0170833592746536,0.365591397849462,0.0762228326814937
"confounded_blocks","grid","gaussian","interval",4,1,0.8,0,"plain_selectboost","feature","c0 = 0.7",3,10,0,21.6666666666667,2.08166599946613,9,0,12.6666666666667,2.08166599946613,1,0,39.3333333333333,2.08166599946613,0.417857142857143,0.0386309065228285,0.9,0,0.756410256410256,0.0400320384512718,0.570018975332068,0.036474122491144,0.399220779220779,0.0353351779650472,0.349462365591398,0.0335752580559054
"confounded_blocks","grid","gaussian","interval",4,1,0.8,0,"plain_selectboost","feature","c0 = 0.9",3,10,0,17.6666666666667,1.52752523165195,8,2,9.66666666666667,1.52752523165195,2,2,42.3333333333333,1.52752523165195,0.450536062378168,0.0938191434583749,0.8,0.2,0.814102564102564,0.0293754852240759,0.575849437918403,0.128089094061248,0.412169312169312,0.130606405240245,0.28494623655914,0.0246375037363217
"confounded_blocks","grid","gaussian","interval",4,1,0.8,0,"plain_selectboost","group","c0 = 0.3",3,3,0,3.66666666666667,0.577350269189626,2.66666666666667,0.577350269189626,1,0,0.333333333333333,0.577350269189626,0,0,0.722222222222222,0.0481125224324688,0.888888888888889,0.192450089729875,0,0,0.793650793650794,0.109971479845643,0.666666666666667,0.144337567297406,0.916666666666667,0.144337567297406
"confounded_blocks","grid","gaussian","interval",4,1,0.8,0,"plain_selectboost","group","c0 = 0.5",3,3,0,4,0,3,0,1,0,0,0,0,0,0.75,0,1,0,0,0,0.857142857142857,0,0.75,0,1,0
"confounded_blocks","grid","gaussian","interval",4,1,0.8,0,"plain_selectboost","group","c0 = 0.7",3,3,0,4,0,3,0,1,0,0,0,0,0,0.75,0,1,0,0,0,0.857142857142857,0,0.75,0,1,0
"confounded_blocks","grid","gaussian","interval",4,1,0.8,0,"plain_selectboost","group","c0 = 0.9",3,3,0,4,0,3,0,1,0,0,0,0,0,0.75,0,1,0,0,0,0.857142857142857,0,0.75,0,1,0
"confounded_blocks","grid","gaussian","interval",4,1,0.8,0,"selectboost","feature","c0 = 0.3",3,10,0,23.3333333333333,1.52752523165195,10,0,13.3333333333333,1.52752523165195,0,0,38.6666666666667,1.52752523165195,0.429776021080369,0.0276152329802718,1,0,0.743589743589744,0.0293754852240759,0.600829725829726,0.0271660830961748,0.429776021080369,0.0276152329802718,0.376344086021505,0.0246375037363217
"confounded_blocks","grid","gaussian","interval",4,1,0.8,0,"selectboost","feature","c0 = 0.5",3,10,0,20,0,8.66666666666667,1.52752523165195,11.3333333333333,1.52752523165195,1.33333333333333,1.52752523165195,40.6666666666667,1.52752523165195,0.433333333333333,0.0763762615825973,0.866666666666667,0.152752523165195,0.782051282051282,0.0293754852240759,0.577777777777778,0.101835015443463,0.410973084886128,0.0990061592254462,0.32258064516129,0
"confounded_blocks","grid","gaussian","interval",4,1,0.8,0,"selectboost","feature","c0 = 0.7",3,10,0,19,1,8,2,11,3,2,2,41,3,0.425536062378168,0.127836756676731,0.8,0.2,0.788461538461538,0.0576923076923077,0.555336617405583,0.157173996122087,0.395502645502646,0.153296549313995,0.306451612903226,0.0161290322580645
"confounded_blocks","grid","gaussian","interval",4,1,0.8,0,"selectboost","feature","c0 = 0.9",3,10,0,19,2,8.66666666666667,1.15470053837925,10.3333333333333,3.05505046330389,1.33333333333333,1.15470053837925,41.6666666666667,3.05505046330389,0.463413435549658,0.109942620522496,0.866666666666667,0.115470053837925,0.801282051282051,0.0587509704481518,0.602864636976613,0.120723311248697,0.439004587342183,0.130294630441946,0.306451612903226,0.032258064516129
"confounded_blocks","grid","gaussian","interval",4,1,0.8,0,"selectboost","group","c0 = 0.3",3,3,0,4,0,3,0,1,0,0,0,0,0,0.75,0,1,0,0,0,0.857142857142857,0,0.75,0,1,0
"confounded_blocks","grid","gaussian","interval",4,1,0.8,0,"selectboost","group","c0 = 0.5",3,3,0,4,0,3,0,1,0,0,0,0,0,0.75,0,1,0,0,0,0.857142857142857,0,0.75,0,1,0
"confounded_blocks","grid","gaussian","interval",4,1,0.8,0,"selectboost","group","c0 = 0.7",3,3,0,4,0,3,0,1,0,0,0,0,0,0.75,0,1,0,0,0,0.857142857142857,0,0.75,0,1,0
"confounded_blocks","grid","gaussian","interval",4,1,0.8,0,"selectboost","group","c0 = 0.9",3,3,0,4,0,3,0,1,0,0,0,0,0,0.75,0,1,0,0,0,0.857142857142857,0,0.75,0,1,0
"confounded_blocks","grid","gaussian","interval",4,1,0.8,2,"plain_selectboost","feature","c0 = 0.3",3,10,0,31.6666666666667,10.0166528008778,9,1,22.6666666666667,9.50438495292217,1,1,29.3333333333333,9.50438495292217,0.30175022110506,0.0934944409537505,0.9,0.1,0.564102564102564,0.182776633710042,0.445786429018136,0.101116088194346,0.290607942781856,0.0872325028945291,0.510752688172043,0.16155891614319
"confounded_blocks","grid","gaussian","interval",4,1,0.8,2,"plain_selectboost","feature","c0 = 0.5",3,10,0,33.6666666666667,6.50640709864771,9.33333333333333,0.577350269189626,24.3333333333333,7.02376916856849,0.666666666666667,0.577350269189626,27.6666666666667,7.02376916856849,0.286692084241104,0.0751377465093607,0.933333333333333,0.0577350269189626,0.532051282051282,0.135072484010933,0.436543816543817,0.0933486383959673,0.28234180754506,0.0785225291610642,0.543010752688172,0.104942049978189
"confounded_blocks","grid","gaussian","interval",4,1,0.8,2,"plain_selectboost","feature","c0 = 0.7",3,10,0,28.3333333333333,3.21455025366432,7.66666666666667,0.577350269189626,20.6666666666667,3.78593889720018,2.33333333333333,0.577350269189626,31.3333333333333,3.78593889720018,0.274246201329535,0.0483977121405619,0.766666666666667,0.0577350269189626,0.602564102564103,0.0728065172538496,0.403403403403403,0.0609789565986708,0.253858784893268,0.0469024847566804,0.456989247311828,0.0518475847365212
"confounded_blocks","grid","gaussian","interval",4,1,0.8,2,"plain_selectboost","feature","c0 = 0.9",3,10,0,20,1.73205080756888,7.33333333333333,0.577350269189626,12.6666666666667,1.52752523165195,2.66666666666667,0.577350269189626,39.3333333333333,1.52752523165195,0.367724867724868,0.0300471341047634,0.733333333333333,0.0577350269189626,0.756410256410256,0.0293754852240759,0.489247311827957,0.0335752580559054,0.324275362318841,0.0291548495279548,0.32258064516129,0.0279363033478851
"confounded_blocks","grid","gaussian","interval",4,1,0.8,2,"plain_selectboost","group","c0 = 0.3",3,3,0,3.66666666666667,0.577350269189626,2.66666666666667,0.577350269189626,1,0,0.333333333333333,0.577350269189626,0,0,0.722222222222222,0.0481125224324688,0.888888888888889,0.192450089729875,0,0,0.793650793650794,0.109971479845643,0.666666666666667,0.144337567297406,0.916666666666667,0.144337567297406
"confounded_blocks","grid","gaussian","interval",4,1,0.8,2,"plain_selectboost","group","c0 = 0.5",3,3,0,4,0,3,0,1,0,0,0,0,0,0.75,0,1,0,0,0,0.857142857142857,0,0.75,0,1,0
"confounded_blocks","grid","gaussian","interval",4,1,0.8,2,"plain_selectboost","group","c0 = 0.7",3,3,0,4,0,3,0,1,0,0,0,0,0,0.75,0,1,0,0,0,0.857142857142857,0,0.75,0,1,0
"confounded_blocks","grid","gaussian","interval",4,1,0.8,2,"plain_selectboost","group","c0 = 0.9",3,3,0,3.66666666666667,0.577350269189626,3,0,0.666666666666667,0.577350269189626,0,0,0.333333333333333,0.577350269189626,0.833333333333333,0.144337567297406,1,0,0.333333333333333,0.577350269189626,0.904761904761905,0.0824786098842323,0.833333333333333,0.144337567297406,0.916666666666667,0.144337567297406
"confounded_blocks","grid","gaussian","interval",4,1,0.8,2,"selectboost","feature","c0 = 0.3",3,10,0,24.6666666666667,5.5075705472861,8,1,16.6666666666667,4.50924975282289,2,1,35.3333333333333,4.50924975282289,0.329473684210526,0.0351805788780387,0.8,0.1,0.67948717948718,0.0867163414004403,0.463300492610837,0.0172255381132077,0.301600231707759,0.0146674154903886,0.397849462365591,0.0888317830207436
"confounded_blocks","grid","gaussian","interval",4,1,0.8,2,"selectboost","feature","c0 = 0.5",3,10,0,27,7.21110255092798,8,1,19,6.557438524302,2,1,33,6.557438524302,0.307063374214009,0.0630624690111426,0.8,0.1,0.634615384615385,0.126104587005808,0.438796701827977,0.0587333750085444,0.282251082251082,0.047368486807949,0.435483870967742,0.116308105660129
"confounded_blocks","grid","gaussian","interval",4,1,0.8,2,"selectboost","feature","c0 = 0.7",3,10,0,24.3333333333333,3.21455025366432,9.33333333333333,1.15470053837925,15,2.64575131106459,0.666666666666667,1.15470053837925,37,2.64575131106459,0.385187276491624,0.043073357646766,0.933333333333333,0.115470053837925,0.711538461538462,0.0508798329050883,0.544125465178097,0.0552277235725683,0.375086266390614,0.0530515157131186,0.39247311827957,0.0518475847365212
"confounded_blocks","grid","gaussian","interval",4,1,0.8,2,"selectboost","feature","c0 = 0.9",3,10,0,18.6666666666667,2.51661147842358,6,1,12.6666666666667,3.21455025366432,4,1,39.3333333333333,3.21455025366432,0.328790726817043,0.0948181272250036,0.6,0.1,0.756410256410256,0.0618182741089292,0.423461966287328,0.101810349490861,0.272251461988304,0.0847769843047966,0.301075268817204,0.0405905077165094
"confounded_blocks","grid","gaussian","interval",4,1,0.8,2,"selectboost","group","c0 = 0.3",3,3,0,4,0,3,0,1,0,0,0,0,0,0.75,0,1,0,0,0,0.857142857142857,0,0.75,0,1,0
"confounded_blocks","grid","gaussian","interval",4,1,0.8,2,"selectboost","group","c0 = 0.5",3,3,0,4,0,3,0,1,0,0,0,0,0,0.75,0,1,0,0,0,0.857142857142857,0,0.75,0,1,0
"confounded_blocks","grid","gaussian","interval",4,1,0.8,2,"selectboost","group","c0 = 0.7",3,3,0,4,0,3,0,1,0,0,0,0,0,0.75,0,1,0,0,0,0.857142857142857,0,0.75,0,1,0
"confounded_blocks","grid","gaussian","interval",4,1,0.8,2,"selectboost","group","c0 = 0.9",3,3,0,3.66666666666667,0.577350269189626,3,0,0.666666666666667,0.577350269189626,0,0,0.333333333333333,0.577350269189626,0.833333333333333,0.144337567297406,1,0,0.333333333333333,0.577350269189626,0.904761904761905,0.0824786098842323,0.833333333333333,0.144337567297406,0.916666666666667,0.144337567297406
"confounded_blocks","grid","gaussian","interval",8,0.6,0.5,0,"plain_selectboost","feature","c0 = 0.3",3,7,0,24.6666666666667,4.16333199893227,7,0,17.6666666666667,4.16333199893227,0,0,37.3333333333333,4.16333199893227,0.28974358974359,0.0530620566322433,1,0,0.678787878787879,0.0756969454351321,0.447586980920314,0.0626129862953486,0.28974358974359,0.0530620566322433,0.397849462365591,0.0671505161118107
"confounded_blocks","grid","gaussian","interval",8,0.6,0.5,0,"plain_selectboost","feature","c0 = 0.5",3,7,0,24.6666666666667,4.04145188432738,6.66666666666667,0.577350269189626,18,3.46410161513775,0.333333333333333,0.577350269189626,37,3.46410161513775,0.272839506172839,0.0235216776336514,0.952380952380952,0.0824786098842323,0.672727272727273,0.0629836657297774,0.422657952069717,0.0188676558558701,0.268077601410935,0.0152738166452282,0.397849462365591,0.065184707811732
"confounded_blocks","grid","gaussian","interval",8,0.6,0.5,0,"plain_selectboost","feature","c0 = 0.7",3,7,0,22,5.19615242270663,6.33333333333333,0.577350269189626,15.6666666666667,5.5075705472861,0.666666666666667,0.577350269189626,39.3333333333333,5.5075705472861,0.299498746867168,0.0783483660768952,0.904761904761905,0.0824786098842323,0.715151515151515,0.100137646314293,0.447619047619048,0.0985422876628872,0.291772534785239,0.0810759488766216,0.354838709677419,0.0838089100436553
"confounded_blocks","grid","gaussian","interval",8,0.6,0.5,0,"plain_selectboost","feature","c0 = 0.9",3,7,0,22,5.56776436283002,7,0,15,5.56776436283002,0,0,40,5.56776436283002,0.331699346405229,0.0808947306829187,1,0,0.727272727272727,0.101232079324182,0.494444444444444,0.0917928424547684,0.331699346405229,0.0808947306829187,0.354838709677419,0.0898026510133875
"confounded_blocks","grid","gaussian","interval",8,0.6,0.5,0,"plain_selectboost","group","c0 = 0.3",3,3,0,4,0,3,0,1,0,0,0,0,0,0.75,0,1,0,0,0,0.857142857142857,0,0.75,0,1,0
"confounded_blocks","grid","gaussian","interval",8,0.6,0.5,0,"plain_selectboost","group","c0 = 0.5",3,3,0,4,0,3,0,1,0,0,0,0,0,0.75,0,1,0,0,0,0.857142857142857,0,0.75,0,1,0
"confounded_blocks","grid","gaussian","interval",8,0.6,0.5,0,"plain_selectboost","group","c0 = 0.7",3,3,0,4,0,3,0,1,0,0,0,0,0,0.75,0,1,0,0,0,0.857142857142857,0,0.75,0,1,0
"confounded_blocks","grid","gaussian","interval",8,0.6,0.5,0,"plain_selectboost","group","c0 = 0.9",3,3,0,4,0,3,0,1,0,0,0,0,0,0.75,0,1,0,0,0,0.857142857142857,0,0.75,0,1,0
"confounded_blocks","grid","gaussian","interval",8,0.6,0.5,0,"selectboost","feature","c0 = 0.3",3,7,0,26.3333333333333,4.93288286231625,6.66666666666667,0.577350269189626,19.6666666666667,4.72581562625261,0.333333333333333,0.577350269189626,35.3333333333333,4.72581562625261,0.257699275362319,0.0433151946611327,0.952380952380952,0.0824786098842323,0.642424242424242,0.0859239204773202,0.404245933278191,0.0558567679606193,0.254365942028985,0.0445705303478469,0.424731182795699,0.0795626268115524
"confounded_blocks","grid","gaussian","interval",8,0.6,0.5,0,"selectboost","feature","c0 = 0.5",3,7,0,25,6.557438524302,6.66666666666667,0.577350269189626,18.3333333333333,6.02771377334171,0.333333333333333,0.577350269189626,36.6666666666667,6.02771377334171,0.276123518059002,0.054093807990718,0.952380952380952,0.0824786098842323,0.666666666666667,0.10959479587894,0.424221158958001,0.0557894767238452,0.270275564842628,0.0450006084811557,0.403225806451613,0.105765137488742
"confounded_blocks","grid","gaussian","interval",8,0.6,0.5,0,"selectboost","feature","c0 = 0.7",3,7,0,22.3333333333333,5.85946527708232,6.33333333333333,0.577350269189626,16,5.29150262212918,0.666666666666667,0.577350269189626,39,5.29150262212918,0.291570881226054,0.0465529066592155,0.904761904761905,0.0824786098842323,0.709090909090909,0.096209138584167,0.437777777777778,0.0459199518217152,0.280961023247775,0.0374321149563456,0.360215053763441,0.0945075044690696
"confounded_blocks","grid","gaussian","interval",8,0.6,0.5,0,"selectboost","feature","c0 = 0.9",3,7,0,19.3333333333333,3.21455025366432,6.66666666666667,0.577350269189626,12.6666666666667,3.78593889720018,0.333333333333333,0.577350269189626,42.3333333333333,3.78593889720018,0.353841053329544,0.0813240367426555,0.952380952380952,0.0824786098842323,0.76969696969697,0.068835252676367,0.514444444444444,0.0997960883965863,0.350217864923747,0.087541653446719,0.311827956989247,0.0518475847365213
"confounded_blocks","grid","gaussian","interval",8,0.6,0.5,0,"selectboost","group","c0 = 0.3",3,3,0,4,0,3,0,1,0,0,0,0,0,0.75,0,1,0,0,0,0.857142857142857,0,0.75,0,1,0
"confounded_blocks","grid","gaussian","interval",8,0.6,0.5,0,"selectboost","group","c0 = 0.5",3,3,0,4,0,3,0,1,0,0,0,0,0,0.75,0,1,0,0,0,0.857142857142857,0,0.75,0,1,0
"confounded_blocks","grid","gaussian","interval",8,0.6,0.5,0,"selectboost","group","c0 = 0.7",3,3,0,4,0,3,0,1,0,0,0,0,0,0.75,0,1,0,0,0,0.857142857142857,0,0.75,0,1,0
"confounded_blocks","grid","gaussian","interval",8,0.6,0.5,0,"selectboost","group","c0 = 0.9",3,3,0,4,0,3,0,1,0,0,0,0,0,0.75,0,1,0,0,0,0.857142857142857,0,0.75,0,1,0
"confounded_blocks","grid","gaussian","interval",8,0.6,0.5,2,"plain_selectboost","feature","c0 = 0.3",3,7,0,31.6666666666667,4.04145188432738,6.66666666666667,0.577350269189626,25,4.58257569495584,0.333333333333333,0.577350269189626,30,4.58257569495584,0.21415770609319,0.0428705151036046,0.952380952380952,0.0824786098842323,0.545454545454545,0.0833195580901062,0.349163606691146,0.0627229400200034,0.212656204591688,0.0453714468200629,0.510752688172043,0.065184707811732
"confounded_blocks","grid","gaussian","interval",8,0.6,0.5,2,"plain_selectboost","feature","c0 = 0.5",3,7,0,29,2.64575131106459,6.33333333333333,0.577350269189626,22.6666666666667,2.88675134594813,0.666666666666667,0.577350269189626,32.3333333333333,2.88675134594813,0.219907407407407,0.0313142343946034,0.904761904761905,0.0824786098842323,0.587878787878788,0.0524863881081478,0.353544494720965,0.0461568035015027,0.215367965367965,0.0341037905986769,0.467741935483871,0.0426734082429773
"confounded_blocks","grid","gaussian","interval",8,0.6,0.5,2,"plain_selectboost","feature","c0 = 0.7",3,7,0,26,3,6,0,20,3,1,0,35,3,0.232845115903587,0.0270463217592339,0.857142857142857,0,0.636363636363636,0.0545454545454546,0.365656565656566,0.0333792154380976,0.224074074074074,0.0250513875156827,0.419354838709677,0.0483870967741935
"confounded_blocks","grid","gaussian","interval",8,0.6,0.5,2,"plain_selectboost","feature","c0 = 0.9",3,7,0,23,1.73205080756888,6,1,17,2,1,1,38,2,0.261818181818182,0.0492254049842941,0.857142857142857,0.142857142857143,0.690909090909091,0.0363636363636364,0.400862068965517,0.07251122345371,0.252428127428127,0.058038808216895,0.370967741935484,0.0279363033478851
"confounded_blocks","grid","gaussian","interval",8,0.6,0.5,2,"plain_selectboost","group","c0 = 0.3",3,3,0,4,0,3,0,1,0,0,0,0,0,0.75,0,1,0,0,0,0.857142857142857,0,0.75,0,1,0
"confounded_blocks","grid","gaussian","interval",8,0.6,0.5,2,"plain_selectboost","group","c0 = 0.5",3,3,0,4,0,3,0,1,0,0,0,0,0,0.75,0,1,0,0,0,0.857142857142857,0,0.75,0,1,0
"confounded_blocks","grid","gaussian","interval",8,0.6,0.5,2,"plain_selectboost","group","c0 = 0.7",3,3,0,4,0,3,0,1,0,0,0,0,0,0.75,0,1,0,0,0,0.857142857142857,0,0.75,0,1,0
"confounded_blocks","grid","gaussian","interval",8,0.6,0.5,2,"plain_selectboost","group","c0 = 0.9",3,3,0,4,0,3,0,1,0,0,0,0,0,0.75,0,1,0,0,0,0.857142857142857,0,0.75,0,1,0
"confounded_blocks","grid","gaussian","interval",8,0.6,0.5,2,"selectboost","feature","c0 = 0.3",3,7,0,27.3333333333333,2.3094010767585,6.33333333333333,1.15470053837925,21,2,0.666666666666667,1.15470053837925,34,2,0.231623931623932,0.038490017945975,0.904761904761905,0.164957219768465,0.618181818181818,0.0363636363636364,0.368550368550369,0.0612007917846664,0.227045177045177,0.0456556096698402,0.440860215053763,0.0372484044638468
"confounded_blocks","grid","gaussian","interval",8,0.6,0.5,2,"selectboost","feature","c0 = 0.5",3,7,0,24.6666666666667,8.14452781524708,6,1,18.6666666666667,7.37111479583199,1,1,36.3333333333333,7.37111479583199,0.253255688240208,0.0565002056098433,0.857142857142857,0.142857142857143,0.660606060606061,0.134020269015127,0.386714911105155,0.0652716171389232,0.241091219096334,0.0513400169583847,0.397849462365591,0.131363351858824
"confounded_blocks","grid","gaussian","interval",8,0.6,0.5,2,"selectboost","feature","c0 = 0.7",3,7,0,24,3.60555127546399,6,1,18,4,1,1,37,4,0.255003450655625,0.0678534381047577,0.857142857142857,0.142857142857143,0.672727272727273,0.0727272727272728,0.392063492063492,0.0935969713511465,0.246743295019157,0.075068413183301,0.387096774193548,0.0581540528300643
"confounded_blocks","grid","gaussian","interval",8,0.6,0.5,2,"selectboost","feature","c0 = 0.9",3,7,0,17.3333333333333,1.52752523165195,6.33333333333333,1.15470053837925,11,1.73205080756888,0.666666666666667,1.15470053837925,44,1.73205080756888,0.366679566563468,0.0717070384553085,0.904761904761905,0.164957219768465,0.8,0.0314918328648886,0.521274619100706,0.0971613373033347,0.356359649122807,0.0877946496538859,0.279569892473118,0.0246375037363217
"confounded_blocks","grid","gaussian","interval",8,0.6,0.5,2,"selectboost","group","c0 = 0.3",3,3,0,4,0,3,0,1,0,0,0,0,0,0.75,0,1,0,0,0,0.857142857142857,0,0.75,0,1,0
"confounded_blocks","grid","gaussian","interval",8,0.6,0.5,2,"selectboost","group","c0 = 0.5",3,3,0,3.66666666666667,0.577350269189626,3,0,0.666666666666667,0.577350269189626,0,0,0.333333333333333,0.577350269189626,0.833333333333333,0.144337567297406,1,0,0.333333333333333,0.577350269189626,0.904761904761905,0.0824786098842323,0.833333333333333,0.144337567297406,0.916666666666667,0.144337567297406
"confounded_blocks","grid","gaussian","interval",8,0.6,0.5,2,"selectboost","group","c0 = 0.7",3,3,0,4,0,3,0,1,0,0,0,0,0,0.75,0,1,0,0,0,0.857142857142857,0,0.75,0,1,0
"confounded_blocks","grid","gaussian","interval",8,0.6,0.5,2,"selectboost","group","c0 = 0.9",3,3,0,4,0,3,0,1,0,0,0,0,0,0.75,0,1,0,0,0,0.857142857142857,0,0.75,0,1,0
"confounded_blocks","grid","gaussian","interval",8,0.6,0.8,0,"plain_selectboost","feature","c0 = 0.3",3,10,0,27,1,9,1,18,0,1,1,34,0,0.332722832722833,0.0247309268626729,0.9,0.1,0.653846153846154,0,0.485748906801538,0.0409406558578138,0.321428571428571,0.0357142857142857,0.435483870967742,0.0161290322580645
"confounded_blocks","grid","gaussian","interval",8,0.6,0.8,0,"plain_selectboost","feature","c0 = 0.5",3,10,0,24.3333333333333,0.577350269189626,10,0,14.3333333333333,0.577350269189626,0,0,37.6666666666667,0.577350269189626,0.411111111111111,0.00962250448649376,1,0,0.724358974358974,0.0111028897921081,0.582633053221289,0.00970336586873317,0.411111111111111,0.00962250448649376,0.39247311827957,0.0093121011159617
"confounded_blocks","grid","gaussian","interval",8,0.6,0.8,0,"plain_selectboost","feature","c0 = 0.7",3,10,0,25.6666666666667,5.68624070307733,8.66666666666667,1.52752523165195,17,4.35889894354067,1.33333333333333,1.52752523165195,35,4.35889894354067,0.340277777777778,0.0318234423260822,0.866666666666667,0.152752523165195,0.673076923076923,0.0838249796834745,0.485738381374055,0.0397685501614652,0.321388888888889,0.0350231404983958,0.413978494623656,0.0917135597270537
"confounded_blocks","grid","gaussian","interval",8,0.6,0.8,0,"plain_selectboost","feature","c0 = 0.9",3,10,0,19.6666666666667,0.577350269189626,9.66666666666667,0.577350269189626,10,1,0.333333333333333,0.577350269189626,42,1,0.492105263157895,0.0387655785859374,0.966666666666667,0.0577350269189626,0.807692307692308,0.0192307692307692,0.652107279693487,0.0465670945723786,0.484962406015038,0.0505775340115553,0.317204301075269,0.0093121011159617
"confounded_blocks","grid","gaussian","interval",8,0.6,0.8,0,"plain_selectboost","group","c0 = 0.3",3,3,0,3.66666666666667,0.577350269189626,2.66666666666667,0.577350269189626,1,0,0.333333333333333,0.577350269189626,0,0,0.722222222222222,0.0481125224324688,0.888888888888889,0.192450089729875,0,0,0.793650793650794,0.109971479845643,0.666666666666667,0.144337567297406,0.916666666666667,0.144337567297406
"confounded_blocks","grid","gaussian","interval",8,0.6,0.8,0,"plain_selectboost","group","c0 = 0.5",3,3,0,4,0,3,0,1,0,0,0,0,0,0.75,0,1,0,0,0,0.857142857142857,0,0.75,0,1,0
"confounded_blocks","grid","gaussian","interval",8,0.6,0.8,0,"plain_selectboost","group","c0 = 0.7",3,3,0,4,0,3,0,1,0,0,0,0,0,0.75,0,1,0,0,0,0.857142857142857,0,0.75,0,1,0
"confounded_blocks","grid","gaussian","interval",8,0.6,0.8,0,"plain_selectboost","group","c0 = 0.9",3,3,0,4,0,3,0,1,0,0,0,0,0,0.75,0,1,0,0,0,0.857142857142857,0,0.75,0,1,0
"confounded_blocks","grid","gaussian","interval",8,0.6,0.8,0,"selectboost","feature","c0 = 0.3",3,10,0,28.3333333333333,4.16333199893227,9.66666666666667,0.577350269189626,18.6666666666667,4.04145188432738,0.333333333333333,0.577350269189626,33.3333333333333,4.04145188432738,0.345454545454545,0.0496081986174088,0.966666666666667,0.0577350269189626,0.641025641025641,0.0777202285447573,0.507677112328275,0.0562348454636533,0.341486291486292,0.0515025691886736,0.456989247311828,0.0671505161118107
"confounded_blocks","grid","gaussian","interval",8,0.6,0.8,0,"selectboost","feature","c0 = 0.5",3,10,0,23,0,9.33333333333333,0.577350269189626,13.6666666666667,0.577350269189626,0.666666666666667,0.577350269189626,38.3333333333333,0.577350269189626,0.405797101449275,0.0251021856169402,0.933333333333333,0.0577350269189626,0.737179487179487,0.0111028897921082,0.565656565656566,0.0349909254054319,0.394927536231884,0.0345155052232928,0.370967741935484,0
"confounded_blocks","grid","gaussian","interval",8,0.6,0.8,0,"selectboost","feature","c0 = 0.7",3,10,0,27.6666666666667,4.16333199893227,10,0,17.6666666666667,4.16333199893227,0,0,34.3333333333333,4.16333199893227,0.367396946687946,0.0594083510933795,1,0,0.66025641025641,0.0800640769025436,0.535561998976633,0.0623216310468803,0.367396946687946,0.0594083510933795,0.446236559139785,0.0671505161118107
"confounded_blocks","grid","gaussian","interval",8,0.6,0.8,0,"selectboost","feature","c0 = 0.9",3,10,0,20.3333333333333,0.577350269189626,9.33333333333333,0.577350269189626,11,1,0.666666666666667,0.577350269189626,41,1,0.45952380952381,0.0366542959960492,0.933333333333333,0.0577350269189626,0.788461538461538,0.0192307692307692,0.615770609318996,0.0451271418940133,0.445887445887446,0.0478643817911168,0.327956989247312,0.0093121011159617
"confounded_blocks","grid","gaussian","interval",8,0.6,0.8,0,"selectboost","group","c0 = 0.3",3,3,0,4,0,3,0,1,0,0,0,0,0,0.75,0,1,0,0,0,0.857142857142857,0,0.75,0,1,0
"confounded_blocks","grid","gaussian","interval",8,0.6,0.8,0,"selectboost","group","c0 = 0.5",3,3,0,4,0,3,0,1,0,0,0,0,0,0.75,0,1,0,0,0,0.857142857142857,0,0.75,0,1,0
"confounded_blocks","grid","gaussian","interval",8,0.6,0.8,0,"selectboost","group","c0 = 0.7",3,3,0,4,0,3,0,1,0,0,0,0,0,0.75,0,1,0,0,0,0.857142857142857,0,0.75,0,1,0
"confounded_blocks","grid","gaussian","interval",8,0.6,0.8,0,"selectboost","group","c0 = 0.9",3,3,0,4,0,3,0,1,0,0,0,0,0,0.75,0,1,0,0,0,0.857142857142857,0,0.75,0,1,0
"confounded_blocks","grid","gaussian","interval",8,0.6,0.8,2,"plain_selectboost","feature","c0 = 0.3",3,10,0,31.3333333333333,5.85946527708232,9,1,22.3333333333333,6.65832811847939,1,1,29.6666666666667,6.65832811847939,0.296229078443235,0.0744429453148215,0.9,0.1,0.57051282051282,0.128044771509219,0.444213444213444,0.0969235238594304,0.288752052545156,0.0777468558617175,0.505376344086022,0.0945075044690696
"confounded_blocks","grid","gaussian","interval",8,0.6,0.8,2,"plain_selectboost","feature","c0 = 0.5",3,10,0,30.6666666666667,7.23417813807024,7.66666666666667,2.51661147842358,23,5.29150262212918,2.33333333333333,2.51661147842358,29,5.29150262212918,0.248338081671415,0.0524621524876312,0.766666666666667,0.251661147842358,0.557692307692308,0.101759665810177,0.372791158505444,0.0831739442747941,0.231187549318806,0.0613091345737785,0.494623655913978,0.11668029254952
"confounded_blocks","grid","gaussian","interval",8,0.6,0.8,2,"plain_selectboost","feature","c0 = 0.7",3,10,0,28,1,8.66666666666667,1.52752523165195,19.3333333333333,0.577350269189626,1.33333333333333,1.52752523165195,32.6666666666667,0.577350269189626,0.308505138964909,0.0442238168200866,0.866666666666667,0.152752523165195,0.628205128205128,0.0111028897921081,0.454961033908402,0.0691490411020893,0.296168582375479,0.057082979531245,0.451612903225806,0.0161290322580645
"confounded_blocks","grid","gaussian","interval",8,0.6,0.8,2,"plain_selectboost","feature","c0 = 0.9",3,10,0,24.3333333333333,5.77350269189626,7.33333333333333,1.52752523165195,17,6.2449979983984,2.66666666666667,1.52752523165195,35,6.2449979983984,0.313364055299539,0.104171931386703,0.733333333333333,0.152752523165195,0.673076923076923,0.120096115353815,0.436401783372672,0.126985097279129,0.284991087344029,0.108819013864367,0.39247311827957,0.0931210111596171
"confounded_blocks","grid","gaussian","interval",8,0.6,0.8,2,"plain_selectboost","group","c0 = 0.3",3,3,0,4,0,3,0,1,0,0,0,0,0,0.75,0,1,0,0,0,0.857142857142857,0,0.75,0,1,0
"confounded_blocks","grid","gaussian","interval",8,0.6,0.8,2,"plain_selectboost","group","c0 = 0.5",3,3,0,4,0,3,0,1,0,0,0,0,0,0.75,0,1,0,0,0,0.857142857142857,0,0.75,0,1,0
"confounded_blocks","grid","gaussian","interval",8,0.6,0.8,2,"plain_selectboost","group","c0 = 0.7",3,3,0,4,0,3,0,1,0,0,0,0,0,0.75,0,1,0,0,0,0.857142857142857,0,0.75,0,1,0
"confounded_blocks","grid","gaussian","interval",8,0.6,0.8,2,"plain_selectboost","group","c0 = 0.9",3,3,0,4,0,3,0,1,0,0,0,0,0,0.75,0,1,0,0,0,0.857142857142857,0,0.75,0,1,0
"confounded_blocks","grid","gaussian","interval",8,0.6,0.8,2,"selectboost","feature","c0 = 0.3",3,10,0,30.6666666666667,3.78593889720018,9,1,21.6666666666667,4.61880215351701,1,1,30.3333333333333,4.61880215351701,0.298275862068966,0.0614891007419891,0.9,0.1,0.583333333333333,0.0888231183368655,0.447353426300795,0.0818721524349728,0.290462876669773,0.0665709403711749,0.494623655913978,0.061063530600003
"confounded_blocks","grid","gaussian","interval",8,0.6,0.8,2,"selectboost","feature","c0 = 0.5",3,10,0,29.3333333333333,1.52752523165195,8,0,21.3333333333333,1.52752523165195,2,0,30.6666666666667,1.52752523165195,0.273213623602945,0.0140138551675939,0.8,0,0.58974358974359,0.0293754852240759,0.407184314758127,0.0156324270625905,0.255718475073314,0.0122903097912037,0.473118279569892,0.0246375037363217
"confounded_blocks","grid","gaussian","interval",8,0.6,0.8,2,"selectboost","feature","c0 = 0.7",3,10,0,28.3333333333333,5.77350269189626,8.33333333333333,1.52752523165195,20,4.35889894354067,1.66666666666667,1.52752523165195,32,4.35889894354067,0.295238095238095,0.0216339365554296,0.833333333333333,0.152752523165195,0.615384615384615,0.0838249796834745,0.433862433862434,0.0300051785793816,0.277336860670194,0.0242584562671586,0.456989247311828,0.0931210111596171
"confounded_blocks","grid","gaussian","interval",8,0.6,0.8,2,"selectboost","feature","c0 = 0.9",3,10,0,19.3333333333333,1.52752523165195,7.33333333333333,1.15470053837925,12,1,2.66666666666667,1.15470053837925,40,1,0.37844611528822,0.043913321974775,0.733333333333333,0.115470053837925,0.769230769230769,0.0192307692307692,0.498808199586843,0.0633770927778424,0.333835246878725,0.0554524680888593,0.311827956989247,0.0246375037363217
"confounded_blocks","grid","gaussian","interval",8,0.6,0.8,2,"selectboost","group","c0 = 0.3",3,3,0,4,0,3,0,1,0,0,0,0,0,0.75,0,1,0,0,0,0.857142857142857,0,0.75,0,1,0
"confounded_blocks","grid","gaussian","interval",8,0.6,0.8,2,"selectboost","group","c0 = 0.5",3,3,0,4,0,3,0,1,0,0,0,0,0,0.75,0,1,0,0,0,0.857142857142857,0,0.75,0,1,0
"confounded_blocks","grid","gaussian","interval",8,0.6,0.8,2,"selectboost","group","c0 = 0.7",3,3,0,4,0,3,0,1,0,0,0,0,0,0.75,0,1,0,0,0,0.857142857142857,0,0.75,0,1,0
"confounded_blocks","grid","gaussian","interval",8,0.6,0.8,2,"selectboost","group","c0 = 0.9",3,3,0,4,0,3,0,1,0,0,0,0,0,0.75,0,1,0,0,0,0.857142857142857,0,0.75,0,1,0
"confounded_blocks","grid","gaussian","interval",8,1,0.5,0,"plain_selectboost","feature","c0 = 0.3",3,7,0,24.3333333333333,4.72581562625261,5.66666666666667,1.52752523165195,18.6666666666667,3.21455025366432,1.33333333333333,1.52752523165195,36.3333333333333,3.21455025366432,0.230431848852901,0.0197390046913766,0.80952380952381,0.218217890235992,0.660606060606061,0.0584463682484422,0.357109557109557,0.0464986765120436,0.218013468013468,0.034285205142115,0.39247311827957,0.0762228326814937
"confounded_blocks","grid","gaussian","interval",8,1,0.5,0,"plain_selectboost","feature","c0 = 0.5",3,7,0,26.3333333333333,3.05505046330389,7,0,19.3333333333333,3.05505046330389,0,0,35.6666666666667,3.05505046330389,0.268328798563681,0.0324492049376795,1,0,0.648484848484848,0.0555463720600708,0.42244008714597,0.0399727219845613,0.268328798563681,0.0324492049376795,0.424731182795699,0.0492750074726434
"confounded_blocks","grid","gaussian","interval",8,1,0.5,0,"plain_selectboost","feature","c0 = 0.7",3,7,0,26.3333333333333,1.52752523165195,6.66666666666667,0.577350269189626,19.6666666666667,1.15470053837925,0.333333333333333,0.577350269189626,35.3333333333333,1.15470053837925,0.253076923076923,0.0148563137814061,0.952380952380952,0.0824786098842323,0.642424242424242,0.0209945552432591,0.399747474747475,0.0246221833530273,0.25,0.0192307692307692,0.424731182795699,0.0246375037363217
"confounded_blocks","grid","gaussian","interval",8,1,0.5,0,"plain_selectboost","feature","c0 = 0.9",3,7,0,19.6666666666667,0.577350269189626,6,0,13.6666666666667,0.577350269189626,1,0,41.3333333333333,0.577350269189626,0.305263157894737,0.00911605688194145,0.857142857142857,0,0.751515151515152,0.0104972776216296,0.45014245014245,0.00986923537076286,0.29047619047619,0.00824786098842323,0.317204301075269,0.0093121011159617
"confounded_blocks","grid","gaussian","interval",8,1,0.5,0,"plain_selectboost","group","c0 = 0.3",3,3,0,4,0,3,0,1,0,0,0,0,0,0.75,0,1,0,0,0,0.857142857142857,0,0.75,0,1,0
"confounded_blocks","grid","gaussian","interval",8,1,0.5,0,"plain_selectboost","group","c0 = 0.5",3,3,0,4,0,3,0,1,0,0,0,0,0,0.75,0,1,0,0,0,0.857142857142857,0,0.75,0,1,0
"confounded_blocks","grid","gaussian","interval",8,1,0.5,0,"plain_selectboost","group","c0 = 0.7",3,3,0,4,0,3,0,1,0,0,0,0,0,0.75,0,1,0,0,0,0.857142857142857,0,0.75,0,1,0
"confounded_blocks","grid","gaussian","interval",8,1,0.5,0,"plain_selectboost","group","c0 = 0.9",3,3,0,4,0,3,0,1,0,0,0,0,0,0.75,0,1,0,0,0,0.857142857142857,0,0.75,0,1,0
"confounded_blocks","grid","gaussian","interval",8,1,0.5,0,"selectboost","feature","c0 = 0.3",3,7,0,28.3333333333333,6.11010092660779,6.66666666666667,0.577350269189626,21.6666666666667,5.68624070307733,0.333333333333333,0.577350269189626,33.3333333333333,5.68624070307733,0.240042941492217,0.034687550271409,0.952380952380952,0.0824786098842323,0.606060606060606,0.103386194601406,0.381699346405229,0.0422972279408194,0.23641975308642,0.031878398354754,0.456989247311828,0.0985500149452869
"confounded_blocks","grid","gaussian","interval",8,1,0.5,0,"selectboost","feature","c0 = 0.5",3,7,0,21.6666666666667,2.08166599946613,7,0,14.6666666666667,2.08166599946613,0,0,40.3333333333333,2.08166599946613,0.325,0.0300462606288666,1,0,0.733333333333333,0.0378484727175661,0.490043807248108,0.0345461238058441,0.325,0.0300462606288666,0.349462365591398,0.0335752580559054
"confounded_blocks","grid","gaussian","interval",8,1,0.5,0,"selectboost","feature","c0 = 0.7",3,7,0,23,2.64575131106459,6.66666666666667,0.577350269189626,16.3333333333333,2.3094010767585,0.333333333333333,0.577350269189626,38.6666666666667,2.3094010767585,0.291042291042291,0.024906666355284,0.952380952380952,0.0824786098842323,0.703030303030303,0.0419891104865182,0.445190824501169,0.0326065875624059,0.286713286713287,0.0273085653003729,0.370967741935484,0.0426734082429773
"confounded_blocks","grid","gaussian","interval",8,1,0.5,0,"selectboost","feature","c0 = 0.9",3,7,0,20.3333333333333,2.51661147842358,7,0,13.3333333333333,2.51661147842358,0,0,41.6666666666667,2.51661147842358,0.347745571658615,0.0423155959461745,1,0,0.757575757575758,0.0457565723349743,0.515061728395062,0.0467625900292745,0.347745571658615,0.0423155959461745,0.327956989247312,0.0405905077165094
"confounded_blocks","grid","gaussian","interval",8,1,0.5,0,"selectboost","group","c0 = 0.3",3,3,0,4,0,3,0,1,0,0,0,0,0,0.75,0,1,0,0,0,0.857142857142857,0,0.75,0,1,0
"confounded_blocks","grid","gaussian","interval",8,1,0.5,0,"selectboost","group","c0 = 0.5",3,3,0,4,0,3,0,1,0,0,0,0,0,0.75,0,1,0,0,0,0.857142857142857,0,0.75,0,1,0
"confounded_blocks","grid","gaussian","interval",8,1,0.5,0,"selectboost","group","c0 = 0.7",3,3,0,4,0,3,0,1,0,0,0,0,0,0.75,0,1,0,0,0,0.857142857142857,0,0.75,0,1,0
"confounded_blocks","grid","gaussian","interval",8,1,0.5,0,"selectboost","group","c0 = 0.9",3,3,0,4,0,3,0,1,0,0,0,0,0,0.75,0,1,0,0,0,0.857142857142857,0,0.75,0,1,0
"confounded_blocks","grid","gaussian","interval",8,1,0.5,2,"plain_selectboost","feature","c0 = 0.3",3,7,0,29.6666666666667,3.51188458428425,7,0,22.6666666666667,3.51188458428425,0,0,32.3333333333333,3.51188458428425,0.238228438228438,0.028867748739086,1,0,0.587878787878788,0.0638524469869863,0.384206934206934,0.0374628273977415,0.238228438228438,0.028867748739086,0.478494623655914,0.0566432997465201
"confounded_blocks","grid","gaussian","interval",8,1,0.5,2,"plain_selectboost","feature","c0 = 0.5",3,7,0,30.6666666666667,6.65832811847939,7,0,23.6666666666667,6.65832811847939,0,0,31.3333333333333,6.65832811847939,0.235196612220206,0.048193102558869,1,0,0.56969696969697,0.12106051124508,0.379166666666667,0.063752874541825,0.235196612220206,0.048193102558869,0.494623655913978,0.107392389007732
"confounded_blocks","grid","gaussian","interval",8,1,0.5,2,"plain_selectboost","feature","c0 = 0.7",3,7,0,27,3,7,0,20,3,0,0,35,3,0.26141975308642,0.0292266187682965,1,0,0.636363636363636,0.0545454545454546,0.413918662495513,0.0366647453860745,0.26141975308642,0.0292266187682965,0.435483870967742,0.0483870967741936
"confounded_blocks","grid","gaussian","interval",8,1,0.5,2,"plain_selectboost","feature","c0 = 0.9",3,7,0,22.6666666666667,5.5075705472861,6,0,16.6666666666667,5.5075705472861,1,0,38.3333333333333,5.5075705472861,0.274228675136116,0.0588433343904005,0.857142857142857,0,0.696969696969697,0.100137646314293,0.413105413105413,0.0696113488482657,0.261904761904762,0.054084841388574,0.365591397849462,0.0888317830207436
"confounded_blocks","grid","gaussian","interval",8,1,0.5,2,"plain_selectboost","group","c0 = 0.3",3,3,0,4,0,3,0,1,0,0,0,0,0,0.75,0,1,0,0,0,0.857142857142857,0,0.75,0,1,0
"confounded_blocks","grid","gaussian","interval",8,1,0.5,2,"plain_selectboost","group","c0 = 0.5",3,3,0,4,0,3,0,1,0,0,0,0,0,0.75,0,1,0,0,0,0.857142857142857,0,0.75,0,1,0
"confounded_blocks","grid","gaussian","interval",8,1,0.5,2,"plain_selectboost","group","c0 = 0.7",3,3,0,4,0,3,0,1,0,0,0,0,0,0.75,0,1,0,0,0,0.857142857142857,0,0.75,0,1,0
"confounded_blocks","grid","gaussian","interval",8,1,0.5,2,"plain_selectboost","group","c0 = 0.9",3,3,0,3.66666666666667,0.577350269189626,3,0,0.666666666666667,0.577350269189626,0,0,0.333333333333333,0.577350269189626,0.833333333333333,0.144337567297406,1,0,0.333333333333333,0.577350269189626,0.904761904761905,0.0824786098842323,0.833333333333333,0.144337567297406,0.916666666666667,0.144337567297406
"confounded_blocks","grid","gaussian","interval",8,1,0.5,2,"selectboost","feature","c0 = 0.3",3,7,0,27.3333333333333,1.15470053837925,6,1,21.3333333333333,1.52752523165195,1,1,33.6666666666667,1.52752523165195,0.21978021978022,0.0369605056238289,0.857142857142857,0.142857142857143,0.612121212121212,0.0277731860300354,0.34978354978355,0.058388624415887,0.212962962962963,0.0424312564347763,0.440860215053763,0.0186242022319234
"confounded_blocks","grid","gaussian","interval",8,1,0.5,2,"selectboost","feature","c0 = 0.5",3,7,0,27.6666666666667,1.52752523165195,5.66666666666667,0.577350269189626,22,1,1.33333333333333,0.577350269189626,33,1,0.204496652772515,0.0111838275536645,0.80952380952381,0.0824786098842322,0.6,0.0181818181818182,0.326406926406926,0.0207972504752629,0.195155993431855,0.0147707972069285,0.446236559139785,0.0246375037363217
"confounded_blocks","grid","gaussian","interval",8,1,0.5,2,"selectboost","feature","c0 = 0.7",3,7,0,29.6666666666667,1.15470053837925,5.66666666666667,1.52752523165195,24,1,1.33333333333333,1.52752523165195,31,1,0.190211345939933,0.0462527761652765,0.80952380952381,0.218217890235992,0.563636363636364,0.0181818181818182,0.307992202729045,0.0763226976625805,0.183602150537634,0.0523655637985399,0.478494623655914,0.0186242022319234
"confounded_blocks","grid","gaussian","interval",8,1,0.5,2,"selectboost","feature","c0 = 0.9",3,7,0,21,2.64575131106459,6.66666666666667,0.577350269189626,14.3333333333333,3.05505046330389,0.333333333333333,0.577350269189626,40.6666666666667,3.05505046330389,0.322646757429366,0.0641263484863292,0.952380952380952,0.0824786098842323,0.739393939393939,0.0555463720600708,0.480919540229885,0.0800158525712445,0.319023569023569,0.0694482704792367,0.338709677419355,0.0426734082429773
"confounded_blocks","grid","gaussian","interval",8,1,0.5,2,"selectboost","group","c0 = 0.3",3,3,0,4,0,3,0,1,0,0,0,0,0,0.75,0,1,0,0,0,0.857142857142857,0,0.75,0,1,0
"confounded_blocks","grid","gaussian","interval",8,1,0.5,2,"selectboost","group","c0 = 0.5",3,3,0,4,0,3,0,1,0,0,0,0,0,0.75,0,1,0,0,0,0.857142857142857,0,0.75,0,1,0
"confounded_blocks","grid","gaussian","interval",8,1,0.5,2,"selectboost","group","c0 = 0.7",3,3,0,4,0,3,0,1,0,0,0,0,0,0.75,0,1,0,0,0,0.857142857142857,0,0.75,0,1,0
"confounded_blocks","grid","gaussian","interval",8,1,0.5,2,"selectboost","group","c0 = 0.9",3,3,0,4,0,3,0,1,0,0,0,0,0,0.75,0,1,0,0,0,0.857142857142857,0,0.75,0,1,0
"confounded_blocks","grid","gaussian","interval",8,1,0.8,0,"plain_selectboost","feature","c0 = 0.3",3,10,0,25,5.19615242270663,9.33333333333333,1.15470053837925,15.6666666666667,4.72581562625261,0.666666666666667,1.15470053837925,36.3333333333333,4.72581562625261,0.380254154447703,0.0675336283457121,0.933333333333333,0.115470053837925,0.698717948717949,0.0908810697356271,0.53760162601626,0.0759344261919619,0.370153144346693,0.0732833650376695,0.403225806451613,0.0838089100436553
"confounded_blocks","grid","gaussian","interval",8,1,0.8,0,"plain_selectboost","feature","c0 = 0.5",3,10,0,22,3.60555127546399,8.33333333333333,0.577350269189626,13.6666666666667,4.16333199893227,1.66666666666667,0.577350269189626,38.3333333333333,4.16333199893227,0.389275362318841,0.0968944364813894,0.833333333333333,0.0577350269189626,0.737179487179487,0.0800640769025435,0.528282828282828,0.100186604003585,0.363326835607537,0.0963043562957622,0.354838709677419,0.0581540528300643
"confounded_blocks","grid","gaussian","interval",8,1,0.8,0,"plain_selectboost","feature","c0 = 0.7",3,10,0,23.3333333333333,1.15470053837925,9.66666666666667,0.577350269189626,13.6666666666667,1.52752523165195,0.333333333333333,0.577350269189626,38.3333333333333,1.52752523165195,0.41540404040404,0.0397877556984564,0.966666666666667,0.0577350269189626,0.737179487179487,0.0293754852240759,0.580882352941177,0.0482164597375146,0.41040404040404,0.0475828341902903,0.376344086021505,0.0186242022319234
"confounded_blocks","grid","gaussian","interval",8,1,0.8,0,"plain_selectboost","feature","c0 = 0.9",3,10,0,17.6666666666667,3.05505046330389,7,1.73205080756888,10.6666666666667,3.21455025366432,3,1.73205080756888,41.3333333333333,3.21455025366432,0.402801120448179,0.121095258797001,0.7,0.173205080756888,0.794871794871795,0.0618182741089292,0.508833134209478,0.134962798169734,0.348562349841122,0.1216594249255,0.28494623655914,0.0492750074726434
"confounded_blocks","grid","gaussian","interval",8,1,0.8,0,"plain_selectboost","group","c0 = 0.3",3,3,0,3.66666666666667,0.577350269189626,2.66666666666667,0.577350269189626,1,0,0.333333333333333,0.577350269189626,0,0,0.722222222222222,0.0481125224324688,0.888888888888889,0.192450089729875,0,0,0.793650793650794,0.109971479845643,0.666666666666667,0.144337567297406,0.916666666666667,0.144337567297406
"confounded_blocks","grid","gaussian","interval",8,1,0.8,0,"plain_selectboost","group","c0 = 0.5",3,3,0,4,0,3,0,1,0,0,0,0,0,0.75,0,1,0,0,0,0.857142857142857,0,0.75,0,1,0
"confounded_blocks","grid","gaussian","interval",8,1,0.8,0,"plain_selectboost","group","c0 = 0.7",3,3,0,4,0,3,0,1,0,0,0,0,0,0.75,0,1,0,0,0,0.857142857142857,0,0.75,0,1,0
"confounded_blocks","grid","gaussian","interval",8,1,0.8,0,"plain_selectboost","group","c0 = 0.9",3,3,0,4,0,3,0,1,0,0,0,0,0,0.75,0,1,0,0,0,0.857142857142857,0,0.75,0,1,0
"confounded_blocks","grid","gaussian","interval",8,1,0.8,0,"selectboost","feature","c0 = 0.3",3,10,0,22.6666666666667,2.08166599946613,9,1,13.6666666666667,2.51661147842358,1,1,38.3333333333333,2.51661147842358,0.39994227994228,0.0660579015595527,0.9,0.1,0.737179487179487,0.0483963745850689,0.553149001536098,0.0800044772119568,0.385225885225885,0.0790380224592047,0.365591397849462,0.0335752580559054
"confounded_blocks","grid","gaussian","interval",8,1,0.8,0,"selectboost","feature","c0 = 0.5",3,10,0,23.3333333333333,4.04145188432738,8.66666666666667,1.15470053837925,14.6666666666667,2.88675134594813,1.33333333333333,1.15470053837925,37.3333333333333,2.88675134594813,0.373015873015873,0.0137464349807054,0.866666666666667,0.115470053837925,0.717948717948718,0.0555144489605409,0.519524617996604,0.00588132702060739,0.350931677018634,0.00537903977505864,0.376344086021505,0.065184707811732
"confounded_blocks","grid","gaussian","interval",8,1,0.8,0,"selectboost","feature","c0 = 0.7",3,10,0,21.6666666666667,3.51188458428425,9.66666666666667,0.577350269189626,12,3.60555127546399,0.333333333333333,0.577350269189626,40,3.60555127546399,0.454882154882155,0.0873041313992935,0.966666666666667,0.0577350269189626,0.769230769230769,0.0693375245281536,0.616071428571429,0.0851731429836558,0.448953301127214,0.092422584245335,0.349462365591398,0.0566432997465201
"confounded_blocks","grid","gaussian","interval",8,1,0.8,0,"selectboost","feature","c0 = 0.9",3,10,0,18.3333333333333,3.05505046330389,8.66666666666667,0.577350269189626,9.66666666666667,3.21455025366432,1.33333333333333,0.577350269189626,42.3333333333333,3.21455025366432,0.483208020050125,0.101214663031166,0.866666666666667,0.0577350269189626,0.814102564102564,0.0618182741089292,0.617456433073786,0.0899749617199162,0.450847763347763,0.0977118757037034,0.295698924731183,0.0492750074726434
"confounded_blocks","grid","gaussian","interval",8,1,0.8,0,"selectboost","group","c0 = 0.3",3,3,0,4,0,3,0,1,0,0,0,0,0,0.75,0,1,0,0,0,0.857142857142857,0,0.75,0,1,0
"confounded_blocks","grid","gaussian","interval",8,1,0.8,0,"selectboost","group","c0 = 0.5",3,3,0,4,0,3,0,1,0,0,0,0,0,0.75,0,1,0,0,0,0.857142857142857,0,0.75,0,1,0
"confounded_blocks","grid","gaussian","interval",8,1,0.8,0,"selectboost","group","c0 = 0.7",3,3,0,4,0,3,0,1,0,0,0,0,0,0.75,0,1,0,0,0,0.857142857142857,0,0.75,0,1,0
"confounded_blocks","grid","gaussian","interval",8,1,0.8,0,"selectboost","group","c0 = 0.9",3,3,0,4,0,3,0,1,0,0,0,0,0,0.75,0,1,0,0,0,0.857142857142857,0,0.75,0,1,0
"confounded_blocks","grid","gaussian","interval",8,1,0.8,2,"plain_selectboost","feature","c0 = 0.3",3,10,0,29.6666666666667,3.78593889720018,9,1,20.6666666666667,2.88675134594813,1,1,31.3333333333333,2.88675134594813,0.303947504927897,0.0151781880547625,0.9,0.1,0.602564102564103,0.0555144489605409,0.453554032501401,0.020643751772118,0.293441514536849,0.0172513195702138,0.478494623655914,0.0610635306000029
"confounded_blocks","grid","gaussian","interval",8,1,0.8,2,"plain_selectboost","feature","c0 = 0.5",3,10,0,31,1,8,0,23,1,2,0,29,1,0.258243727598566,0.00833477846181612,0.8,0,0.557692307692308,0.0192307692307692,0.390398761130468,0.00952475373731742,0.242572786690434,0.00735406642571988,0.5,0.0161290322580645
"confounded_blocks","grid","gaussian","interval",8,1,0.8,2,"plain_selectboost","feature","c0 = 0.7",3,10,0,28.3333333333333,4.50924975282289,8.33333333333333,0.577350269189626,20,5,1.66666666666667,0.577350269189626,32,5,0.301046176046176,0.0676046079794739,0.833333333333333,0.0577350269189626,0.615384615384615,0.0961538461538461,0.440852473180215,0.0805066574789615,0.285079365079365,0.0676212832181297,0.456989247311828,0.0727298347229499
"confounded_blocks","grid","gaussian","interval",8,1,0.8,2,"plain_selectboost","feature","c0 = 0.9",3,10,0,23.3333333333333,1.15470053837925,8.66666666666667,1.52752523165195,14.6666666666667,2.08166599946613,1.33333333333333,1.52752523165195,37.3333333333333,2.08166599946613,0.372474747474748,0.07008428831504,0.866666666666667,0.152752523165195,0.717948717948718,0.0400320384512717,0.520833333333333,0.0953286444955608,0.355743424584004,0.0845145397138999,0.376344086021505,0.0186242022319234
"confounded_blocks","grid","gaussian","interval",8,1,0.8,2,"plain_selectboost","group","c0 = 0.3",3,3,0,3.66666666666667,0.577350269189626,2.66666666666667,0.577350269189626,1,0,0.333333333333333,0.577350269189626,0,0,0.722222222222222,0.0481125224324688,0.888888888888889,0.192450089729875,0,0,0.793650793650794,0.109971479845643,0.666666666666667,0.144337567297406,0.916666666666667,0.144337567297406
"confounded_blocks","grid","gaussian","interval",8,1,0.8,2,"plain_selectboost","group","c0 = 0.5",3,3,0,4,0,3,0,1,0,0,0,0,0,0.75,0,1,0,0,0,0.857142857142857,0,0.75,0,1,0
"confounded_blocks","grid","gaussian","interval",8,1,0.8,2,"plain_selectboost","group","c0 = 0.7",3,3,0,4,0,3,0,1,0,0,0,0,0,0.75,0,1,0,0,0,0.857142857142857,0,0.75,0,1,0
"confounded_blocks","grid","gaussian","interval",8,1,0.8,2,"plain_selectboost","group","c0 = 0.9",3,3,0,4,0,3,0,1,0,0,0,0,0,0.75,0,1,0,0,0,0.857142857142857,0,0.75,0,1,0
"confounded_blocks","grid","gaussian","interval",8,1,0.8,2,"selectboost","feature","c0 = 0.3",3,10,0,26,4,7.66666666666667,1.52752523165195,18.3333333333333,3.21455025366432,2.33333333333333,1.52752523165195,33.6666666666667,3.21455025366432,0.295182595182595,0.0442462886086071,0.766666666666667,0.152752523165195,0.647435897435897,0.0618182741089292,0.425,0.0661437827766148,0.271367521367521,0.0545185932571499,0.419354838709677,0.0645161290322581
"confounded_blocks","grid","gaussian","interval",8,1,0.8,2,"selectboost","feature","c0 = 0.5",3,10,0,30,7,8.66666666666667,0.577350269189626,21.3333333333333,6.42910050732864,1.33333333333333,0.577350269189626,30.6666666666667,6.42910050732864,0.297835497835498,0.057515510580926,0.866666666666667,0.0577350269189626,0.58974358974359,0.123636548217858,0.43953488372093,0.0531841703536246,0.282679738562091,0.044479273166066,0.483870967741935,0.112903225806452
"confounded_blocks","grid","gaussian","interval",8,1,0.8,2,"selectboost","feature","c0 = 0.7",3,10,0,28.6666666666667,4.04145188432738,8.66666666666667,0.577350269189626,20,4.58257569495584,1.33333333333333,0.577350269189626,32,4.58257569495584,0.307950937950938,0.0599353789134297,0.866666666666667,0.0577350269189626,0.615384615384615,0.0881264556722277,0.453354316022615,0.0732438994284158,0.29502336743716,0.0602699476269527,0.462365591397849,0.0651847078117319
"confounded_blocks","grid","gaussian","interval",8,1,0.8,2,"selectboost","feature","c0 = 0.9",3,10,0,21.6666666666667,1.52752523165195,8.66666666666667,1.52752523165195,13,1,1.33333333333333,1.52752523165195,39,1,0.398616600790514,0.0526549123927745,0.866666666666667,0.152752523165195,0.75,0.0192307692307693,0.545707070707071,0.0791669687297896,0.37796442687747,0.0751426827354011,0.349462365591398,0.0246375037363217
"confounded_blocks","grid","gaussian","interval",8,1,0.8,2,"selectboost","group","c0 = 0.3",3,3,0,4,0,3,0,1,0,0,0,0,0,0.75,0,1,0,0,0,0.857142857142857,0,0.75,0,1,0
"confounded_blocks","grid","gaussian","interval",8,1,0.8,2,"selectboost","group","c0 = 0.5",3,3,0,4,0,3,0,1,0,0,0,0,0,0.75,0,1,0,0,0,0.857142857142857,0,0.75,0,1,0
"confounded_blocks","grid","gaussian","interval",8,1,0.8,2,"selectboost","group","c0 = 0.7",3,3,0,4,0,3,0,1,0,0,0,0,0,0.75,0,1,0,0,0,0.857142857142857,0,0.75,0,1,0
"confounded_blocks","grid","gaussian","interval",8,1,0.8,2,"selectboost","group","c0 = 0.9",3,3,0,4,0,3,0,1,0,0,0,0,0,0.75,0,1,0,0,0,0.857142857142857,0,0.75,0,1,0
"confounded_blocks","grid","gaussian","neighborhood",4,0.6,0.5,0,"plain_selectboost","feature","c0 = 0.3",3,7,0,26.3333333333333,5.13160143944688,7,0,19.3333333333333,5.13160143944688,0,0,35.6666666666667,5.13160143944688,0.272310606060606,0.0501599112947973,1,0,0.648484848484848,0.0933018443535797,0.426410993221338,0.0626327423605509,0.272310606060606,0.0501599112947973,0.424731182795699,0.0827677651523691
"confounded_blocks","grid","gaussian","neighborhood",4,0.6,0.5,0,"plain_selectboost","feature","c0 = 0.5",3,7,0,23.3333333333333,4.16333199893227,7,0,16.3333333333333,4.16333199893227,0,0,38.6666666666667,4.16333199893227,0.306060606060606,0.0510900463639011,1,0,0.703030303030303,0.0756969454351321,0.467092379736058,0.0607925417890075,0.306060606060606,0.0510900463639011,0.376344086021505,0.0671505161118107
"confounded_blocks","grid","gaussian","neighborhood",4,0.6,0.5,0,"plain_selectboost","feature","c0 = 0.7",3,7,0,21.3333333333333,2.08166599946613,6.66666666666667,0.577350269189626,14.6666666666667,1.52752523165195,0.333333333333333,0.577350269189626,40.3333333333333,1.52752523165195,0.312773039317662,0.00739384822240394,0.952380952380952,0.0824786098842323,0.733333333333333,0.0277731860300354,0.470321249631594,0.0110720716709274,0.307509881422925,0.00949439695609827,0.344086021505376,0.0335752580559054
"confounded_blocks","grid","gaussian","neighborhood",4,0.6,0.5,0,"plain_selectboost","feature","c0 = 0.9",3,7,0,21.3333333333333,4.16333199893227,7,0,14.3333333333333,4.16333199893227,0,0,40.6666666666667,4.16333199893227,0.336039886039886,0.0610383484898121,1,0,0.739393939393939,0.0756969454351321,0.500920314253648,0.0695686886386726,0.336039886039886,0.0610383484898121,0.344086021505376,0.0671505161118107
"confounded_blocks","grid","gaussian","neighborhood",4,0.6,0.5,0,"plain_selectboost","group","c0 = 0.3",3,3,0,4,0,3,0,1,0,0,0,0,0,0.75,0,1,0,0,0,0.857142857142857,0,0.75,0,1,0
"confounded_blocks","grid","gaussian","neighborhood",4,0.6,0.5,0,"plain_selectboost","group","c0 = 0.5",3,3,0,4,0,3,0,1,0,0,0,0,0,0.75,0,1,0,0,0,0.857142857142857,0,0.75,0,1,0
"confounded_blocks","grid","gaussian","neighborhood",4,0.6,0.5,0,"plain_selectboost","group","c0 = 0.7",3,3,0,4,0,3,0,1,0,0,0,0,0,0.75,0,1,0,0,0,0.857142857142857,0,0.75,0,1,0
"confounded_blocks","grid","gaussian","neighborhood",4,0.6,0.5,0,"plain_selectboost","group","c0 = 0.9",3,3,0,4,0,3,0,1,0,0,0,0,0,0.75,0,1,0,0,0,0.857142857142857,0,0.75,0,1,0
"confounded_blocks","grid","gaussian","neighborhood",4,0.6,0.5,0,"selectboost","feature","c0 = 0.3",3,7,0,26.3333333333333,5.68624070307733,6.66666666666667,0.577350269189626,19.6666666666667,5.85946527708231,0.333333333333333,0.577350269189626,35.3333333333333,5.85946527708232,0.263364055299539,0.0752497311141143,0.952380952380952,0.0824786098842323,0.642424242424242,0.106535732310588,0.409932238002413,0.0949031801784354,0.260901001112347,0.0777391135821426,0.424731182795699,0.0917135597270537
"confounded_blocks","grid","gaussian","neighborhood",4,0.6,0.5,0,"selectboost","feature","c0 = 0.5",3,7,0,25,6.92820323027551,7,0,18,6.92820323027551,0,0,37,6.92820323027551,0.292929292929293,0.0699818508108637,1,0,0.672727272727273,0.125967331459555,0.45,0.0866025403784439,0.292929292929293,0.0699818508108637,0.403225806451613,0.11174521339154
"confounded_blocks","grid","gaussian","neighborhood",4,0.6,0.5,0,"selectboost","feature","c0 = 0.7",3,7,0,20.3333333333333,4.04145188432738,6.33333333333333,0.577350269189626,14,4.35889894354067,0.666666666666667,0.577350269189626,41,4.35889894354067,0.320740740740741,0.0752389882294694,0.904761904761905,0.0824786098842323,0.745454545454545,0.0792527080643759,0.471666666666667,0.0927811043981119,0.311815864447443,0.0791346873927248,0.327956989247312,0.0651847078117319
"confounded_blocks","grid","gaussian","neighborhood",4,0.6,0.5,0,"selectboost","feature","c0 = 0.9",3,7,0,20.3333333333333,5.77350269189626,6.66666666666667,0.577350269189626,13.6666666666667,5.5075705472861,0.333333333333333,0.577350269189626,41.3333333333333,5.5075705472861,0.341321713870733,0.0769138267527977,0.952380952380952,0.0824786098842323,0.751515151515152,0.100137646314293,0.498366013071895,0.0857959842668306,0.334785766158315,0.0762630971260716,0.327956989247312,0.0931210111596171
"confounded_blocks","grid","gaussian","neighborhood",4,0.6,0.5,0,"selectboost","group","c0 = 0.3",3,3,0,4,0,3,0,1,0,0,0,0,0,0.75,0,1,0,0,0,0.857142857142857,0,0.75,0,1,0
"confounded_blocks","grid","gaussian","neighborhood",4,0.6,0.5,0,"selectboost","group","c0 = 0.5",3,3,0,4,0,3,0,1,0,0,0,0,0,0.75,0,1,0,0,0,0.857142857142857,0,0.75,0,1,0
"confounded_blocks","grid","gaussian","neighborhood",4,0.6,0.5,0,"selectboost","group","c0 = 0.7",3,3,0,4,0,3,0,1,0,0,0,0,0,0.75,0,1,0,0,0,0.857142857142857,0,0.75,0,1,0
"confounded_blocks","grid","gaussian","neighborhood",4,0.6,0.5,0,"selectboost","group","c0 = 0.9",3,3,0,4,0,3,0,1,0,0,0,0,0,0.75,0,1,0,0,0,0.857142857142857,0,0.75,0,1,0
"confounded_blocks","grid","gaussian","neighborhood",4,0.6,0.5,2,"plain_selectboost","feature","c0 = 0.3",3,7,0,30,4,6.33333333333333,0.577350269189626,23.6666666666667,3.51188458428425,0.666666666666667,0.577350269189626,31.3333333333333,3.51188458428425,0.212217194570136,0.0163335254731041,0.904761904761905,0.0824786098842323,0.56969696969697,0.0638524469869863,0.343141367531611,0.0197096614167371,0.207217654086724,0.014383479310039,0.483870967741935,0.064516129032258
"confounded_blocks","grid","gaussian","neighborhood",4,0.6,0.5,2,"plain_selectboost","feature","c0 = 0.5",3,7,0,29.3333333333333,1.15470053837925,7,0,22.3333333333333,1.15470053837925,0,0,32.6666666666667,1.15470053837925,0.238888888888889,0.00962250448649376,1,0,0.593939393939394,0.0209945552432591,0.385585585585586,0.0124832490635595,0.238888888888889,0.00962250448649376,0.473118279569892,0.0186242022319234
"confounded_blocks","grid","gaussian","neighborhood",4,0.6,0.5,2,"plain_selectboost","feature","c0 = 0.7",3,7,0,25.3333333333333,3.05505046330389,5.66666666666667,0.577350269189626,19.6666666666667,2.51661147842358,1.33333333333333,0.577350269189626,35.3333333333333,2.51661147842358,0.224109224109224,0.00868518238810855,0.80952380952381,0.0824786098842322,0.642424242424242,0.0457565723349743,0.350440364233468,0.0114704604061725,0.212484035759898,0.00846405883896012,0.408602150537634,0.0492750074726434
"confounded_blocks","grid","gaussian","neighborhood",4,0.6,0.5,2,"plain_selectboost","feature","c0 = 0.9",3,7,0,20.3333333333333,0.577350269189626,5.66666666666667,1.15470053837925,14.6666666666667,1.52752523165195,1.33333333333333,1.15470053837925,40.3333333333333,1.52752523165195,0.279365079365079,0.0614605552271408,0.80952380952381,0.164957219768465,0.733333333333333,0.0277731860300354,0.415343915343915,0.0895962657242122,0.264888010540184,0.0738745469841339,0.327956989247312,0.0093121011159617
"confounded_blocks","grid","gaussian","neighborhood",4,0.6,0.5,2,"plain_selectboost","group","c0 = 0.3",3,3,0,4,0,3,0,1,0,0,0,0,0,0.75,0,1,0,0,0,0.857142857142857,0,0.75,0,1,0
"confounded_blocks","grid","gaussian","neighborhood",4,0.6,0.5,2,"plain_selectboost","group","c0 = 0.5",3,3,0,4,0,3,0,1,0,0,0,0,0,0.75,0,1,0,0,0,0.857142857142857,0,0.75,0,1,0
"confounded_blocks","grid","gaussian","neighborhood",4,0.6,0.5,2,"plain_selectboost","group","c0 = 0.7",3,3,0,4,0,3,0,1,0,0,0,0,0,0.75,0,1,0,0,0,0.857142857142857,0,0.75,0,1,0
"confounded_blocks","grid","gaussian","neighborhood",4,0.6,0.5,2,"plain_selectboost","group","c0 = 0.9",3,3,0,4,0,3,0,1,0,0,0,0,0,0.75,0,1,0,0,0,0.857142857142857,0,0.75,0,1,0
"confounded_blocks","grid","gaussian","neighborhood",4,0.6,0.5,2,"selectboost","feature","c0 = 0.3",3,7,0,20.3333333333333,4.04145188432738,6.66666666666667,0.577350269189626,13.6666666666667,4.16333199893227,0.333333333333333,0.577350269189626,41.3333333333333,4.16333199893227,0.338293650793651,0.0859667523051188,0.952380952380952,0.0824786098842323,0.751515151515151,0.0756969454351321,0.496293327990383,0.0980226466177928,0.333964646464646,0.0901629205076337,0.327956989247312,0.0651847078117319
"confounded_blocks","grid","gaussian","neighborhood",4,0.6,0.5,2,"selectboost","feature","c0 = 0.5",3,7,0,22,4.35889894354067,6.33333333333333,0.577350269189626,15.6666666666667,4.16333199893227,0.666666666666667,0.577350269189626,39.3333333333333,4.16333199893227,0.294869281045752,0.0565386583656349,0.904761904761905,0.0824786098842323,0.715151515151515,0.0756969454351321,0.442204301075269,0.0630288929445879,0.28525641025641,0.0515816568571509,0.354838709677419,0.0703048216700109
"confounded_blocks","grid","gaussian","neighborhood",4,0.6,0.5,2,"selectboost","feature","c0 = 0.7",3,7,0,20.3333333333333,3.21455025366432,5.33333333333333,0.577350269189626,15,3.46410161513775,1.66666666666667,0.577350269189626,40,3.46410161513775,0.267300194931774,0.0544889009936703,0.761904761904762,0.0824786098842322,0.727272727272727,0.0629836657297774,0.394706368899917,0.0696299905266813,0.247435897435897,0.0538919219409838,0.327956989247312,0.0518475847365212
"confounded_blocks","grid","gaussian","neighborhood",4,0.6,0.5,2,"selectboost","feature","c0 = 0.9",3,7,0,19.3333333333333,3.05505046330389,5.33333333333333,0.577350269189626,14,2.64575131106459,1.66666666666667,0.577350269189626,41,2.64575131106459,0.278409090909091,0.031635024788807,0.761904761904762,0.0824786098842322,0.745454545454545,0.0481045692920835,0.406315360838099,0.0328507471365,0.255306690089299,0.0257079601757411,0.311827956989247,0.0492750074726434
"confounded_blocks","grid","gaussian","neighborhood",4,0.6,0.5,2,"selectboost","group","c0 = 0.3",3,3,0,4,0,3,0,1,0,0,0,0,0,0.75,0,1,0,0,0,0.857142857142857,0,0.75,0,1,0
"confounded_blocks","grid","gaussian","neighborhood",4,0.6,0.5,2,"selectboost","group","c0 = 0.5",3,3,0,3.66666666666667,0.577350269189626,3,0,0.666666666666667,0.577350269189626,0,0,0.333333333333333,0.577350269189626,0.833333333333333,0.144337567297406,1,0,0.333333333333333,0.577350269189626,0.904761904761905,0.0824786098842323,0.833333333333333,0.144337567297406,0.916666666666667,0.144337567297406
"confounded_blocks","grid","gaussian","neighborhood",4,0.6,0.5,2,"selectboost","group","c0 = 0.7",3,3,0,4,0,3,0,1,0,0,0,0,0,0.75,0,1,0,0,0,0.857142857142857,0,0.75,0,1,0
"confounded_blocks","grid","gaussian","neighborhood",4,0.6,0.5,2,"selectboost","group","c0 = 0.9",3,3,0,3.66666666666667,0.577350269189626,3,0,0.666666666666667,0.577350269189626,0,0,0.333333333333333,0.577350269189626,0.833333333333333,0.144337567297406,1,0,0.333333333333333,0.577350269189626,0.904761904761905,0.0824786098842323,0.833333333333333,0.144337567297406,0.916666666666667,0.144337567297406
"confounded_blocks","grid","gaussian","neighborhood",4,0.6,0.8,0,"plain_selectboost","feature","c0 = 0.3",3,10,0,26.3333333333333,2.88675134594813,9,1,17.3333333333333,2.08166599946613,1,1,34.6666666666667,2.08166599946613,0.342132505175983,0.0185253935488336,0.9,0.1,0.666666666666667,0.0400320384512718,0.494949494949495,0.0277316349936097,0.329162561576355,0.0247078589435962,0.424731182795699,0.0465605055798085
"confounded_blocks","grid","gaussian","neighborhood",4,0.6,0.8,0,"plain_selectboost","feature","c0 = 0.5",3,10,0,33,6.08276253029822,9.66666666666667,0.577350269189626,23.3333333333333,5.85946527708231,0.333333333333333,0.577350269189626,28.6666666666667,5.85946527708231,0.298275862068966,0.0474372982489573,0.966666666666667,0.0577350269189626,0.551282051282051,0.112682024559275,0.454273504273504,0.0565315324164543,0.295050055617353,0.0475902252691256,0.532258064516129,0.0981090730693261
"confounded_blocks","grid","gaussian","neighborhood",4,0.6,0.8,0,"plain_selectboost","feature","c0 = 0.7",3,10,0,28.3333333333333,6.65832811847939,9.66666666666667,0.577350269189626,18.6666666666667,6.11010092660779,0.333333333333333,0.577350269189626,33.3333333333333,6.11010092660779,0.352007469654528,0.0691447566071844,0.966666666666667,0.0577350269189626,0.641025641025641,0.117501940896304,0.511730205278592,0.0638629963061072,0.345513963161022,0.0584464588561534,0.456989247311828,0.107392389007732
"confounded_blocks","grid","gaussian","neighborhood",4,0.6,0.8,0,"plain_selectboost","feature","c0 = 0.9",3,10,0,19,1,9.33333333333333,0.577350269189626,9.66666666666667,0.577350269189626,0.666666666666667,0.577350269189626,42.3333333333333,0.577350269189626,0.491228070175439,0.0151934281365691,0.933333333333333,0.0577350269189626,0.814102564102564,0.0111028897921081,0.643404488232074,0.0229933922400601,0.474561403508772,0.0250115393497952,0.306451612903226,0.0161290322580645
"confounded_blocks","grid","gaussian","neighborhood",4,0.6,0.8,0,"plain_selectboost","group","c0 = 0.3",3,3,0,3,1,2,1,1,0,1,1,0,0,0.638888888888889,0.127293769304329,0.666666666666667,0.333333333333333,0,0,0.641269841269841,0.229627191365398,0.5,0.25,0.75,0.25
"confounded_blocks","grid","gaussian","neighborhood",4,0.6,0.8,0,"plain_selectboost","group","c0 = 0.5",3,3,0,4,0,3,0,1,0,0,0,0,0,0.75,0,1,0,0,0,0.857142857142857,0,0.75,0,1,0
"confounded_blocks","grid","gaussian","neighborhood",4,0.6,0.8,0,"plain_selectboost","group","c0 = 0.7",3,3,0,4,0,3,0,1,0,0,0,0,0,0.75,0,1,0,0,0,0.857142857142857,0,0.75,0,1,0
"confounded_blocks","grid","gaussian","neighborhood",4,0.6,0.8,0,"plain_selectboost","group","c0 = 0.9",3,3,0,4,0,3,0,1,0,0,0,0,0,0.75,0,1,0,0,0,0.857142857142857,0,0.75,0,1,0
"confounded_blocks","grid","gaussian","neighborhood",4,0.6,0.8,0,"selectboost","feature","c0 = 0.3",3,10,0,27.3333333333333,0.577350269189626,9.33333333333333,0.577350269189626,18,1,0.666666666666667,0.577350269189626,34,1,0.341710758377425,0.0255237312846672,0.933333333333333,0.0577350269189626,0.653846153846154,0.0192307692307693,0.500237079184448,0.0354859312319918,0.334047923128383,0.0319406085512786,0.440860215053763,0.0093121011159617
"confounded_blocks","grid","gaussian","neighborhood",4,0.6,0.8,0,"selectboost","feature","c0 = 0.5",3,10,0,25.6666666666667,4.61880215351701,10,0,15.6666666666667,4.61880215351701,0,0,36.3333333333333,4.61880215351701,0.397381954184198,0.0647798338501684,1,0,0.698717948717949,0.0888231183368655,0.566642030056664,0.0682749764008427,0.397381954184198,0.0647798338501684,0.413978494623656,0.0744968089276936
"confounded_blocks","grid","gaussian","neighborhood",4,0.6,0.8,0,"selectboost","feature","c0 = 0.7",3,10,0,22.6666666666667,4.72581562625261,9.33333333333333,1.15470053837925,13.3333333333333,4.04145188432738,0.666666666666667,1.15470053837925,38.6666666666667,4.04145188432738,0.41812865497076,0.0595776479028056,0.933333333333333,0.115470053837925,0.743589743589744,0.0777202285447573,0.5744004059091,0.0625837288363839,0.404761904761905,0.0629940788348712,0.365591397849462,0.0762228326814937
"confounded_blocks","grid","gaussian","neighborhood",4,0.6,0.8,0,"selectboost","feature","c0 = 0.9",3,10,0,19.6666666666667,2.3094010767585,8.66666666666667,1.52752523165195,11,1,1.33333333333333,1.52752523165195,41,1,0.438842203548086,0.0334183569900528,0.866666666666667,0.152752523165195,0.788461538461538,0.0192307692307692,0.581441656710474,0.0633251428444475,0.411760461760462,0.0631375795694325,0.317204301075269,0.0372484044638468
"confounded_blocks","grid","gaussian","neighborhood",4,0.6,0.8,0,"selectboost","group","c0 = 0.3",3,3,0,4,0,3,0,1,0,0,0,0,0,0.75,0,1,0,0,0,0.857142857142857,0,0.75,0,1,0
"confounded_blocks","grid","gaussian","neighborhood",4,0.6,0.8,0,"selectboost","group","c0 = 0.5",3,3,0,4,0,3,0,1,0,0,0,0,0,0.75,0,1,0,0,0,0.857142857142857,0,0.75,0,1,0
"confounded_blocks","grid","gaussian","neighborhood",4,0.6,0.8,0,"selectboost","group","c0 = 0.7",3,3,0,4,0,3,0,1,0,0,0,0,0,0.75,0,1,0,0,0,0.857142857142857,0,0.75,0,1,0
"confounded_blocks","grid","gaussian","neighborhood",4,0.6,0.8,0,"selectboost","group","c0 = 0.9",3,3,0,4,0,3,0,1,0,0,0,0,0,0.75,0,1,0,0,0,0.857142857142857,0,0.75,0,1,0
"confounded_blocks","grid","gaussian","neighborhood",4,0.6,0.8,2,"plain_selectboost","feature","c0 = 0.3",3,10,0,28.3333333333333,5.13160143944688,8.66666666666667,0.577350269189626,19.6666666666667,4.72581562625261,1.33333333333333,0.577350269189626,32.3333333333333,4.72581562625261,0.310457516339869,0.0396220772973272,0.866666666666667,0.0577350269189626,0.621794871794872,0.090881069735627,0.455388543623838,0.0408753204299659,0.295421245421245,0.0338540616802673,0.456989247311828,0.0827677651523691
"confounded_blocks","grid","gaussian","neighborhood",4,0.6,0.8,2,"plain_selectboost","feature","c0 = 0.5",3,10,0,32,2.64575131106459,8,1,24,3,2,1,28,3,0.251459293394777,0.0420602118717444,0.8,0.1,0.538461538461538,0.0576923076923077,0.382339656729901,0.0590176977482855,0.237473716600851,0.0460591902406813,0.516129032258065,0.0426734082429773
"confounded_blocks","grid","gaussian","neighborhood",4,0.6,0.8,2,"plain_selectboost","feature","c0 = 0.7",3,10,0,25.6666666666667,2.51661147842358,8,2,17.6666666666667,2.08166599946613,2,2,34.3333333333333,2.08166599946613,0.310399745182354,0.0654620950358482,0.8,0.2,0.66025641025641,0.0400320384512718,0.446748183590289,0.0985060409396529,0.291168091168091,0.0839233260182308,0.413978494623656,0.0405905077165094
"confounded_blocks","grid","gaussian","neighborhood",4,0.6,0.8,2,"plain_selectboost","feature","c0 = 0.9",3,10,0,21,1.73205080756888,7,1,14,2,3,1,38,2,0.334782608695652,0.0565217391304348,0.7,0.1,0.730769230769231,0.0384615384615385,0.452525252525253,0.0710238215403917,0.294289044289044,0.0608214078001825,0.338709677419355,0.0279363033478851
"confounded_blocks","grid","gaussian","neighborhood",4,0.6,0.8,2,"plain_selectboost","group","c0 = 0.3",3,3,0,4,0,3,0,1,0,0,0,0,0,0.75,0,1,0,0,0,0.857142857142857,0,0.75,0,1,0
"confounded_blocks","grid","gaussian","neighborhood",4,0.6,0.8,2,"plain_selectboost","group","c0 = 0.5",3,3,0,4,0,3,0,1,0,0,0,0,0,0.75,0,1,0,0,0,0.857142857142857,0,0.75,0,1,0
"confounded_blocks","grid","gaussian","neighborhood",4,0.6,0.8,2,"plain_selectboost","group","c0 = 0.7",3,3,0,4,0,3,0,1,0,0,0,0,0,0.75,0,1,0,0,0,0.857142857142857,0,0.75,0,1,0
"confounded_blocks","grid","gaussian","neighborhood",4,0.6,0.8,2,"plain_selectboost","group","c0 = 0.9",3,3,0,4,0,3,0,1,0,0,0,0,0,0.75,0,1,0,0,0,0.857142857142857,0,0.75,0,1,0
"confounded_blocks","grid","gaussian","neighborhood",4,0.6,0.8,2,"selectboost","feature","c0 = 0.3",3,10,0,23.3333333333333,4.72581562625261,7.66666666666667,1.15470053837925,15.6666666666667,4.04145188432738,2.33333333333333,1.15470053837925,36.3333333333333,4.04145188432738,0.334074074074074,0.0544482236027764,0.766666666666667,0.115470053837925,0.698717948717949,0.0777202285447573,0.462162162162162,0.0542563781077966,0.301587301587302,0.045070701157145,0.376344086021505,0.0762228326814937
"confounded_blocks","grid","gaussian","neighborhood",4,0.6,0.8,2,"selectboost","feature","c0 = 0.5",3,10,0,27,5.56776436283002,7.66666666666667,0.577350269189626,19.3333333333333,5.13160143944688,2.33333333333333,0.577350269189626,32.6666666666667,5.13160143944688,0.289432789432789,0.0410470471102181,0.766666666666667,0.0577350269189626,0.628205128205128,0.0986846430662862,0.41801248923342,0.0399187217219169,0.264761904761905,0.0314718316987777,0.435483870967742,0.0898026510133874
"confounded_blocks","grid","gaussian","neighborhood",4,0.6,0.8,2,"selectboost","feature","c0 = 0.7",3,10,0,24,0,8,1,16,1,2,1,36,1,0.333333333333333,0.0416666666666667,0.8,0.1,0.692307692307692,0.0192307692307692,0.470588235294118,0.0588235294117648,0.308983855650522,0.0503827875702066,0.387096774193548,0
"confounded_blocks","grid","gaussian","neighborhood",4,0.6,0.8,2,"selectboost","feature","c0 = 0.9",3,10,0,19,1,7,1,12,1.73205080756888,3,1,40,1.73205080756888,0.369980506822612,0.0627023132533427,0.7,0.1,0.769230769230769,0.0333086693763246,0.483908045977011,0.077131489976127,0.321428571428571,0.0662829090813098,0.306451612903226,0.0161290322580645
"confounded_blocks","grid","gaussian","neighborhood",4,0.6,0.8,2,"selectboost","group","c0 = 0.3",3,3,0,4,0,3,0,1,0,0,0,0,0,0.75,0,1,0,0,0,0.857142857142857,0,0.75,0,1,0
"confounded_blocks","grid","gaussian","neighborhood",4,0.6,0.8,2,"selectboost","group","c0 = 0.5",3,3,0,4,0,3,0,1,0,0,0,0,0,0.75,0,1,0,0,0,0.857142857142857,0,0.75,0,1,0
"confounded_blocks","grid","gaussian","neighborhood",4,0.6,0.8,2,"selectboost","group","c0 = 0.7",3,3,0,4,0,3,0,1,0,0,0,0,0,0.75,0,1,0,0,0,0.857142857142857,0,0.75,0,1,0
"confounded_blocks","grid","gaussian","neighborhood",4,0.6,0.8,2,"selectboost","group","c0 = 0.9",3,3,0,4,0,3,0,1,0,0,0,0,0,0.75,0,1,0,0,0,0.857142857142857,0,0.75,0,1,0
"confounded_blocks","grid","gaussian","neighborhood",4,1,0.5,0,"plain_selectboost","feature","c0 = 0.3",3,7,0,27.6666666666667,5.03322295684717,6.33333333333333,1.15470053837925,21.3333333333333,4.16333199893227,0.666666666666667,1.15470053837925,33.6666666666667,4.16333199893227,0.229590591909432,0.025828585612752,0.904761904761905,0.164957219768465,0.612121212121212,0.0756969454351321,0.365032679738562,0.0413201663243556,0.223793490460157,0.0313064931476743,0.446236559139785,0.0811810154330188
"confounded_blocks","grid","gaussian","neighborhood",4,1,0.5,0,"plain_selectboost","feature","c0 = 0.5",3,7,0,27,4.58257569495584,7,0,20,4.58257569495584,0,0,35,4.58257569495584,0.26466275659824,0.0479014552021104,1,0,0.636363636363636,0.0833195580901062,0.417059891107078,0.0590470133097164,0.26466275659824,0.0479014552021104,0.435483870967742,0.0739125112089652
"confounded_blocks","grid","gaussian","neighborhood",4,1,0.5,0,"plain_selectboost","feature","c0 = 0.7",3,7,0,25,3,6.66666666666667,0.577350269189626,18.3333333333333,2.51661147842358,0.333333333333333,0.577350269189626,36.6666666666667,2.51661147842358,0.267575757575758,0.0156493955559701,0.952380952380952,0.0824786098842323,0.666666666666667,0.0457565723349743,0.417097701149425,0.0189671498774811,0.263623188405797,0.0151883781391495,0.403225806451613,0.0483870967741935
"confounded_blocks","grid","gaussian","neighborhood",4,1,0.5,0,"plain_selectboost","feature","c0 = 0.9",3,7,0,24,7,6.33333333333333,0.577350269189626,17.6666666666667,6.42910050732864,0.666666666666667,0.577350269189626,37.3333333333333,6.42910050732864,0.273417919799499,0.0496745943542561,0.904761904761905,0.0824786098842323,0.678787878787879,0.116892736496884,0.416361416361416,0.0523608831316033,0.263825757575758,0.0413499498668921,0.387096774193548,0.112903225806452
"confounded_blocks","grid","gaussian","neighborhood",4,1,0.5,0,"plain_selectboost","group","c0 = 0.3",3,3,0,4,0,3,0,1,0,0,0,0,0,0.75,0,1,0,0,0,0.857142857142857,0,0.75,0,1,0
"confounded_blocks","grid","gaussian","neighborhood",4,1,0.5,0,"plain_selectboost","group","c0 = 0.5",3,3,0,4,0,3,0,1,0,0,0,0,0,0.75,0,1,0,0,0,0.857142857142857,0,0.75,0,1,0
"confounded_blocks","grid","gaussian","neighborhood",4,1,0.5,0,"plain_selectboost","group","c0 = 0.7",3,3,0,4,0,3,0,1,0,0,0,0,0,0.75,0,1,0,0,0,0.857142857142857,0,0.75,0,1,0
"confounded_blocks","grid","gaussian","neighborhood",4,1,0.5,0,"plain_selectboost","group","c0 = 0.9",3,3,0,4,0,3,0,1,0,0,0,0,0,0.75,0,1,0,0,0,0.857142857142857,0,0.75,0,1,0
"confounded_blocks","grid","gaussian","neighborhood",4,1,0.5,0,"selectboost","feature","c0 = 0.3",3,7,0,26,2.64575131106459,6.33333333333333,1.15470053837925,19.6666666666667,2.08166599946613,0.666666666666667,1.15470053837925,35.3333333333333,2.08166599946613,0.24323754789272,0.0358694516666491,0.904761904761905,0.164957219768465,0.642424242424242,0.0378484727175661,0.382989844683393,0.0576863378196269,0.23789566755084,0.0439498240319306,0.419354838709677,0.0426734082429773
"confounded_blocks","grid","gaussian","neighborhood",4,1,0.5,0,"selectboost","feature","c0 = 0.5",3,7,0,23,2.64575131106459,7,0,16,2.64575131106459,0,0,39,2.64575131106459,0.306915306915307,0.0335035130728056,1,0,0.709090909090909,0.0481045692920835,0.469000348310693,0.0397085647600929,0.306915306915307,0.0335035130728056,0.370967741935484,0.0426734082429773
"confounded_blocks","grid","gaussian","neighborhood",4,1,0.5,0,"selectboost","feature","c0 = 0.7",3,7,0,21,1.73205080756888,6,1,15,1,1,1,40,1,0.284782608695652,0.0302009651944561,0.857142857142857,0.142857142857143,0.727272727272727,0.0181818181818182,0.42716049382716,0.0504211798929929,0.27244494635799,0.0402144158172192,0.338709677419355,0.0279363033478851
"confounded_blocks","grid","gaussian","neighborhood",4,1,0.5,0,"selectboost","feature","c0 = 0.9",3,7,0,20.6666666666667,3.78593889720018,6.33333333333333,0.577350269189626,14.3333333333333,3.21455025366432,0.666666666666667,0.577350269189626,40.6666666666667,3.21455025366432,0.309707602339181,0.0271818502020048,0.904761904761905,0.0824786098842323,0.739393939393939,0.0584463682484422,0.459679487179487,0.0213108971948741,0.29859649122807,0.0179359690093081,0.333333333333333,0.0610635306000029
"confounded_blocks","grid","gaussian","neighborhood",4,1,0.5,0,"selectboost","group","c0 = 0.3",3,3,0,4,0,3,0,1,0,0,0,0,0,0.75,0,1,0,0,0,0.857142857142857,0,0.75,0,1,0
"confounded_blocks","grid","gaussian","neighborhood",4,1,0.5,0,"selectboost","group","c0 = 0.5",3,3,0,4,0,3,0,1,0,0,0,0,0,0.75,0,1,0,0,0,0.857142857142857,0,0.75,0,1,0
"confounded_blocks","grid","gaussian","neighborhood",4,1,0.5,0,"selectboost","group","c0 = 0.7",3,3,0,4,0,3,0,1,0,0,0,0,0,0.75,0,1,0,0,0,0.857142857142857,0,0.75,0,1,0
"confounded_blocks","grid","gaussian","neighborhood",4,1,0.5,0,"selectboost","group","c0 = 0.9",3,3,0,4,0,3,0,1,0,0,0,0,0,0.75,0,1,0,0,0,0.857142857142857,0,0.75,0,1,0
"confounded_blocks","grid","gaussian","neighborhood",4,1,0.5,2,"plain_selectboost","feature","c0 = 0.3",3,7,0,30.3333333333333,5.77350269189626,7,0,23.3333333333333,5.77350269189626,0,0,31.6666666666667,5.77350269189626,0.235902569235903,0.0404549738170909,1,0,0.575757575757576,0.104972776216296,0.380570409982175,0.0540301054054463,0.235902569235903,0.0404549738170909,0.489247311827957,0.0931210111596171
"confounded_blocks","grid","gaussian","neighborhood",4,1,0.5,2,"plain_selectboost","feature","c0 = 0.5",3,7,0,27.3333333333333,2.08166599946613,6,1,21.3333333333333,2.88675134594813,1,1,33.6666666666667,2.88675134594813,0.221822660098522,0.0523357459955727,0.857142857142857,0.142857142857143,0.612121212121212,0.0524863881081478,0.35218253968254,0.0776285720614668,0.215555555555556,0.0582459663203607,0.440860215053763,0.0335752580559054
"confounded_blocks","grid","gaussian","neighborhood",4,1,0.5,2,"plain_selectboost","feature","c0 = 0.7",3,7,0,29.3333333333333,6.65832811847939,5,1,24.3333333333333,5.77350269189626,2,1,30.6666666666667,5.77350269189626,0.171489951489951,0.0180610765423838,0.714285714285714,0.142857142857143,0.557575757575758,0.104972776216296,0.275252525252525,0.0266051862445776,0.159774436090226,0.0179311879965591,0.473118279569892,0.107392389007732
"confounded_blocks","grid","gaussian","neighborhood",4,1,0.5,2,"plain_selectboost","feature","c0 = 0.9",3,7,0,25,4.58257569495584,5.66666666666667,1.52752523165195,19.3333333333333,3.51188458428425,1.33333333333333,1.52752523165195,35.6666666666667,3.51188458428425,0.225375773651636,0.0381357586046914,0.80952380952381,0.218217890235992,0.648484848484848,0.0638524469869863,0.351290684624018,0.0658361812617844,0.21438127090301,0.0492593435324398,0.403225806451613,0.0739125112089652
"confounded_blocks","grid","gaussian","neighborhood",4,1,0.5,2,"plain_selectboost","group","c0 = 0.3",3,3,0,4,0,3,0,1,0,0,0,0,0,0.75,0,1,0,0,0,0.857142857142857,0,0.75,0,1,0
"confounded_blocks","grid","gaussian","neighborhood",4,1,0.5,2,"plain_selectboost","group","c0 = 0.5",3,3,0,4,0,3,0,1,0,0,0,0,0,0.75,0,1,0,0,0,0.857142857142857,0,0.75,0,1,0
"confounded_blocks","grid","gaussian","neighborhood",4,1,0.5,2,"plain_selectboost","group","c0 = 0.7",3,3,0,4,0,3,0,1,0,0,0,0,0,0.75,0,1,0,0,0,0.857142857142857,0,0.75,0,1,0
"confounded_blocks","grid","gaussian","neighborhood",4,1,0.5,2,"plain_selectboost","group","c0 = 0.9",3,3,0,4,0,3,0,1,0,0,0,0,0,0.75,0,1,0,0,0,0.857142857142857,0,0.75,0,1,0
"confounded_blocks","grid","gaussian","neighborhood",4,1,0.5,2,"selectboost","feature","c0 = 0.3",3,7,0,25,1.73205080756888,5.66666666666667,0.577350269189626,19.3333333333333,2.3094010767585,1.33333333333333,0.577350269189626,35.6666666666667,2.3094010767585,0.228395061728395,0.0374208507808091,0.80952380952381,0.0824786098842322,0.648484848484848,0.0419891104865183,0.356103731815307,0.0536815240802498,0.217471264367816,0.0390209147452299,0.403225806451613,0.0279363033478851
"confounded_blocks","grid","gaussian","neighborhood",4,1,0.5,2,"selectboost","feature","c0 = 0.5",3,7,0,25.6666666666667,4.50924975282289,7,0,18.6666666666667,4.50924975282289,0,0,36.3333333333333,4.50924975282289,0.278632478632479,0.0506586034623502,1,0,0.660606060606061,0.0819863591422345,0.434206934206934,0.0614200562161322,0.278632478632479,0.0506586034623502,0.413978494623656,0.0727298347229499
"confounded_blocks","grid","gaussian","neighborhood",4,1,0.5,2,"selectboost","feature","c0 = 0.7",3,7,0,23.6666666666667,2.08166599946613,6.33333333333333,0.577350269189626,17.3333333333333,2.51661147842358,0.666666666666667,0.577350269189626,37.6666666666667,2.51661147842358,0.269940204722813,0.0444066153328398,0.904761904761905,0.0824786098842323,0.684848484848485,0.0457565723349743,0.41546499477534,0.0610483626227483,0.263468013468013,0.0493771359463383,0.381720430107527,0.0335752580559054
"confounded_blocks","grid","gaussian","neighborhood",4,1,0.5,2,"selectboost","feature","c0 = 0.9",3,7,0,22.3333333333333,0.577350269189626,6,0,16.3333333333333,0.577350269189626,1,0,38.6666666666667,0.577350269189626,0.268774703557312,0.00684605062280188,0.857142857142857,0,0.703030303030303,0.0104972776216296,0.409195402298851,0.00796345198882241,0.257246376811594,0.00627554640423506,0.360215053763441,0.0093121011159617
"confounded_blocks","grid","gaussian","neighborhood",4,1,0.5,2,"selectboost","group","c0 = 0.3",3,3,0,4,0,3,0,1,0,0,0,0,0,0.75,0,1,0,0,0,0.857142857142857,0,0.75,0,1,0
"confounded_blocks","grid","gaussian","neighborhood",4,1,0.5,2,"selectboost","group","c0 = 0.5",3,3,0,4,0,3,0,1,0,0,0,0,0,0.75,0,1,0,0,0,0.857142857142857,0,0.75,0,1,0
"confounded_blocks","grid","gaussian","neighborhood",4,1,0.5,2,"selectboost","group","c0 = 0.7",3,3,0,4,0,3,0,1,0,0,0,0,0,0.75,0,1,0,0,0,0.857142857142857,0,0.75,0,1,0
"confounded_blocks","grid","gaussian","neighborhood",4,1,0.5,2,"selectboost","group","c0 = 0.9",3,3,0,4,0,3,0,1,0,0,0,0,0,0.75,0,1,0,0,0,0.857142857142857,0,0.75,0,1,0
"confounded_blocks","grid","gaussian","neighborhood",4,1,0.8,0,"plain_selectboost","feature","c0 = 0.3",3,10,0,24.6666666666667,2.08166599946613,9,1,15.6666666666667,1.52752523165195,1,1,36.3333333333333,1.52752523165195,0.365002683843264,0.0293558967555026,0.9,0.1,0.698717948717949,0.0293754852240759,0.518861107096401,0.0418776727517599,0.351020892687559,0.0375949873772415,0.397849462365591,0.0335752580559054
"confounded_blocks","grid","gaussian","neighborhood",4,1,0.8,0,"plain_selectboost","feature","c0 = 0.5",3,10,0,27,7.21110255092798,9.66666666666667,0.577350269189626,17.3333333333333,6.80685928555405,0.333333333333333,0.577350269189626,34.6666666666667,6.80685928555405,0.371428571428571,0.0755928946018455,0.966666666666667,0.0577350269189626,0.666666666666667,0.130901140106809,0.532172725721113,0.076114551066065,0.364935064935065,0.0687576181399951,0.435483870967742,0.116308105660129
"confounded_blocks","grid","gaussian","neighborhood",4,1,0.8,0,"plain_selectboost","feature","c0 = 0.7",3,10,0,21.3333333333333,3.05505046330389,7.66666666666667,0.577350269189626,13.6666666666667,3.21455025366432,2.33333333333333,0.577350269189626,38.3333333333333,3.21455025366432,0.365319865319865,0.0689413980789336,0.766666666666667,0.0577350269189626,0.737179487179487,0.0618182741089292,0.493172268907563,0.0697620562477513,0.329230769230769,0.0628325472512681,0.344086021505376,0.0492750074726434
"confounded_blocks","grid","gaussian","neighborhood",4,1,0.8,0,"plain_selectboost","feature","c0 = 0.9",3,10,0,19.3333333333333,2.08166599946613,8.66666666666667,0.577350269189626,10.6666666666667,1.52752523165195,1.33333333333333,0.577350269189626,41.3333333333333,1.52752523165195,0.449719887955182,0.0210098038748864,0.866666666666667,0.0577350269189626,0.794871794871795,0.0293754852240759,0.591079251294305,0.00976576145434827,0.419571656413762,0.00982433841984522,0.311827956989247,0.0335752580559054
"confounded_blocks","grid","gaussian","neighborhood",4,1,0.8,0,"plain_selectboost","group","c0 = 0.3",3,3,0,3.66666666666667,0.577350269189626,2.66666666666667,0.577350269189626,1,0,0.333333333333333,0.577350269189626,0,0,0.722222222222222,0.0481125224324688,0.888888888888889,0.192450089729875,0,0,0.793650793650794,0.109971479845643,0.666666666666667,0.144337567297406,0.916666666666667,0.144337567297406
"confounded_blocks","grid","gaussian","neighborhood",4,1,0.8,0,"plain_selectboost","group","c0 = 0.5",3,3,0,4,0,3,0,1,0,0,0,0,0,0.75,0,1,0,0,0,0.857142857142857,0,0.75,0,1,0
"confounded_blocks","grid","gaussian","neighborhood",4,1,0.8,0,"plain_selectboost","group","c0 = 0.7",3,3,0,4,0,3,0,1,0,0,0,0,0,0.75,0,1,0,0,0,0.857142857142857,0,0.75,0,1,0
"confounded_blocks","grid","gaussian","neighborhood",4,1,0.8,0,"plain_selectboost","group","c0 = 0.9",3,3,0,4,0,3,0,1,0,0,0,0,0,0.75,0,1,0,0,0,0.857142857142857,0,0.75,0,1,0
"confounded_blocks","grid","gaussian","neighborhood",4,1,0.8,0,"selectboost","feature","c0 = 0.3",3,10,0,23,2.64575131106459,9,1.73205080756888,14,3.60555127546399,1,1.73205080756888,38,3.60555127546399,0.397222222222222,0.104194440741728,0.9,0.173205080756888,0.730769230769231,0.0693375245281536,0.549953314659197,0.128800785684346,0.38641975308642,0.120943554573096,0.370967741935484,0.0426734082429773
"confounded_blocks","grid","gaussian","neighborhood",4,1,0.8,0,"selectboost","feature","c0 = 0.5",3,10,0,23.6666666666667,2.88675134594813,9.33333333333333,0.577350269189626,14.3333333333333,2.3094010767585,0.666666666666667,0.577350269189626,37.6666666666667,2.3094010767585,0.39618406285073,0.0223553134534704,0.933333333333333,0.0577350269189626,0.724358974358974,0.0444115591684327,0.55518018018018,0.0126782998301776,0.384326355340848,0.0120862375192676,0.381720430107527,0.0465605055798085
"confounded_blocks","grid","gaussian","neighborhood",4,1,0.8,0,"selectboost","feature","c0 = 0.7",3,10,0,22,3.46410161513775,8.33333333333333,2.08166599946613,13.6666666666667,2.51661147842358,1.66666666666667,2.08166599946613,38.3333333333333,2.51661147842358,0.378205128205128,0.0752051762874998,0.833333333333333,0.208166599946613,0.737179487179487,0.0483963745850689,0.518518518518518,0.105018125027836,0.354395604395604,0.0930422759443742,0.354838709677419,0.0558726066957702
"confounded_blocks","grid","gaussian","neighborhood",4,1,0.8,0,"selectboost","feature","c0 = 0.9",3,10,0,18.6666666666667,2.08166599946613,8.66666666666667,0.577350269189626,10,2,1.33333333333333,0.577350269189626,42,2,0.467475879240585,0.0542220304811989,0.866666666666667,0.0577350269189626,0.807692307692308,0.0384615384615384,0.606246799795187,0.0525276747700243,0.436363636363636,0.0552978411845293,0.301075268817204,0.0335752580559054
"confounded_blocks","grid","gaussian","neighborhood",4,1,0.8,0,"selectboost","group","c0 = 0.3",3,3,0,4,0,3,0,1,0,0,0,0,0,0.75,0,1,0,0,0,0.857142857142857,0,0.75,0,1,0
"confounded_blocks","grid","gaussian","neighborhood",4,1,0.8,0,"selectboost","group","c0 = 0.5",3,3,0,4,0,3,0,1,0,0,0,0,0,0.75,0,1,0,0,0,0.857142857142857,0,0.75,0,1,0
"confounded_blocks","grid","gaussian","neighborhood",4,1,0.8,0,"selectboost","group","c0 = 0.7",3,3,0,4,0,3,0,1,0,0,0,0,0,0.75,0,1,0,0,0,0.857142857142857,0,0.75,0,1,0
"confounded_blocks","grid","gaussian","neighborhood",4,1,0.8,0,"selectboost","group","c0 = 0.9",3,3,0,4,0,3,0,1,0,0,0,0,0,0.75,0,1,0,0,0,0.857142857142857,0,0.75,0,1,0
"confounded_blocks","grid","gaussian","neighborhood",4,1,0.8,2,"plain_selectboost","feature","c0 = 0.3",3,10,0,30.6666666666667,2.88675134594813,9.33333333333333,0.577350269189626,21.3333333333333,3.21455025366432,0.666666666666667,0.577350269189626,30.6666666666667,3.21455025366432,0.306626098715348,0.0401900928765592,0.933333333333333,0.0577350269189626,0.58974358974359,0.0618182741089292,0.461149961149961,0.0518658931465473,0.300656814449918,0.0438460543455704,0.494623655913978,0.0465605055798085
"confounded_blocks","grid","gaussian","neighborhood",4,1,0.8,2,"plain_selectboost","feature","c0 = 0.5",3,10,0,31.6666666666667,4.50924975282289,9,1.73205080756888,22.6666666666667,3.05505046330389,1,1.73205080756888,29.3333333333333,3.05505046330389,0.283179012345679,0.0270282097039151,0.9,0.173205080756888,0.564102564102564,0.0587509704481518,0.429783821088169,0.0490972761745435,0.274537037037037,0.0396827050261106,0.510752688172043,0.0727298347229499
"confounded_blocks","grid","gaussian","neighborhood",4,1,0.8,2,"plain_selectboost","feature","c0 = 0.7",3,10,0,28.6666666666667,3.51188458428425,8.66666666666667,1.52752523165195,20,2.64575131106459,1.33333333333333,1.52752523165195,32,2.64575131106459,0.302025862068966,0.037072649175432,0.866666666666667,0.152752523165195,0.615384615384615,0.0508798329050883,0.447130647130647,0.0586553533227574,0.289184952978056,0.049509688000273,0.462365591397849,0.0566432997465201
"confounded_blocks","grid","gaussian","neighborhood",4,1,0.8,2,"plain_selectboost","feature","c0 = 0.9",3,10,0,20,2.64575131106459,8,1,12,2.64575131106459,2,1,40,2.64575131106459,0.403466395457242,0.0641828995172403,0.8,0.1,0.769230769230769,0.0508798329050883,0.535179380006966,0.0744405633509014,0.367777777777778,0.0715179335189071,0.32258064516129,0.0426734082429773
"confounded_blocks","grid","gaussian","neighborhood",4,1,0.8,2,"plain_selectboost","group","c0 = 0.3",3,3,0,4,0,3,0,1,0,0,0,0,0,0.75,0,1,0,0,0,0.857142857142857,0,0.75,0,1,0
"confounded_blocks","grid","gaussian","neighborhood",4,1,0.8,2,"plain_selectboost","group","c0 = 0.5",3,3,0,4,0,3,0,1,0,0,0,0,0,0.75,0,1,0,0,0,0.857142857142857,0,0.75,0,1,0
"confounded_blocks","grid","gaussian","neighborhood",4,1,0.8,2,"plain_selectboost","group","c0 = 0.7",3,3,0,4,0,3,0,1,0,0,0,0,0,0.75,0,1,0,0,0,0.857142857142857,0,0.75,0,1,0
"confounded_blocks","grid","gaussian","neighborhood",4,1,0.8,2,"plain_selectboost","group","c0 = 0.9",3,3,0,4,0,3,0,1,0,0,0,0,0,0.75,0,1,0,0,0,0.857142857142857,0,0.75,0,1,0
"confounded_blocks","grid","gaussian","neighborhood",4,1,0.8,2,"selectboost","feature","c0 = 0.3",3,10,0,26.6666666666667,1.52752523165195,8.66666666666667,0.577350269189626,18,2,1.33333333333333,0.577350269189626,34,2,0.326349206349206,0.0376321054291745,0.866666666666667,0.0577350269189626,0.653846153846154,0.0384615384615384,0.473941610783716,0.0478657743857778,0.311416361416361,0.0406784486885036,0.43010752688172,0.0246375037363217
"confounded_blocks","grid","gaussian","neighborhood",4,1,0.8,2,"selectboost","feature","c0 = 0.5",3,10,0,24.6666666666667,2.08166599946613,8.33333333333333,0.577350269189626,16.3333333333333,2.51661147842358,1.66666666666667,0.577350269189626,35.6666666666667,2.51661147842358,0.340311325818572,0.0478868640465721,0.833333333333333,0.0577350269189626,0.685897435897436,0.0483963745850689,0.482825071060365,0.0574961270015068,0.319518125552608,0.0506159047977829,0.397849462365591,0.0335752580559054
"confounded_blocks","grid","gaussian","neighborhood",4,1,0.8,2,"selectboost","feature","c0 = 0.7",3,10,0,23,1.73205080756888,8.33333333333333,1.52752523165195,14.6666666666667,3.21455025366432,1.66666666666667,1.52752523165195,37.3333333333333,3.21455025366432,0.367063492063492,0.0967757809385492,0.833333333333333,0.152752523165195,0.717948717948718,0.0618182741089292,0.509171410499684,0.12138775664703,0.347714014380681,0.113868744502178,0.370967741935484,0.0279363033478851
"confounded_blocks","grid","gaussian","neighborhood",4,1,0.8,2,"selectboost","feature","c0 = 0.9",3,10,0,18.6666666666667,2.51661147842358,7.33333333333333,1.52752523165195,11.3333333333333,3.78593889720018,2.66666666666667,1.52752523165195,40.6666666666667,3.78593889720018,0.403874269005848,0.137653691025409,0.733333333333333,0.152752523165195,0.782051282051282,0.0728065172538497,0.519237899660592,0.151071007009902,0.360649332196647,0.146961506300953,0.301075268817204,0.0405905077165094
"confounded_blocks","grid","gaussian","neighborhood",4,1,0.8,2,"selectboost","group","c0 = 0.3",3,3,0,4,0,3,0,1,0,0,0,0,0,0.75,0,1,0,0,0,0.857142857142857,0,0.75,0,1,0
"confounded_blocks","grid","gaussian","neighborhood",4,1,0.8,2,"selectboost","group","c0 = 0.5",3,3,0,4,0,3,0,1,0,0,0,0,0,0.75,0,1,0,0,0,0.857142857142857,0,0.75,0,1,0
"confounded_blocks","grid","gaussian","neighborhood",4,1,0.8,2,"selectboost","group","c0 = 0.7",3,3,0,4,0,3,0,1,0,0,0,0,0,0.75,0,1,0,0,0,0.857142857142857,0,0.75,0,1,0
"confounded_blocks","grid","gaussian","neighborhood",4,1,0.8,2,"selectboost","group","c0 = 0.9",3,3,0,3.66666666666667,0.577350269189626,3,0,0.666666666666667,0.577350269189626,0,0,0.333333333333333,0.577350269189626,0.833333333333333,0.144337567297406,1,0,0.333333333333333,0.577350269189626,0.904761904761905,0.0824786098842323,0.833333333333333,0.144337567297406,0.916666666666667,0.144337567297406
"localized_dense","grid","gaussian","hybrid",4,0.6,0.5,0,"plain_selectboost","feature","c0 = 0.3",3,7,0,23.3333333333333,3.51188458428425,5,1,18.3333333333333,2.51661147842358,2,1,36.6666666666667,2.51661147842358,0.213204508856683,0.0116877599430751,0.714285714285714,0.142857142857143,0.666666666666667,0.0457565723349743,0.327523602033406,0.0287658711987485,0.196066252587992,0.0204717833506967,0.376344086021505,0.0566432997465201
"localized_dense","grid","gaussian","hybrid",4,0.6,0.5,0,"plain_selectboost","feature","c0 = 0.5",3,7,0,21.6666666666667,10.0166528008778,5,1.73205080756888,16.6666666666667,8.9628864398325,2,1.73205080756888,38.3333333333333,8.9628864398325,0.243145743145743,0.0797739696518614,0.714285714285714,0.247435829652697,0.696969696969697,0.162961571633318,0.355238095238095,0.108282824436876,0.219642242862057,0.0834101115909054,0.349462365591398,0.16155891614319
"localized_dense","grid","gaussian","hybrid",4,0.6,0.5,0,"plain_selectboost","feature","c0 = 0.7",3,7,0,18.6666666666667,4.50924975282289,5.66666666666667,1.52752523165195,13,3,1.33333333333333,1.52752523165195,42,3,0.301950528495151,0.0151802341768609,0.80952380952381,0.218217890235992,0.763636363636364,0.0545454545454546,0.436385836385836,0.0480752078303246,0.279880647911338,0.0386742150363294,0.301075268817204,0.0727298347229499
"localized_dense","grid","gaussian","hybrid",4,0.6,0.5,0,"plain_selectboost","feature","c0 = 0.9",3,7,0,15.3333333333333,3.05505046330389,5.33333333333333,1.15470053837925,10,2,1.66666666666667,1.15470053837925,45,2,0.347222222222222,0.0240562612162344,0.761904761904762,0.164957219768465,0.818181818181818,0.0363636363636363,0.474263920671243,0.0505877427595941,0.311799105607155,0.0432754553820006,0.247311827956989,0.0492750074726434
"localized_dense","grid","gaussian","hybrid",4,0.6,0.5,0,"plain_selectboost","group","c0 = 0.3",3,3,0,3,1.73205080756888,2.33333333333333,1.15470053837925,0.666666666666667,0.577350269189626,0.666666666666667,1.15470053837925,0.333333333333333,0.577350269189626,0.833333333333333,0.144337567297406,0.777777777777778,0.38490017945975,0.333333333333333,0.577350269189626,0.738095238095238,0.206196524710581,0.611111111111111,0.240562612162344,0.75,0.433012701892219
"localized_dense","grid","gaussian","hybrid",4,0.6,0.5,0,"plain_selectboost","group","c0 = 0.5",3,3,0,2.66666666666667,1.15470053837925,2.33333333333333,0.577350269189626,0.333333333333333,0.577350269189626,0.666666666666667,0.577350269189626,0.666666666666667,0.577350269189626,0.916666666666667,0.144337567297406,0.777777777777778,0.192450089729875,0.666666666666667,0.577350269189626,0.819047619047619,0.0329914439536928,0.694444444444444,0.0481125224324688,0.666666666666667,0.288675134594813
"localized_dense","grid","gaussian","hybrid",4,0.6,0.5,0,"plain_selectboost","group","c0 = 0.7",3,3,0,2.33333333333333,0.577350269189626,2.33333333333333,0.577350269189626,0,0,0.666666666666667,0.577350269189626,1,0,1,0,0.777777777777778,0.192450089729875,1,0,0.866666666666667,0.115470053837925,0.777777777777778,0.192450089729875,0.583333333333333,0.144337567297406
"localized_dense","grid","gaussian","hybrid",4,0.6,0.5,0,"plain_selectboost","group","c0 = 0.9",3,3,0,2.66666666666667,0.577350269189626,2.66666666666667,0.577350269189626,0,0,0.333333333333333,0.577350269189626,1,0,1,0,0.888888888888889,0.192450089729875,1,0,0.933333333333333,0.115470053837925,0.888888888888889,0.192450089729875,0.666666666666667,0.144337567297406
"localized_dense","grid","gaussian","hybrid",4,0.6,0.5,0,"selectboost","feature","c0 = 0.3",3,7,0,26.6666666666667,4.50924975282289,5.33333333333333,0.577350269189626,21.3333333333333,4.50924975282289,1.66666666666667,0.577350269189626,33.6666666666667,4.50924975282289,0.203595090691865,0.0367239289023431,0.761904761904762,0.0824786098842322,0.612121212121212,0.0819863591422345,0.320308885804776,0.0496601895060524,0.191378066378066,0.0346503491436459,0.43010752688172,0.0727298347229499
"localized_dense","grid","gaussian","hybrid",4,0.6,0.5,0,"selectboost","feature","c0 = 0.5",3,7,0,21,1,5.33333333333333,0.577350269189626,15.6666666666667,1.52752523165195,1.66666666666667,0.577350269189626,39.3333333333333,1.52752523165195,0.255122655122655,0.0392398234903772,0.761904761904762,0.0824786098842322,0.715151515151515,0.0277731860300354,0.382138295931399,0.0543089180655788,0.237146307798482,0.0423042322805575,0.338709677419355,0.0161290322580645
"localized_dense","grid","gaussian","hybrid",4,0.6,0.5,0,"selectboost","feature","c0 = 0.7",3,7,0,16.6666666666667,3.78593889720018,4.66666666666667,0.577350269189626,12,3.46410161513775,2.33333333333333,0.577350269189626,43,3.46410161513775,0.285714285714286,0.0476190476190476,0.666666666666667,0.0824786098842323,0.781818181818182,0.0629836657297774,0.397546897546898,0.0507774554398641,0.248934356351236,0.0401406900835245,0.268817204301075,0.0610635306000029
"localized_dense","grid","gaussian","hybrid",4,0.6,0.5,0,"selectboost","feature","c0 = 0.9",3,7,0,15,2.64575131106459,4,2,11,1.73205080756888,3,2,44,1.73205080756888,0.261294261294261,0.103367687488629,0.571428571428571,0.285714285714286,0.8,0.0314918328648886,0.356825396825397,0.149512687888882,0.223684210526316,0.107702010156216,0.241935483870968,0.0426734082429773
"localized_dense","grid","gaussian","hybrid",4,0.6,0.5,0,"selectboost","group","c0 = 0.3",3,3,0,4,0,3,0,1,0,0,0,0,0,0.75,0,1,0,0,0,0.857142857142857,0,0.75,0,1,0
"localized_dense","grid","gaussian","hybrid",4,0.6,0.5,0,"selectboost","group","c0 = 0.5",3,3,0,3.33333333333333,0.577350269189626,3,0,0.333333333333333,0.577350269189626,0,0,0.666666666666667,0.577350269189626,0.916666666666667,0.144337567297406,1,0,0.666666666666667,0.577350269189626,0.952380952380952,0.0824786098842323,0.916666666666667,0.144337567297406,0.833333333333333,0.144337567297406
"localized_dense","grid","gaussian","hybrid",4,0.6,0.5,0,"selectboost","group","c0 = 0.7",3,3,0,2.33333333333333,0.577350269189626,2.33333333333333,0.577350269189626,0,0,0.666666666666667,0.577350269189626,1,0,1,0,0.777777777777778,0.192450089729875,1,0,0.866666666666667,0.115470053837925,0.777777777777778,0.192450089729875,0.583333333333333,0.144337567297406
"localized_dense","grid","gaussian","hybrid",4,0.6,0.5,0,"selectboost","group","c0 = 0.9",3,3,0,2.33333333333333,0.577350269189626,2.33333333333333,0.577350269189626,0,0,0.666666666666667,0.577350269189626,1,0,1,0,0.777777777777778,0.192450089729875,1,0,0.866666666666667,0.115470053837925,0.777777777777778,0.192450089729875,0.583333333333333,0.144337567297406
"localized_dense","grid","gaussian","hybrid",4,0.6,0.5,2,"plain_selectboost","feature","c0 = 0.3",3,7,0,28.6666666666667,6.50640709864771,5.66666666666667,0.577350269189626,23,6.557438524302,1.33333333333333,0.577350269189626,32,6.557438524302,0.205523212419764,0.0582025081658737,0.80952380952381,0.0824786098842322,0.581818181818182,0.119226154987309,0.325761722313446,0.0763406188600522,0.196275518154901,0.0560046378067587,0.46236559139785,0.104942049978189
"localized_dense","grid","gaussian","hybrid",4,0.6,0.5,2,"plain_selectboost","feature","c0 = 0.5",3,7,0,22.6666666666667,2.08166599946613,6,1,16.6666666666667,2.51661147842358,1,1,38.3333333333333,2.51661147842358,0.266868686868687,0.0579107743863042,0.857142857142857,0.142857142857143,0.696969696969697,0.0457565723349743,0.406609195402299,0.0822737833460943,0.257478632478632,0.0666430349305585,0.365591397849462,0.0335752580559054
"localized_dense","grid","gaussian","hybrid",4,0.6,0.5,2,"plain_selectboost","feature","c0 = 0.7",3,7,0,22.6666666666667,2.3094010767585,4.66666666666667,1.15470053837925,18,2,2.33333333333333,1.15470053837925,37,2,0.205555555555556,0.0419435246403931,0.666666666666667,0.164957219768465,0.672727272727273,0.0363636363636364,0.313819195539626,0.0662768428919624,0.187353730542136,0.0473780510755287,0.365591397849462,0.0372484044638468
"localized_dense","grid","gaussian","hybrid",4,0.6,0.5,2,"plain_selectboost","feature","c0 = 0.9",3,7,0,19.3333333333333,4.93288286231625,5.33333333333333,0.577350269189626,14,4.35889894354067,1.66666666666667,0.577350269189626,41,4.35889894354067,0.282205882352941,0.0376892571405464,0.761904761904762,0.0824786098842322,0.745454545454545,0.0792527080643759,0.408816425120773,0.0306546863441958,0.257234967761284,0.0240574660122807,0.311827956989247,0.0795626268115524
"localized_dense","grid","gaussian","hybrid",4,0.6,0.5,2,"plain_selectboost","group","c0 = 0.3",3,3,0,3.66666666666667,0.577350269189626,3,0,0.666666666666667,0.577350269189626,0,0,0.333333333333333,0.577350269189626,0.833333333333333,0.144337567297406,1,0,0.333333333333333,0.577350269189626,0.904761904761905,0.0824786098842323,0.833333333333333,0.144337567297406,0.916666666666667,0.144337567297406
"localized_dense","grid","gaussian","hybrid",4,0.6,0.5,2,"plain_selectboost","group","c0 = 0.5",3,3,0,3.66666666666667,0.577350269189626,3,0,0.666666666666667,0.577350269189626,0,0,0.333333333333333,0.577350269189626,0.833333333333333,0.144337567297406,1,0,0.333333333333333,0.577350269189626,0.904761904761905,0.0824786098842323,0.833333333333333,0.144337567297406,0.916666666666667,0.144337567297406
"localized_dense","grid","gaussian","hybrid",4,0.6,0.5,2,"plain_selectboost","group","c0 = 0.7",3,3,0,3.66666666666667,0.577350269189626,3,0,0.666666666666667,0.577350269189626,0,0,0.333333333333333,0.577350269189626,0.833333333333333,0.144337567297406,1,0,0.333333333333333,0.577350269189626,0.904761904761905,0.0824786098842323,0.833333333333333,0.144337567297406,0.916666666666667,0.144337567297406
"localized_dense","grid","gaussian","hybrid",4,0.6,0.5,2,"plain_selectboost","group","c0 = 0.9",3,3,0,3,0,3,0,0,0,0,0,1,0,1,0,1,0,1,0,1,0,1,0,0.75,0
"localized_dense","grid","gaussian","hybrid",4,0.6,0.5,2,"selectboost","feature","c0 = 0.3",3,7,0,22,2,5.66666666666667,0.577350269189626,16.3333333333333,1.52752523165195,1.33333333333333,0.577350269189626,38.6666666666667,1.52752523165195,0.257575757575758,0.0131215970270369,0.80952380952381,0.0824786098842322,0.703030303030303,0.0277731860300354,0.390420082670732,0.0219012949711803,0.242714097496706,0.0169620642578144,0.354838709677419,0.032258064516129
"localized_dense","grid","gaussian","hybrid",4,0.6,0.5,2,"selectboost","feature","c0 = 0.5",3,7,0,23,3.46410161513775,5.66666666666667,1.52752523165195,17.3333333333333,4.93288286231625,1.33333333333333,1.52752523165195,37.6666666666667,4.93288286231625,0.255731922398589,0.0961644153807096,0.80952380952381,0.218217890235992,0.684848484848485,0.0896887793148409,0.387955182072829,0.136947291494898,0.246464646464646,0.102553859769673,0.370967741935484,0.0558726066957703
"localized_dense","grid","gaussian","hybrid",4,0.6,0.5,2,"selectboost","feature","c0 = 0.7",3,7,0,20,2,5,2,15,0,2,2,40,0,0.244949494949495,0.0758837333399834,0.714285714285714,0.285714285714286,0.727272727272727,0,0.364376330353342,0.121490260377449,0.227272727272727,0.0909090909090909,0.32258064516129,0.032258064516129
"localized_dense","grid","gaussian","hybrid",4,0.6,0.5,2,"selectboost","feature","c0 = 0.9",3,7,0,18.6666666666667,1.52752523165195,4.66666666666667,0.577350269189626,14,1,2.33333333333333,0.577350269189626,41,1,0.249484004127967,0.0139390533119093,0.666666666666667,0.0824786098842323,0.745454545454545,0.0181818181818182,0.362773029439696,0.0264717186415315,0.221789321789322,0.0196306544250262,0.301075268817204,0.0246375037363217
"localized_dense","grid","gaussian","hybrid",4,0.6,0.5,2,"selectboost","group","c0 = 0.3",3,3,0,3.33333333333333,0.577350269189626,3,0,0.333333333333333,0.577350269189626,0,0,0.666666666666667,0.577350269189626,0.916666666666667,0.144337567297406,1,0,0.666666666666667,0.577350269189626,0.952380952380952,0.0824786098842323,0.916666666666667,0.144337567297406,0.833333333333333,0.144337567297406
"localized_dense","grid","gaussian","hybrid",4,0.6,0.5,2,"selectboost","group","c0 = 0.5",3,3,0,3.66666666666667,0.577350269189626,3,0,0.666666666666667,0.577350269189626,0,0,0.333333333333333,0.577350269189626,0.833333333333333,0.144337567297406,1,0,0.333333333333333,0.577350269189626,0.904761904761905,0.0824786098842323,0.833333333333333,0.144337567297406,0.916666666666667,0.144337567297406
"localized_dense","grid","gaussian","hybrid",4,0.6,0.5,2,"selectboost","group","c0 = 0.7",3,3,0,3.66666666666667,0.577350269189626,3,0,0.666666666666667,0.577350269189626,0,0,0.333333333333333,0.577350269189626,0.833333333333333,0.144337567297406,1,0,0.333333333333333,0.577350269189626,0.904761904761905,0.0824786098842323,0.833333333333333,0.144337567297406,0.916666666666667,0.144337567297406
"localized_dense","grid","gaussian","hybrid",4,0.6,0.5,2,"selectboost","group","c0 = 0.9",3,3,0,3.33333333333333,0.577350269189626,3,0,0.333333333333333,0.577350269189626,0,0,0.666666666666667,0.577350269189626,0.916666666666667,0.144337567297406,1,0,0.666666666666667,0.577350269189626,0.952380952380952,0.0824786098842323,0.916666666666667,0.144337567297406,0.833333333333333,0.144337567297406
"localized_dense","grid","gaussian","hybrid",4,0.6,0.8,0,"plain_selectboost","feature","c0 = 0.3",3,11,0,21,6.08276253029822,8,3.46410161513775,13,2.64575131106459,3,3.46410161513775,38,2.64575131106459,0.367460317460317,0.0712829202832759,0.727272727272727,0.314918328648887,0.745098039215686,0.051877476687541,0.482328042328042,0.140804059432842,0.325030525030525,0.116781091398192,0.338709677419355,0.0981090730693261
"localized_dense","grid","gaussian","hybrid",4,0.6,0.8,0,"plain_selectboost","feature","c0 = 0.5",3,11,0,22.3333333333333,8.50490054811538,9,1.73205080756888,13.3333333333333,7.09459888459759,2,1.73205080756888,37.6666666666667,7.09459888459759,0.425708699902248,0.0921578845330683,0.818181818181818,0.157459164324443,0.738562091503268,0.139109782050933,0.547417027417027,0.0658430790394024,0.37872383252818,0.0617718008112584,0.360215053763441,0.137175815292184
"localized_dense","grid","gaussian","hybrid",4,0.6,0.8,0,"plain_selectboost","feature","c0 = 0.7",3,11,0,20,1,9.33333333333333,1.15470053837925,10.6666666666667,0.577350269189626,1.66666666666667,1.15470053837925,40.3333333333333,0.577350269189626,0.465747702589808,0.0404964243546077,0.848484848484849,0.104972776216296,0.790849673202614,0.0113205935135221,0.601164874551971,0.0596024990662278,0.431457431457431,0.059723526945382,0.32258064516129,0.0161290322580645
"localized_dense","grid","gaussian","hybrid",4,0.6,0.8,0,"plain_selectboost","feature","c0 = 0.9",3,11,0,19.3333333333333,2.3094010767585,8.66666666666667,2.08166599946613,10.6666666666667,0.577350269189626,2.33333333333333,2.08166599946613,40.3333333333333,0.577350269189626,0.444444444444444,0.0555555555555556,0.787878787878788,0.18924236358783,0.790849673202614,0.0113205935135221,0.567049808429119,0.0929069398695949,0.3997113997114,0.0923492739468929,0.311827956989247,0.0372484044638468
"localized_dense","grid","gaussian","hybrid",4,0.6,0.8,0,"plain_selectboost","group","c0 = 0.3",3,3,0,3.33333333333333,1.15470053837925,2.66666666666667,0.577350269189626,0.666666666666667,0.577350269189626,0.333333333333333,0.577350269189626,0.333333333333333,0.577350269189626,0.833333333333333,0.144337567297406,0.888888888888889,0.192450089729875,0.333333333333333,0.577350269189626,0.838095238095238,0.0329914439536928,0.722222222222222,0.0481125224324688,0.833333333333333,0.288675134594813
"localized_dense","grid","gaussian","hybrid",4,0.6,0.8,0,"plain_selectboost","group","c0 = 0.5",3,3,0,3.66666666666667,0.577350269189626,3,0,0.666666666666667,0.577350269189626,0,0,0.333333333333333,0.577350269189626,0.833333333333333,0.144337567297406,1,0,0.333333333333333,0.577350269189626,0.904761904761905,0.0824786098842323,0.833333333333333,0.144337567297406,0.916666666666667,0.144337567297406
"localized_dense","grid","gaussian","hybrid",4,0.6,0.8,0,"plain_selectboost","group","c0 = 0.7",3,3,0,3.33333333333333,0.577350269189626,3,0,0.333333333333333,0.577350269189626,0,0,0.666666666666667,0.577350269189626,0.916666666666667,0.144337567297406,1,0,0.666666666666667,0.577350269189626,0.952380952380952,0.0824786098842323,0.916666666666667,0.144337567297406,0.833333333333333,0.144337567297406
"localized_dense","grid","gaussian","hybrid",4,0.6,0.8,0,"plain_selectboost","group","c0 = 0.9",3,3,0,3.33333333333333,0.577350269189626,3,0,0.333333333333333,0.577350269189626,0,0,0.666666666666667,0.577350269189626,0.916666666666667,0.144337567297406,1,0,0.666666666666667,0.577350269189626,0.952380952380952,0.0824786098842323,0.916666666666667,0.144337567297406,0.833333333333333,0.144337567297406
"localized_dense","grid","gaussian","hybrid",4,0.6,0.8,0,"selectboost","feature","c0 = 0.3",3,11,0,26,7.81024967590665,9.33333333333333,1.52752523165195,16.6666666666667,6.35085296108588,1.66666666666667,1.52752523165195,34.3333333333333,6.35085296108588,0.368109668109668,0.0486899136924992,0.848484848484849,0.138865930150177,0.673202614379085,0.124526528648743,0.507905138339921,0.0342872560729199,0.340873015873016,0.0310514288245867,0.419354838709677,0.125971768966236
"localized_dense","grid","gaussian","hybrid",4,0.6,0.8,0,"selectboost","feature","c0 = 0.5",3,11,0,22.3333333333333,5.03322295684717,10,0,12.3333333333333,5.03322295684717,1,0,38.6666666666667,5.03322295684717,0.46446275772789,0.11192392364809,0.909090909090909,0,0.758169934640523,0.0986906462126896,0.609612265959015,0.0957909408675478,0.443121693121693,0.101817488877914,0.360215053763441,0.0811810154330188
"localized_dense","grid","gaussian","hybrid",4,0.6,0.8,0,"selectboost","feature","c0 = 0.7",3,11,0,20.3333333333333,3.21455025366432,10.3333333333333,0.577350269189626,10,2.64575131106459,0.666666666666667,0.577350269189626,41,2.64575131106459,0.513401559454191,0.0498810898658407,0.939393939393939,0.0524863881081478,0.803921568627451,0.051877476687541,0.661631089217296,0.030851640485335,0.494883040935672,0.0342788716014426,0.327956989247312,0.0518475847365212
"localized_dense","grid","gaussian","hybrid",4,0.6,0.8,0,"selectboost","feature","c0 = 0.9",3,11,0,16.3333333333333,1.52752523165195,8,1,8.33333333333333,0.577350269189626,3,1,42.6666666666667,0.577350269189626,0.488888888888889,0.0192450089729875,0.727272727272727,0.0909090909090909,0.836601307189543,0.0113205935135221,0.583914595408848,0.0417952930459296,0.413157894736842,0.0413585095934256,0.263440860215054,0.0246375037363217
"localized_dense","grid","gaussian","hybrid",4,0.6,0.8,0,"selectboost","group","c0 = 0.3",3,3,0,3.66666666666667,0.577350269189626,3,0,0.666666666666667,0.577350269189626,0,0,0.333333333333333,0.577350269189626,0.833333333333333,0.144337567297406,1,0,0.333333333333333,0.577350269189626,0.904761904761905,0.0824786098842323,0.833333333333333,0.144337567297406,0.916666666666667,0.144337567297406
"localized_dense","grid","gaussian","hybrid",4,0.6,0.8,0,"selectboost","group","c0 = 0.5",3,3,0,4,0,3,0,1,0,0,0,0,0,0.75,0,1,0,0,0,0.857142857142857,0,0.75,0,1,0
"localized_dense","grid","gaussian","hybrid",4,0.6,0.8,0,"selectboost","group","c0 = 0.7",3,3,0,3.66666666666667,0.577350269189626,3,0,0.666666666666667,0.577350269189626,0,0,0.333333333333333,0.577350269189626,0.833333333333333,0.144337567297406,1,0,0.333333333333333,0.577350269189626,0.904761904761905,0.0824786098842323,0.833333333333333,0.144337567297406,0.916666666666667,0.144337567297406
"localized_dense","grid","gaussian","hybrid",4,0.6,0.8,0,"selectboost","group","c0 = 0.9",3,3,0,3.33333333333333,0.577350269189626,3,0,0.333333333333333,0.577350269189626,0,0,0.666666666666667,0.577350269189626,0.916666666666667,0.144337567297406,1,0,0.666666666666667,0.577350269189626,0.952380952380952,0.0824786098842323,0.916666666666667,0.144337567297406,0.833333333333333,0.144337567297406
"localized_dense","grid","gaussian","hybrid",4,0.6,0.8,2,"plain_selectboost","feature","c0 = 0.3",3,11,0,24,7.93725393319377,6,1,18,7.81024967590665,5,1,33,7.81024967590665,0.264309764309764,0.0766501847665469,0.545454545454545,0.0909090909090909,0.647058823529412,0.153142150507974,0.351684952978056,0.0826001242281075,0.215409356725146,0.0613594035417213,0.387096774193548,0.128020224728932
"localized_dense","grid","gaussian","hybrid",4,0.6,0.8,2,"plain_selectboost","feature","c0 = 0.5",3,11,0,27,2,9.33333333333333,1.15470053837925,17.6666666666667,3.05505046330389,1.66666666666667,1.15470053837925,33.3333333333333,3.05505046330389,0.348744146445296,0.0648330675760726,0.848484848484849,0.104972776216296,0.65359477124183,0.0599029502608607,0.493957115009747,0.0826722176782908,0.330586080586081,0.0711285612788695,0.435483870967742,0.032258064516129
"localized_dense","grid","gaussian","hybrid",4,0.6,0.8,2,"plain_selectboost","feature","c0 = 0.7",3,11,0,22.3333333333333,6.02771377334171,8.33333333333333,0.577350269189626,14,5.56776436283002,2.66666666666667,0.577350269189626,37,5.56776436283002,0.389751552795031,0.096385928899618,0.757575757575758,0.0524863881081478,0.725490196078431,0.109171850251569,0.508239763141724,0.0731916967868121,0.342914979757085,0.0677784063960213,0.360215053763441,0.0972211898926082
"localized_dense","grid","gaussian","hybrid",4,0.6,0.8,2,"plain_selectboost","feature","c0 = 0.9",3,11,0,22.3333333333333,3.51188458428425,7.66666666666667,0.577350269189626,14.6666666666667,3.05505046330389,3.33333333333333,0.577350269189626,36.3333333333333,3.05505046330389,0.346583241320083,0.0337653942820941,0.696969696969697,0.0524863881081478,0.712418300653595,0.0599029502608606,0.461315861315861,0.0266145444474867,0.300069965017491,0.0223777637510638,0.360215053763441,0.0566432997465201
"localized_dense","grid","gaussian","hybrid",4,0.6,0.8,2,"plain_selectboost","group","c0 = 0.3",3,3,0,3.33333333333333,1.15470053837925,2.66666666666667,0.577350269189626,0.666666666666667,0.577350269189626,0.333333333333333,0.577350269189626,0.333333333333333,0.577350269189626,0.833333333333333,0.144337567297406,0.888888888888889,0.192450089729875,0.333333333333333,0.577350269189626,0.838095238095238,0.0329914439536928,0.722222222222222,0.0481125224324688,0.833333333333333,0.288675134594813
"localized_dense","grid","gaussian","hybrid",4,0.6,0.8,2,"plain_selectboost","group","c0 = 0.5",3,3,0,4,0,3,0,1,0,0,0,0,0,0.75,0,1,0,0,0,0.857142857142857,0,0.75,0,1,0
"localized_dense","grid","gaussian","hybrid",4,0.6,0.8,2,"plain_selectboost","group","c0 = 0.7",3,3,0,3.66666666666667,0.577350269189626,3,0,0.666666666666667,0.577350269189626,0,0,0.333333333333333,0.577350269189626,0.833333333333333,0.144337567297406,1,0,0.333333333333333,0.577350269189626,0.904761904761905,0.0824786098842323,0.833333333333333,0.144337567297406,0.916666666666667,0.144337567297406
"localized_dense","grid","gaussian","hybrid",4,0.6,0.8,2,"plain_selectboost","group","c0 = 0.9",3,3,0,3.66666666666667,0.577350269189626,3,0,0.666666666666667,0.577350269189626,0,0,0.333333333333333,0.577350269189626,0.833333333333333,0.144337567297406,1,0,0.333333333333333,0.577350269189626,0.904761904761905,0.0824786098842323,0.833333333333333,0.144337567297406,0.916666666666667,0.144337567297406
"localized_dense","grid","gaussian","hybrid",4,0.6,0.8,2,"selectboost","feature","c0 = 0.3",3,11,0,24.3333333333333,6.80685928555405,8.33333333333333,2.51661147842358,16,4.35889894354067,2.66666666666667,2.51661147842358,35,4.35889894354067,0.341058612440191,0.0240367197173654,0.757575757575758,0.228782861674871,0.686274509803922,0.0854686067360916,0.46549213060841,0.0582769143066328,0.304583333333333,0.0487393150683648,0.39247311827957,0.109788052992807
"localized_dense","grid","gaussian","hybrid",4,0.6,0.8,2,"selectboost","feature","c0 = 0.5",3,11,0,22.3333333333333,3.05505046330389,7,2.64575131106459,15.3333333333333,3.21455025366432,4,2.64575131106459,35.6666666666667,3.21455025366432,0.312646834477498,0.106404570061918,0.636363636363636,0.240522846460417,0.699346405228758,0.0630303971306729,0.418300653594771,0.147167715675787,0.272222222222222,0.125092558324419,0.360215053763441,0.0492750074726434
"localized_dense","grid","gaussian","hybrid",4,0.6,0.8,2,"selectboost","feature","c0 = 0.7",3,11,0,22.3333333333333,7.09459888459759,7,2.64575131106459,15.3333333333333,5.03322295684717,4,2.64575131106459,35.6666666666667,5.03322295684717,0.31547619047619,0.0701775364437595,0.636363636363636,0.240522846460417,0.699346405228758,0.0986906462126896,0.414916440831075,0.0913065020410256,0.264493372020254,0.0711134550490872,0.360215053763441,0.114429014267703
"localized_dense","grid","gaussian","hybrid",4,0.6,0.8,2,"selectboost","feature","c0 = 0.9",3,11,0,20,1,6.66666666666667,2.08166599946613,13.3333333333333,2.08166599946613,4.33333333333333,2.08166599946613,37.6666666666667,2.08166599946613,0.332957393483709,0.101987384016736,0.606060606060606,0.18924236358783,0.738562091503268,0.0408169803816889,0.429659498207885,0.132406686462996,0.27995337995338,0.112889602994883,0.32258064516129,0.0161290322580645
"localized_dense","grid","gaussian","hybrid",4,0.6,0.8,2,"selectboost","group","c0 = 0.3",3,3,0,3.33333333333333,0.577350269189626,3,0,0.333333333333333,0.577350269189626,0,0,0.666666666666667,0.577350269189626,0.916666666666667,0.144337567297406,1,0,0.666666666666667,0.577350269189626,0.952380952380952,0.0824786098842323,0.916666666666667,0.144337567297406,0.833333333333333,0.144337567297406
"localized_dense","grid","gaussian","hybrid",4,0.6,0.8,2,"selectboost","group","c0 = 0.5",3,3,0,3.66666666666667,0.577350269189626,3,0,0.666666666666667,0.577350269189626,0,0,0.333333333333333,0.577350269189626,0.833333333333333,0.144337567297406,1,0,0.333333333333333,0.577350269189626,0.904761904761905,0.0824786098842323,0.833333333333333,0.144337567297406,0.916666666666667,0.144337567297406
"localized_dense","grid","gaussian","hybrid",4,0.6,0.8,2,"selectboost","group","c0 = 0.7",3,3,0,3.33333333333333,0.577350269189626,3,0,0.333333333333333,0.577350269189626,0,0,0.666666666666667,0.577350269189626,0.916666666666667,0.144337567297406,1,0,0.666666666666667,0.577350269189626,0.952380952380952,0.0824786098842323,0.916666666666667,0.144337567297406,0.833333333333333,0.144337567297406
"localized_dense","grid","gaussian","hybrid",4,0.6,0.8,2,"selectboost","group","c0 = 0.9",3,3,0,3.66666666666667,0.577350269189626,3,0,0.666666666666667,0.577350269189626,0,0,0.333333333333333,0.577350269189626,0.833333333333333,0.144337567297406,1,0,0.333333333333333,0.577350269189626,0.904761904761905,0.0824786098842323,0.833333333333333,0.144337567297406,0.916666666666667,0.144337567297406
"localized_dense","grid","gaussian","hybrid",4,1,0.5,0,"plain_selectboost","feature","c0 = 0.3",3,7,0,25,6.2449979983984,4.33333333333333,0.577350269189626,20.6666666666667,5.68624070307733,2.66666666666667,0.577350269189626,34.3333333333333,5.68624070307733,0.176721014492754,0.0220097512687825,0.619047619047619,0.0824786098842323,0.624242424242424,0.103386194601406,0.27312440645774,0.0207123356204605,0.158272673617942,0.0139636256120255,0.403225806451613,0.100725774167716
"localized_dense","grid","gaussian","hybrid",4,1,0.5,0,"plain_selectboost","feature","c0 = 0.5",3,7,0,20,1,5.66666666666667,0.577350269189626,14.3333333333333,0.577350269189626,1.33333333333333,0.577350269189626,40.6666666666667,0.577350269189626,0.282957393483709,0.0185751317931707,0.80952380952381,0.0824786098842322,0.739393939393939,0.0104972776216296,0.419210419210419,0.0309935553333267,0.265512265512265,0.0246157606193824,0.32258064516129,0.0161290322580645
"localized_dense","grid","gaussian","hybrid",4,1,0.5,0,"plain_selectboost","feature","c0 = 0.7",3,7,0,17,1.73205080756888,6.33333333333333,0.577350269189626,10.6666666666667,1.52752523165195,0.666666666666667,0.577350269189626,44.3333333333333,1.52752523165195,0.374074074074074,0.0357172250407147,0.904761904761905,0.0824786098842323,0.806060606060606,0.0277731860300353,0.528484848484849,0.0426142929242351,0.359892787524366,0.0388207679909149,0.274193548387097,0.0279363033478851
"localized_dense","grid","gaussian","hybrid",4,1,0.5,0,"plain_selectboost","feature","c0 = 0.9",3,7,0,15.6666666666667,4.16333199893227,4.66666666666667,1.15470053837925,11,3.46410161513775,2.33333333333333,1.15470053837925,44,3.46410161513775,0.304906651655878,0.0648595396828414,0.666666666666667,0.164957219768465,0.8,0.0629836657297773,0.413105413105413,0.0696113488482656,0.261904761904762,0.054084841388574,0.252688172043011,0.0671505161118107
"localized_dense","grid","gaussian","hybrid",4,1,0.5,0,"plain_selectboost","group","c0 = 0.3",3,3,0,3.66666666666667,0.577350269189626,2.66666666666667,0.577350269189626,1,0,0.333333333333333,0.577350269189626,0,0,0.722222222222222,0.0481125224324688,0.888888888888889,0.192450089729875,0,0,0.793650793650794,0.109971479845643,0.666666666666667,0.144337567297406,0.916666666666667,0.144337567297406
"localized_dense","grid","gaussian","hybrid",4,1,0.5,0,"plain_selectboost","group","c0 = 0.5",3,3,0,3.33333333333333,0.577350269189626,2.66666666666667,0.577350269189626,0.666666666666667,0.577350269189626,0.333333333333333,0.577350269189626,0.333333333333333,0.577350269189626,0.805555555555556,0.173472166622178,0.888888888888889,0.192450089729875,0.333333333333333,0.577350269189626,0.841269841269841,0.167232599251631,0.75,0.25,0.833333333333333,0.144337567297406
"localized_dense","grid","gaussian","hybrid",4,1,0.5,0,"plain_selectboost","group","c0 = 0.7",3,3,0,3.66666666666667,0.577350269189626,3,0,0.666666666666667,0.577350269189626,0,0,0.333333333333333,0.577350269189626,0.833333333333333,0.144337567297406,1,0,0.333333333333333,0.577350269189626,0.904761904761905,0.0824786098842323,0.833333333333333,0.144337567297406,0.916666666666667,0.144337567297406
"localized_dense","grid","gaussian","hybrid",4,1,0.5,0,"plain_selectboost","group","c0 = 0.9",3,3,0,3.33333333333333,1.15470053837925,2.66666666666667,0.577350269189626,0.666666666666667,0.577350269189626,0.333333333333333,0.577350269189626,0.333333333333333,0.577350269189626,0.833333333333333,0.144337567297406,0.888888888888889,0.192450089729875,0.333333333333333,0.577350269189626,0.838095238095238,0.0329914439536928,0.722222222222222,0.0481125224324688,0.833333333333333,0.288675134594813
"localized_dense","grid","gaussian","hybrid",4,1,0.5,0,"selectboost","feature","c0 = 0.3",3,7,0,22.6666666666667,4.16333199893227,5,1,17.6666666666667,3.21455025366432,2,1,37.3333333333333,3.21455025366432,0.220441595441595,0.0113234423757725,0.714285714285714,0.142857142857143,0.678787878787879,0.0584463682484422,0.335405669599218,0.0244825243127893,0.201668701668702,0.0178234117131848,0.365591397849462,0.0671505161118107
"localized_dense","grid","gaussian","hybrid",4,1,0.5,0,"selectboost","feature","c0 = 0.5",3,7,0,19,1,5,0,14,1,2,0,41,1,0.26364522417154,0.0138952996387751,0.714285714285714,0,0.745454545454545,0.0181818181818182,0.384995251661918,0.0148184669324137,0.238455988455988,0.011367930199559,0.306451612903226,0.0161290322580645
"localized_dense","grid","gaussian","hybrid",4,1,0.5,0,"selectboost","feature","c0 = 0.7",3,7,0,17.6666666666667,4.72581562625261,5.33333333333333,1.15470053837925,12.3333333333333,4.04145188432738,1.66666666666667,1.15470053837925,42.6666666666667,4.04145188432738,0.307194616977226,0.0600207673167467,0.761904761904762,0.164957219768465,0.775757575757576,0.0734809433514069,0.434230503795721,0.0763807747410092,0.279411764705882,0.0641014550520687,0.28494623655914,0.0762228326814937
"localized_dense","grid","gaussian","hybrid",4,1,0.5,0,"selectboost","feature","c0 = 0.9",3,7,0,14.3333333333333,3.51188458428425,4.66666666666667,0.577350269189626,9.66666666666667,3.05505046330389,2.33333333333333,0.577350269189626,45.3333333333333,3.05505046330389,0.332852332852333,0.0478063423526675,0.666666666666667,0.0824786098842323,0.824242424242424,0.0555463720600707,0.44021164021164,0.0382711985608997,0.282738095238095,0.0313561123596808,0.231182795698925,0.0566432997465201
"localized_dense","grid","gaussian","hybrid",4,1,0.5,0,"selectboost","group","c0 = 0.3",3,3,0,3.66666666666667,0.577350269189626,3,0,0.666666666666667,0.577350269189626,0,0,0.333333333333333,0.577350269189626,0.833333333333333,0.144337567297406,1,0,0.333333333333333,0.577350269189626,0.904761904761905,0.0824786098842323,0.833333333333333,0.144337567297406,0.916666666666667,0.144337567297406
"localized_dense","grid","gaussian","hybrid",4,1,0.5,0,"selectboost","group","c0 = 0.5",3,3,0,4,0,3,0,1,0,0,0,0,0,0.75,0,1,0,0,0,0.857142857142857,0,0.75,0,1,0
"localized_dense","grid","gaussian","hybrid",4,1,0.5,0,"selectboost","group","c0 = 0.7",3,3,0,3,1,2.66666666666667,0.577350269189626,0.333333333333333,0.577350269189626,0.333333333333333,0.577350269189626,0.666666666666667,0.577350269189626,0.916666666666667,0.144337567297406,0.888888888888889,0.192450089729875,0.666666666666667,0.577350269189626,0.885714285714286,0.103015750727543,0.805555555555556,0.173472166622178,0.75,0.25
"localized_dense","grid","gaussian","hybrid",4,1,0.5,0,"selectboost","group","c0 = 0.9",3,3,0,3,1,2.66666666666667,0.577350269189626,0.333333333333333,0.577350269189626,0.333333333333333,0.577350269189626,0.666666666666667,0.577350269189626,0.916666666666667,0.144337567297406,0.888888888888889,0.192450089729875,0.666666666666667,0.577350269189626,0.885714285714286,0.103015750727543,0.805555555555556,0.173472166622178,0.75,0.25
"localized_dense","grid","gaussian","hybrid",4,1,0.5,2,"plain_selectboost","feature","c0 = 0.3",3,7,0,21.6666666666667,2.08166599946613,4.66666666666667,0.577350269189626,17,2,2.33333333333333,0.577350269189626,38,2,0.216269841269841,0.0305452466633743,0.666666666666667,0.0824786098842323,0.690909090909091,0.0363636363636364,0.326221767081982,0.042445335361563,0.195415695415695,0.0304223340333363,0.349462365591398,0.0335752580559054
"localized_dense","grid","gaussian","hybrid",4,1,0.5,2,"plain_selectboost","feature","c0 = 0.5",3,7,0,22,2,5.33333333333333,1.52752523165195,16.6666666666667,2.08166599946613,1.66666666666667,1.52752523165195,38.3333333333333,2.08166599946613,0.242171717171717,0.0659584164666302,0.761904761904762,0.218217890235992,0.696969696969697,0.0378484727175661,0.367211854049081,0.100925755927973,0.228134184655924,0.0785240281958323,0.354838709677419,0.032258064516129
"localized_dense","grid","gaussian","hybrid",4,1,0.5,2,"plain_selectboost","feature","c0 = 0.7",3,7,0,21.3333333333333,6.42910050732864,5.33333333333333,1.52752523165195,16,5.19615242270663,1.66666666666667,1.52752523165195,39,5.19615242270663,0.254426129426129,0.0407594892958026,0.761904761904762,0.218217890235992,0.709090909090909,0.0944754985946661,0.375925150118698,0.0510169983326799,0.232277526395173,0.0385501596353908,0.344086021505376,0.103695169473043
"localized_dense","grid","gaussian","hybrid",4,1,0.5,2,"plain_selectboost","feature","c0 = 0.9",3,7,0,16.6666666666667,2.08166599946613,4.66666666666667,0.577350269189626,12,1.73205080756888,2.33333333333333,0.577350269189626,43,1.73205080756888,0.28077485380117,0.0275307382050819,0.666666666666667,0.0824786098842323,0.781818181818182,0.0314918328648887,0.394344785649133,0.0365573929577277,0.246031746031746,0.0286154863132063,0.268817204301075,0.0335752580559054
"localized_dense","grid","gaussian","hybrid",4,1,0.5,2,"plain_selectboost","group","c0 = 0.3",3,3,0,3.33333333333333,0.577350269189626,2.33333333333333,0.577350269189626,1,0,0.666666666666667,0.577350269189626,0,0,0.694444444444444,0.0481125224324688,0.777777777777778,0.192450089729875,0,0,0.73015873015873,0.109971479845643,0.583333333333333,0.144337567297406,0.833333333333333,0.144337567297406
"localized_dense","grid","gaussian","hybrid",4,1,0.5,2,"plain_selectboost","group","c0 = 0.5",3,3,0,3.33333333333333,0.577350269189626,3,0,0.333333333333333,0.577350269189626,0,0,0.666666666666667,0.577350269189626,0.916666666666667,0.144337567297406,1,0,0.666666666666667,0.577350269189626,0.952380952380952,0.0824786098842323,0.916666666666667,0.144337567297406,0.833333333333333,0.144337567297406
"localized_dense","grid","gaussian","hybrid",4,1,0.5,2,"plain_selectboost","group","c0 = 0.7",3,3,0,3.33333333333333,0.577350269189626,3,0,0.333333333333333,0.577350269189626,0,0,0.666666666666667,0.577350269189626,0.916666666666667,0.144337567297406,1,0,0.666666666666667,0.577350269189626,0.952380952380952,0.0824786098842323,0.916666666666667,0.144337567297406,0.833333333333333,0.144337567297406
"localized_dense","grid","gaussian","hybrid",4,1,0.5,2,"plain_selectboost","group","c0 = 0.9",3,3,0,3,0,3,0,0,0,0,0,1,0,1,0,1,0,1,0,1,0,1,0,0.75,0
"localized_dense","grid","gaussian","hybrid",4,1,0.5,2,"selectboost","feature","c0 = 0.3",3,7,0,20.6666666666667,3.21455025366432,5,1,15.6666666666667,3.51188458428425,2,1,39.3333333333333,3.51188458428425,0.246919321088119,0.0641235093888874,0.714285714285714,0.142857142857143,0.715151515151515,0.0638524469869863,0.365708812260536,0.0857850470319303,0.225957871266796,0.0624610595092116,0.333333333333333,0.0518475847365213
"localized_dense","grid","gaussian","hybrid",4,1,0.5,2,"selectboost","feature","c0 = 0.5",3,7,0,18.6666666666667,4.50924975282289,5.66666666666667,0.577350269189626,13,4.58257569495584,1.33333333333333,0.577350269189626,42,4.58257569495584,0.317532962841887,0.096168938679156,0.80952380952381,0.0824786098842322,0.763636363636364,0.0833195580901061,0.452014652014652,0.10370117988711,0.296031746031746,0.0902356870307296,0.301075268817204,0.0727298347229499
"localized_dense","grid","gaussian","hybrid",4,1,0.5,2,"selectboost","feature","c0 = 0.7",3,7,0,22,4.35889894354067,5.66666666666667,0.577350269189626,16.3333333333333,4.93288286231625,1.33333333333333,0.577350269189626,38.6666666666667,4.93288286231625,0.266991552956465,0.0712849088219487,0.80952380952381,0.0824786098842322,0.703030303030303,0.0896887793148409,0.400033517680576,0.0921231789088695,0.252709359605911,0.0699038905078027,0.354838709677419,0.0703048216700109
"localized_dense","grid","gaussian","hybrid",4,1,0.5,2,"selectboost","feature","c0 = 0.9",3,7,0,17.6666666666667,1.52752523165195,3.66666666666667,1.52752523165195,14,2.64575131106459,3.33333333333333,1.52752523165195,41,2.64575131106459,0.211013645224172,0.0926297760570412,0.523809523809524,0.218217890235992,0.745454545454545,0.0481045692920835,0.300557413600892,0.129706108586619,0.181286549707602,0.0870957368924355,0.28494623655914,0.0246375037363217
"localized_dense","grid","gaussian","hybrid",4,1,0.5,2,"selectboost","group","c0 = 0.3",3,3,0,3.66666666666667,0.577350269189626,3,0,0.666666666666667,0.577350269189626,0,0,0.333333333333333,0.577350269189626,0.833333333333333,0.144337567297406,1,0,0.333333333333333,0.577350269189626,0.904761904761905,0.0824786098842323,0.833333333333333,0.144337567297406,0.916666666666667,0.144337567297406
"localized_dense","grid","gaussian","hybrid",4,1,0.5,2,"selectboost","group","c0 = 0.5",3,3,0,3.66666666666667,0.577350269189626,3,0,0.666666666666667,0.577350269189626,0,0,0.333333333333333,0.577350269189626,0.833333333333333,0.144337567297406,1,0,0.333333333333333,0.577350269189626,0.904761904761905,0.0824786098842323,0.833333333333333,0.144337567297406,0.916666666666667,0.144337567297406
"localized_dense","grid","gaussian","hybrid",4,1,0.5,2,"selectboost","group","c0 = 0.7",3,3,0,3.66666666666667,0.577350269189626,3,0,0.666666666666667,0.577350269189626,0,0,0.333333333333333,0.577350269189626,0.833333333333333,0.144337567297406,1,0,0.333333333333333,0.577350269189626,0.904761904761905,0.0824786098842323,0.833333333333333,0.144337567297406,0.916666666666667,0.144337567297406
"localized_dense","grid","gaussian","hybrid",4,1,0.5,2,"selectboost","group","c0 = 0.9",3,3,0,3.33333333333333,0.577350269189626,3,0,0.333333333333333,0.577350269189626,0,0,0.666666666666667,0.577350269189626,0.916666666666667,0.144337567297406,1,0,0.666666666666667,0.577350269189626,0.952380952380952,0.0824786098842323,0.916666666666667,0.144337567297406,0.833333333333333,0.144337567297406
"localized_dense","grid","gaussian","hybrid",4,1,0.8,0,"plain_selectboost","feature","c0 = 0.3",3,11,0,25,6.08276253029822,7.33333333333333,3.05505046330389,17.6666666666667,3.21455025366432,3.66666666666667,3.05505046330389,33.3333333333333,3.21455025366432,0.284254698047802,0.0613157126401605,0.666666666666667,0.277731860300354,0.65359477124183,0.0630303971306729,0.395372826407309,0.11280777381568,0.250465949820789,0.0869161364107189,0.403225806451613,0.0981090730693261
"localized_dense","grid","gaussian","hybrid",4,1,0.8,0,"plain_selectboost","feature","c0 = 0.5",3,11,0,21.6666666666667,2.08166599946613,8.66666666666667,1.52752523165195,13,1.73205080756888,2.33333333333333,1.52752523165195,38,1.73205080756888,0.4,0.0600925212577332,0.787878787878788,0.138865930150177,0.745098039215686,0.0339617805405662,0.529857910906298,0.0801169405456905,0.363030303030303,0.0720498755932497,0.349462365591398,0.0335752580559054
"localized_dense","grid","gaussian","hybrid",4,1,0.8,0,"plain_selectboost","feature","c0 = 0.7",3,11,0,20,5.29150262212918,8.33333333333333,1.52752523165195,11.6666666666667,4.04145188432738,2.66666666666667,1.52752523165195,39.3333333333333,4.04145188432738,0.426767676767677,0.0687406948930111,0.757575757575758,0.138865930150177,0.77124183006536,0.0792441545946546,0.538759018759019,0.0470362871739853,0.36962962962963,0.0433380814112891,0.32258064516129,0.0853468164859545
"localized_dense","grid","gaussian","hybrid",4,1,0.8,0,"plain_selectboost","feature","c0 = 0.9",3,11,0,17.3333333333333,4.50924975282289,8,2,9.33333333333333,2.51661147842358,3,2,41.6666666666667,2.51661147842358,0.462224050459345,0.00804333436229945,0.727272727272727,0.181818181818182,0.816993464052288,0.0493453231063448,0.559163059163059,0.0540836863835792,0.389371980676328,0.0515529336114168,0.279569892473118,0.0727298347229499
"localized_dense","grid","gaussian","hybrid",4,1,0.8,0,"plain_selectboost","group","c0 = 0.3",3,3,0,3,1.73205080756888,2.33333333333333,1.15470053837925,0.666666666666667,0.577350269189626,0.666666666666667,1.15470053837925,0.333333333333333,0.577350269189626,0.833333333333333,0.144337567297406,0.777777777777778,0.38490017945975,0.333333333333333,0.577350269189626,0.738095238095238,0.206196524710581,0.611111111111111,0.240562612162344,0.75,0.433012701892219
"localized_dense","grid","gaussian","hybrid",4,1,0.8,0,"plain_selectboost","group","c0 = 0.5",3,3,0,3.66666666666667,0.577350269189626,3,0,0.666666666666667,0.577350269189626,0,0,0.333333333333333,0.577350269189626,0.833333333333333,0.144337567297406,1,0,0.333333333333333,0.577350269189626,0.904761904761905,0.0824786098842323,0.833333333333333,0.144337567297406,0.916666666666667,0.144337567297406
"localized_dense","grid","gaussian","hybrid",4,1,0.8,0,"plain_selectboost","group","c0 = 0.7",3,3,0,3.33333333333333,1.15470053837925,2.66666666666667,0.577350269189626,0.666666666666667,0.577350269189626,0.333333333333333,0.577350269189626,0.333333333333333,0.577350269189626,0.833333333333333,0.144337567297406,0.888888888888889,0.192450089729875,0.333333333333333,0.577350269189626,0.838095238095238,0.0329914439536928,0.722222222222222,0.0481125224324688,0.833333333333333,0.288675134594813
"localized_dense","grid","gaussian","hybrid",4,1,0.8,0,"plain_selectboost","group","c0 = 0.9",3,3,0,3,1,2.66666666666667,0.577350269189626,0.333333333333333,0.577350269189626,0.333333333333333,0.577350269189626,0.666666666666667,0.577350269189626,0.916666666666667,0.144337567297406,0.888888888888889,0.192450089729875,0.666666666666667,0.577350269189626,0.885714285714286,0.103015750727543,0.805555555555556,0.173472166622178,0.75,0.25
"localized_dense","grid","gaussian","hybrid",4,1,0.8,0,"selectboost","feature","c0 = 0.3",3,11,0,21.3333333333333,2.08166599946613,9.33333333333333,1.52752523165195,12,1,1.66666666666667,1.52752523165195,39,1,0.436134803411691,0.0369692411120198,0.848484848484849,0.138865930150177,0.764705882352941,0.0196078431372549,0.575282234105764,0.0624551041772415,0.405632411067194,0.0631541985595622,0.344086021505376,0.0335752580559054
"localized_dense","grid","gaussian","hybrid",4,1,0.8,0,"selectboost","feature","c0 = 0.5",3,11,0,21,2.64575131106459,8.33333333333333,0.577350269189626,12.6666666666667,3.21455025366432,2.66666666666667,0.577350269189626,38.3333333333333,3.21455025366432,0.403820816864295,0.0836679010353545,0.757575757575758,0.0524863881081478,0.751633986928105,0.0630303971306729,0.525375458438339,0.0828518904650622,0.359230769230769,0.0788489680548427,0.338709677419355,0.0426734082429773
"localized_dense","grid","gaussian","hybrid",4,1,0.8,0,"selectboost","feature","c0 = 0.7",3,11,0,19.6666666666667,1.15470053837925,8,1,11.6666666666667,0.577350269189626,3,1,39.3333333333333,0.577350269189626,0.406015037593985,0.0327736762672231,0.727272727272727,0.0909090909090909,0.771241830065359,0.0113205935135221,0.520833333333333,0.0491242755106316,0.353096179183136,0.0444261272729575,0.317204301075269,0.0186242022319234
"localized_dense","grid","gaussian","hybrid",4,1,0.8,0,"selectboost","feature","c0 = 0.9",3,11,0,17,4,8,1.73205080756888,9,2.64575131106459,3,1.73205080756888,42,2.64575131106459,0.473173884938591,0.051417221397141,0.727272727272727,0.157459164324443,0.823529411764706,0.051877476687541,0.568452380952381,0.0716143417590236,0.399440630561912,0.0705283028633036,0.274193548387097,0.064516129032258
"localized_dense","grid","gaussian","hybrid",4,1,0.8,0,"selectboost","group","c0 = 0.3",3,3,0,3,1,2.66666666666667,0.577350269189626,0.333333333333333,0.577350269189626,0.333333333333333,0.577350269189626,0.666666666666667,0.577350269189626,0.916666666666667,0.144337567297406,0.888888888888889,0.192450089729875,0.666666666666667,0.577350269189626,0.885714285714286,0.103015750727543,0.805555555555556,0.173472166622178,0.75,0.25
"localized_dense","grid","gaussian","hybrid",4,1,0.8,0,"selectboost","group","c0 = 0.5",3,3,0,4,0,3,0,1,0,0,0,0,0,0.75,0,1,0,0,0,0.857142857142857,0,0.75,0,1,0
"localized_dense","grid","gaussian","hybrid",4,1,0.8,0,"selectboost","group","c0 = 0.7",3,3,0,3.66666666666667,0.577350269189626,3,0,0.666666666666667,0.577350269189626,0,0,0.333333333333333,0.577350269189626,0.833333333333333,0.144337567297406,1,0,0.333333333333333,0.577350269189626,0.904761904761905,0.0824786098842323,0.833333333333333,0.144337567297406,0.916666666666667,0.144337567297406
"localized_dense","grid","gaussian","hybrid",4,1,0.8,0,"selectboost","group","c0 = 0.9",3,3,0,3,1,2.66666666666667,0.577350269189626,0.333333333333333,0.577350269189626,0.333333333333333,0.577350269189626,0.666666666666667,0.577350269189626,0.916666666666667,0.144337567297406,0.888888888888889,0.192450089729875,0.666666666666667,0.577350269189626,0.885714285714286,0.103015750727543,0.805555555555556,0.173472166622178,0.75,0.25
"localized_dense","grid","gaussian","hybrid",4,1,0.8,2,"plain_selectboost","feature","c0 = 0.3",3,11,0,23,5.29150262212918,8,2.64575131106459,15,2.64575131106459,3,2.64575131106459,36,2.64575131106459,0.341496005809731,0.0413571977272633,0.727272727272727,0.240522846460417,0.705882352941176,0.051877476687541,0.461152882205514,0.091031281321624,0.302622498274672,0.0747662401733283,0.370967741935484,0.0853468164859545
"localized_dense","grid","gaussian","hybrid",4,1,0.8,2,"plain_selectboost","feature","c0 = 0.5",3,11,0,29,3.60555127546399,9,1,20,4,2,1,31,4,0.314352314352314,0.0611950970967125,0.818181818181818,0.0909090909090909,0.607843137254902,0.0784313725490196,0.453295953295953,0.0755582761903055,0.295192581214087,0.0651075061006156,0.467741935483871,0.0581540528300643
"localized_dense","grid","gaussian","hybrid",4,1,0.8,2,"plain_selectboost","feature","c0 = 0.7",3,11,0,24.3333333333333,5.77350269189626,9,0,15.3333333333333,5.77350269189626,2,0,35.6666666666667,5.77350269189626,0.382488479262673,0.079818009565386,0.818181818181818,0,0.699346405228758,0.113205935135221,0.517857142857143,0.0773236967664677,0.351778656126482,0.0684605062280189,0.39247311827957,0.0931210111596171
"localized_dense","grid","gaussian","hybrid",4,1,0.8,2,"plain_selectboost","feature","c0 = 0.9",3,11,0,17.3333333333333,3.05505046330389,6.33333333333333,1.15470053837925,11,2,4.66666666666667,1.15470053837925,40,2,0.365343915343915,0.0207009525497245,0.575757575757576,0.104972776216296,0.784313725490196,0.0392156862745098,0.444790507971821,0.0417989967865828,0.286616161616162,0.0343703474465056,0.279569892473118,0.0492750074726434
"localized_dense","grid","gaussian","hybrid",4,1,0.8,2,"plain_selectboost","group","c0 = 0.3",3,3,0,3.66666666666667,0.577350269189626,3,0,0.666666666666667,0.577350269189626,0,0,0.333333333333333,0.577350269189626,0.833333333333333,0.144337567297406,1,0,0.333333333333333,0.577350269189626,0.904761904761905,0.0824786098842323,0.833333333333333,0.144337567297406,0.916666666666667,0.144337567297406
"localized_dense","grid","gaussian","hybrid",4,1,0.8,2,"plain_selectboost","group","c0 = 0.5",3,3,0,4,0,3,0,1,0,0,0,0,0,0.75,0,1,0,0,0,0.857142857142857,0,0.75,0,1,0
"localized_dense","grid","gaussian","hybrid",4,1,0.8,2,"plain_selectboost","group","c0 = 0.7",3,3,0,3.33333333333333,0.577350269189626,3,0,0.333333333333333,0.577350269189626,0,0,0.666666666666667,0.577350269189626,0.916666666666667,0.144337567297406,1,0,0.666666666666667,0.577350269189626,0.952380952380952,0.0824786098842323,0.916666666666667,0.144337567297406,0.833333333333333,0.144337567297406
"localized_dense","grid","gaussian","hybrid",4,1,0.8,2,"plain_selectboost","group","c0 = 0.9",3,3,0,3.33333333333333,0.577350269189626,3,0,0.333333333333333,0.577350269189626,0,0,0.666666666666667,0.577350269189626,0.916666666666667,0.144337567297406,1,0,0.666666666666667,0.577350269189626,0.952380952380952,0.0824786098842323,0.916666666666667,0.144337567297406,0.833333333333333,0.144337567297406
"localized_dense","grid","gaussian","hybrid",4,1,0.8,2,"selectboost","feature","c0 = 0.3",3,11,0,23.3333333333333,2.08166599946613,8.66666666666667,0.577350269189626,14.6666666666667,2.3094010767585,2.33333333333333,0.577350269189626,36.3333333333333,2.3094010767585,0.373968253968254,0.0491315355483253,0.787878787878788,0.0524863881081478,0.712418300653595,0.0452823740540883,0.506547619047619,0.0529828781225563,0.340311325818572,0.0478868640465721,0.376344086021505,0.0335752580559054
"localized_dense","grid","gaussian","hybrid",4,1,0.8,2,"selectboost","feature","c0 = 0.5",3,11,0,21.3333333333333,4.93288286231625,8,1.73205080756888,13.3333333333333,4.16333199893227,3,1.73205080756888,37.6666666666667,4.16333199893227,0.380116959064327,0.0810316167283685,0.727272727272727,0.157459164324443,0.738562091503268,0.0816339607633777,0.495825771324864,0.0950575542332274,0.333261940458342,0.0861677102509965,0.344086021505376,0.0795626268115524
"localized_dense","grid","gaussian","hybrid",4,1,0.8,2,"selectboost","feature","c0 = 0.7",3,11,0,22.3333333333333,1.52752523165195,8.33333333333333,1.15470053837925,14,1,2.66666666666667,1.15470053837925,37,1,0.372474747474747,0.0379418666699917,0.757575757575758,0.104972776216296,0.725490196078431,0.0196078431372549,0.499080086580087,0.05556036632813,0.333717948717949,0.0487056327212482,0.360215053763441,0.0246375037363217
"localized_dense","grid","gaussian","hybrid",4,1,0.8,2,"selectboost","feature","c0 = 0.9",3,11,0,19.6666666666667,0.577350269189626,7,1,12.6666666666667,1.52752523165195,4,1,38.3333333333333,1.52752523165195,0.357017543859649,0.0608306612195993,0.636363636363636,0.0909090909090909,0.751633986928105,0.0299514751304303,0.457347670250896,0.0732867550917968,0.298434343434343,0.0620953999095714,0.317204301075269,0.0093121011159617
"localized_dense","grid","gaussian","hybrid",4,1,0.8,2,"selectboost","group","c0 = 0.3",3,3,0,3.66666666666667,0.577350269189626,3,0,0.666666666666667,0.577350269189626,0,0,0.333333333333333,0.577350269189626,0.833333333333333,0.144337567297406,1,0,0.333333333333333,0.577350269189626,0.904761904761905,0.0824786098842323,0.833333333333333,0.144337567297406,0.916666666666667,0.144337567297406
"localized_dense","grid","gaussian","hybrid",4,1,0.8,2,"selectboost","group","c0 = 0.5",3,3,0,3.33333333333333,0.577350269189626,3,0,0.333333333333333,0.577350269189626,0,0,0.666666666666667,0.577350269189626,0.916666666666667,0.144337567297406,1,0,0.666666666666667,0.577350269189626,0.952380952380952,0.0824786098842323,0.916666666666667,0.144337567297406,0.833333333333333,0.144337567297406
"localized_dense","grid","gaussian","hybrid",4,1,0.8,2,"selectboost","group","c0 = 0.7",3,3,0,3.66666666666667,0.577350269189626,3,0,0.666666666666667,0.577350269189626,0,0,0.333333333333333,0.577350269189626,0.833333333333333,0.144337567297406,1,0,0.333333333333333,0.577350269189626,0.904761904761905,0.0824786098842323,0.833333333333333,0.144337567297406,0.916666666666667,0.144337567297406
"localized_dense","grid","gaussian","hybrid",4,1,0.8,2,"selectboost","group","c0 = 0.9",3,3,0,3.33333333333333,0.577350269189626,3,0,0.333333333333333,0.577350269189626,0,0,0.666666666666667,0.577350269189626,0.916666666666667,0.144337567297406,1,0,0.666666666666667,0.577350269189626,0.952380952380952,0.0824786098842323,0.916666666666667,0.144337567297406,0.833333333333333,0.144337567297406
"localized_dense","grid","gaussian","interval",4,0.6,0.5,0,"plain_selectboost","feature","c0 = 0.3",3,7,0,22.3333333333333,6.02771377334171,5,2.64575131106459,17.3333333333333,3.51188458428425,2,2.64575131106459,37.6666666666667,3.51188458428425,0.21195652173913,0.0755024129861402,0.714285714285714,0.377964473009227,0.684848484848485,0.0638524469869863,0.32463768115942,0.130531365208089,0.198412698412698,0.0893518273745849,0.360215053763441,0.0972211898926082
"localized_dense","grid","gaussian","interval",4,0.6,0.5,0,"plain_selectboost","feature","c0 = 0.5",3,7,0,27,6.2449979983984,6.66666666666667,0.577350269189626,20.3333333333333,5.85946527708232,0.333333333333333,0.577350269189626,34.6666666666667,5.85946527708232,0.252869875222816,0.0408545417073986,0.952380952380952,0.0824786098842323,0.63030303030303,0.106535732310588,0.397585506027474,0.0500277032532907,0.248917306052856,0.0384772501062153,0.435483870967742,0.100725774167716
"localized_dense","grid","gaussian","interval",4,0.6,0.5,0,"plain_selectboost","feature","c0 = 0.7",3,7,0,19.6666666666667,2.88675134594813,5.33333333333333,1.15470053837925,14.3333333333333,2.51661147842358,1.66666666666667,1.15470053837925,40.6666666666667,2.51661147842358,0.272141706924316,0.0564066985125185,0.761904761904762,0.164957219768465,0.739393939393939,0.0457565723349743,0.4,0.08,0.252088554720134,0.0626827431013322,0.317204301075269,0.0465605055798085
"localized_dense","grid","gaussian","interval",4,0.6,0.5,0,"plain_selectboost","feature","c0 = 0.9",3,7,0,15.3333333333333,2.08166599946613,3.66666666666667,0.577350269189626,11.6666666666667,2.51661147842358,3.33333333333333,0.577350269189626,43.3333333333333,2.51661147842358,0.244720965309201,0.0657699480748145,0.523809523809524,0.0824786098842323,0.787878787878788,0.0457565723349742,0.332608695652174,0.0761490429919,0.201127819548872,0.05418622295263,0.247311827956989,0.0335752580559054
"localized_dense","grid","gaussian","interval",4,0.6,0.5,0,"plain_selectboost","group","c0 = 0.3",3,3,0,3,1,2.33333333333333,0.577350269189626,0.666666666666667,0.577350269189626,0.666666666666667,0.577350269189626,0.333333333333333,0.577350269189626,0.805555555555556,0.173472166622178,0.777777777777778,0.192450089729875,0.333333333333333,0.577350269189626,0.774603174603175,0.0977447893227978,0.638888888888889,0.127293769304329,0.75,0.25
"localized_dense","grid","gaussian","interval",4,0.6,0.5,0,"plain_selectboost","group","c0 = 0.5",3,3,0,4,0,3,0,1,0,0,0,0,0,0.75,0,1,0,0,0,0.857142857142857,0,0.75,0,1,0
"localized_dense","grid","gaussian","interval",4,0.6,0.5,0,"plain_selectboost","group","c0 = 0.7",3,3,0,2.66666666666667,1.15470053837925,2.33333333333333,0.577350269189626,0.333333333333333,0.577350269189626,0.666666666666667,0.577350269189626,0.666666666666667,0.577350269189626,0.916666666666667,0.144337567297406,0.777777777777778,0.192450089729875,0.666666666666667,0.577350269189626,0.819047619047619,0.0329914439536928,0.694444444444444,0.0481125224324688,0.666666666666667,0.288675134594813
"localized_dense","grid","gaussian","interval",4,0.6,0.5,0,"plain_selectboost","group","c0 = 0.9",3,3,0,2.66666666666667,0.577350269189626,2.33333333333333,0.577350269189626,0.333333333333333,0.577350269189626,0.666666666666667,0.577350269189626,0.666666666666667,0.577350269189626,0.888888888888889,0.192450089729875,0.777777777777778,0.192450089729875,0.666666666666667,0.577350269189626,0.822222222222222,0.167774098561572,0.722222222222222,0.254587538608658,0.666666666666667,0.144337567297406
"localized_dense","grid","gaussian","interval",4,0.6,0.5,0,"selectboost","feature","c0 = 0.3",3,7,0,25,10.4403065089106,5.66666666666667,1.15470053837925,19.3333333333333,9.29157324317757,1.33333333333333,1.15470053837925,35.6666666666667,9.29157324317757,0.238988988988989,0.045309119166488,0.80952380952381,0.164957219768465,0.648484848484848,0.168937695330501,0.362850729517396,0.0414241773355435,0.222153972153972,0.0307268598841696,0.403225806451613,0.168392040466299
"localized_dense","grid","gaussian","interval",4,0.6,0.5,0,"selectboost","feature","c0 = 0.5",3,7,0,18.3333333333333,6.80685928555405,4.33333333333333,1.52752523165195,14,5.56776436283002,2.66666666666667,1.52752523165195,41,5.56776436283002,0.24198717948718,0.0608763458757134,0.619047619047619,0.218217890235992,0.745454545454545,0.101232079324182,0.341501976284585,0.0721579364884998,0.207407407407407,0.0516198513509865,0.295698924731183,0.109788052992807
"localized_dense","grid","gaussian","interval",4,0.6,0.5,0,"selectboost","feature","c0 = 0.7",3,7,0,15.3333333333333,1.52752523165195,5,1,10.3333333333333,0.577350269189626,2,1,44.6666666666667,0.577350269189626,0.323996265172736,0.0345723783035922,0.714285714285714,0.142857142857143,0.812121212121212,0.0104972776216296,0.445165945165945,0.0600754966469441,0.287581699346405,0.0493453231063448,0.247311827956989,0.0246375037363217
"localized_dense","grid","gaussian","interval",4,0.6,0.5,0,"selectboost","feature","c0 = 0.9",3,7,0,15,3,5,1.73205080756888,10,1.73205080756888,2,1.73205080756888,45,1.73205080756888,0.32962962962963,0.0611952283031789,0.714285714285714,0.247435829652697,0.818181818181818,0.0314918328648886,0.44822966507177,0.10096342299858,0.292592592592593,0.0863050385017114,0.241935483870968,0.0483870967741936
"localized_dense","grid","gaussian","interval",4,0.6,0.5,0,"selectboost","group","c0 = 0.3",3,3,0,3,1,2.33333333333333,0.577350269189626,0.666666666666667,0.577350269189626,0.666666666666667,0.577350269189626,0.333333333333333,0.577350269189626,0.805555555555556,0.173472166622178,0.777777777777778,0.192450089729875,0.333333333333333,0.577350269189626,0.774603174603175,0.0977447893227978,0.638888888888889,0.127293769304329,0.75,0.25
"localized_dense","grid","gaussian","interval",4,0.6,0.5,0,"selectboost","group","c0 = 0.5",3,3,0,3,1,2.33333333333333,0.577350269189626,0.666666666666667,0.577350269189626,0.666666666666667,0.577350269189626,0.333333333333333,0.577350269189626,0.805555555555556,0.173472166622178,0.777777777777778,0.192450089729875,0.333333333333333,0.577350269189626,0.774603174603175,0.0977447893227978,0.638888888888889,0.127293769304329,0.75,0.25
"localized_dense","grid","gaussian","interval",4,0.6,0.5,0,"selectboost","group","c0 = 0.7",3,3,0,2.33333333333333,0.577350269189626,2.33333333333333,0.577350269189626,0,0,0.666666666666667,0.577350269189626,1,0,1,0,0.777777777777778,0.192450089729875,1,0,0.866666666666667,0.115470053837925,0.777777777777778,0.192450089729875,0.583333333333333,0.144337567297406
"localized_dense","grid","gaussian","interval",4,0.6,0.5,0,"selectboost","group","c0 = 0.9",3,3,0,2.33333333333333,0.577350269189626,2.33333333333333,0.577350269189626,0,0,0.666666666666667,0.577350269189626,1,0,1,0,0.777777777777778,0.192450089729875,1,0,0.866666666666667,0.115470053837925,0.777777777777778,0.192450089729875,0.583333333333333,0.144337567297406
"localized_dense","grid","gaussian","interval",4,0.6,0.5,2,"plain_selectboost","feature","c0 = 0.3",3,7,0,24,1,5.66666666666667,1.15470053837925,18.3333333333333,0.577350269189626,1.33333333333333,1.15470053837925,36.6666666666667,0.577350269189626,0.23524154589372,0.0390256469544432,0.80952380952381,0.164957219768465,0.666666666666667,0.0104972776216296,0.364471326164875,0.0634727932055866,0.224102564102564,0.0485611511842466,0.387096774193548,0.0161290322580645
"localized_dense","grid","gaussian","interval",4,0.6,0.5,2,"plain_selectboost","feature","c0 = 0.5",3,7,0,28.6666666666667,8.08290376865476,6.66666666666667,0.577350269189626,22,7.81024967590665,0.333333333333333,0.577350269189626,33,7.81024967590665,0.241959064327485,0.0541774677300812,0.952380952380952,0.0824786098842323,0.6,0.142004539561939,0.383273596176822,0.0703288768179256,0.238625730994152,0.0537412503227472,0.462365591397849,0.130369415623464
"localized_dense","grid","gaussian","interval",4,0.6,0.5,2,"plain_selectboost","feature","c0 = 0.7",3,7,0,20.6666666666667,2.3094010767585,5.33333333333333,0.577350269189626,15.3333333333333,2.08166599946613,1.66666666666667,0.577350269189626,39.6666666666667,2.08166599946613,0.259259259259259,0.0278160128650813,0.761904761904762,0.0824786098842322,0.721212121212121,0.0378484727175661,0.386206896551724,0.0364931215319254,0.239734299516908,0.0277317934860025,0.333333333333333,0.0372484044638468
"localized_dense","grid","gaussian","interval",4,0.6,0.5,2,"plain_selectboost","feature","c0 = 0.9",3,7,0,23.6666666666667,6.35085296108588,5,1,18.6666666666667,5.5075705472861,2,1,36.3333333333333,5.5075705472861,0.214516129032258,0.0308987807430129,0.714285714285714,0.142857142857143,0.660606060606061,0.100137646314293,0.327485380116959,0.0383971064397509,0.196228590250329,0.0277300411013033,0.381720430107527,0.102433112275579
"localized_dense","grid","gaussian","interval",4,0.6,0.5,2,"plain_selectboost","group","c0 = 0.3",3,3,0,4,0,3,0,1,0,0,0,0,0,0.75,0,1,0,0,0,0.857142857142857,0,0.75,0,1,0
"localized_dense","grid","gaussian","interval",4,0.6,0.5,2,"plain_selectboost","group","c0 = 0.5",3,3,0,3.33333333333333,0.577350269189626,3,0,0.333333333333333,0.577350269189626,0,0,0.666666666666667,0.577350269189626,0.916666666666667,0.144337567297406,1,0,0.666666666666667,0.577350269189626,0.952380952380952,0.0824786098842323,0.916666666666667,0.144337567297406,0.833333333333333,0.144337567297406
"localized_dense","grid","gaussian","interval",4,0.6,0.5,2,"plain_selectboost","group","c0 = 0.7",3,3,0,3.33333333333333,0.577350269189626,3,0,0.333333333333333,0.577350269189626,0,0,0.666666666666667,0.577350269189626,0.916666666666667,0.144337567297406,1,0,0.666666666666667,0.577350269189626,0.952380952380952,0.0824786098842323,0.916666666666667,0.144337567297406,0.833333333333333,0.144337567297406
"localized_dense","grid","gaussian","interval",4,0.6,0.5,2,"plain_selectboost","group","c0 = 0.9",3,3,0,3.66666666666667,0.577350269189626,3,0,0.666666666666667,0.577350269189626,0,0,0.333333333333333,0.577350269189626,0.833333333333333,0.144337567297406,1,0,0.333333333333333,0.577350269189626,0.904761904761905,0.0824786098842323,0.833333333333333,0.144337567297406,0.916666666666667,0.144337567297406
"localized_dense","grid","gaussian","interval",4,0.6,0.5,2,"selectboost","feature","c0 = 0.3",3,7,0,20.6666666666667,2.3094010767585,6,1.73205080756888,14.6666666666667,0.577350269189626,1,1.73205080756888,40.3333333333333,0.577350269189626,0.286195286195286,0.0554022985586005,0.857142857142857,0.247435829652697,0.733333333333333,0.0104972776216296,0.428505747126437,0.0939687334681046,0.275613275613276,0.0737308785328743,0.333333333333333,0.0372484044638468
"localized_dense","grid","gaussian","interval",4,0.6,0.5,2,"selectboost","feature","c0 = 0.5",3,7,0,22,4.35889894354067,4.33333333333333,1.52752523165195,17.6666666666667,3.21455025366432,2.66666666666667,1.52752523165195,37.3333333333333,3.21455025366432,0.19437908496732,0.0398118089999084,0.619047619047619,0.218217890235992,0.678787878787879,0.0584463682484422,0.294354838709677,0.0699570627939414,0.173924840591507,0.0492997181052317,0.354838709677419,0.0703048216700109
"localized_dense","grid","gaussian","interval",4,0.6,0.5,2,"selectboost","feature","c0 = 0.7",3,7,0,20.6666666666667,2.08166599946613,5.33333333333333,1.52752523165195,15.3333333333333,3.51188458428425,1.66666666666667,1.52752523165195,39.6666666666667,3.51188458428425,0.264111365369947,0.0980188215632585,0.761904761904762,0.218217890235992,0.721212121212121,0.0638524469869863,0.391832858499525,0.137162647543048,0.249846644583487,0.109054037542214,0.333333333333333,0.0335752580559054
"localized_dense","grid","gaussian","interval",4,0.6,0.5,2,"selectboost","feature","c0 = 0.9",3,7,0,17.3333333333333,2.3094010767585,4,2.64575131106459,13.3333333333333,0.577350269189626,3,2.64575131106459,41.6666666666667,0.577350269189626,0.220833333333333,0.11614466553972,0.571428571428571,0.377964473009227,0.757575757575758,0.0104972776216296,0.317767042404724,0.179210004016636,0.198412698412698,0.134103501278593,0.279569892473118,0.0372484044638468
"localized_dense","grid","gaussian","interval",4,0.6,0.5,2,"selectboost","group","c0 = 0.3",3,3,0,3,0,3,0,0,0,0,0,1,0,1,0,1,0,1,0,1,0,1,0,0.75,0
"localized_dense","grid","gaussian","interval",4,0.6,0.5,2,"selectboost","group","c0 = 0.5",3,3,0,3.66666666666667,0.577350269189626,3,0,0.666666666666667,0.577350269189626,0,0,0.333333333333333,0.577350269189626,0.833333333333333,0.144337567297406,1,0,0.333333333333333,0.577350269189626,0.904761904761905,0.0824786098842323,0.833333333333333,0.144337567297406,0.916666666666667,0.144337567297406
"localized_dense","grid","gaussian","interval",4,0.6,0.5,2,"selectboost","group","c0 = 0.7",3,3,0,3.33333333333333,0.577350269189626,3,0,0.333333333333333,0.577350269189626,0,0,0.666666666666667,0.577350269189626,0.916666666666667,0.144337567297406,1,0,0.666666666666667,0.577350269189626,0.952380952380952,0.0824786098842323,0.916666666666667,0.144337567297406,0.833333333333333,0.144337567297406
"localized_dense","grid","gaussian","interval",4,0.6,0.5,2,"selectboost","group","c0 = 0.9",3,3,0,3,0,3,0,0,0,0,0,1,0,1,0,1,0,1,0,1,0,1,0,0.75,0
"localized_dense","grid","gaussian","interval",4,0.6,0.8,0,"plain_selectboost","feature","c0 = 0.3",3,11,0,23,4.58257569495584,8.33333333333333,1.52752523165195,14.6666666666667,3.05505046330389,2.66666666666667,1.52752523165195,36.3333333333333,3.05505046330389,0.3630667578036,0.00566063260369324,0.757575757575758,0.138865930150177,0.712418300653595,0.0599029502608606,0.488111888111888,0.0232493382560218,0.323058470764618,0.0204124576522644,0.370967741935484,0.0739125112089652
"localized_dense","grid","gaussian","interval",4,0.6,0.8,0,"plain_selectboost","feature","c0 = 0.5",3,11,0,20.6666666666667,1.52752523165195,9.66666666666667,1.15470053837925,11,1,1.33333333333333,1.15470053837925,40,1,0.467418546365915,0.0361241486350867,0.878787878787879,0.104972776216296,0.784313725490196,0.0196078431372549,0.609722222222222,0.0527594997589516,0.439958592132505,0.0552352860122323,0.333333333333333,0.0246375037363217
"localized_dense","grid","gaussian","interval",4,0.6,0.8,0,"plain_selectboost","feature","c0 = 0.7",3,11,0,18,2,8.33333333333333,0.577350269189626,9.66666666666667,1.52752523165195,2.66666666666667,0.577350269189626,41.3333333333333,1.52752523165195,0.464814814814815,0.0305976141515895,0.757575757575758,0.0524863881081478,0.810457516339869,0.0299514751304303,0.574987297271317,0.021013476998087,0.403698640540746,0.0205867662629703,0.290322580645161,0.032258064516129
"localized_dense","grid","gaussian","interval",4,0.6,0.8,0,"plain_selectboost","feature","c0 = 0.9",3,11,0,17.3333333333333,3.21455025366432,7.66666666666667,2.88675134594813,9.66666666666667,0.577350269189626,3.33333333333333,2.88675134594813,41.3333333333333,0.577350269189626,0.432936507936508,0.079684871590491,0.696969696969697,0.262431940540739,0.810457516339869,0.011320593513522,0.531160968660969,0.135663078599605,0.36984126984127,0.133531598622528,0.279569892473118,0.0518475847365212
"localized_dense","grid","gaussian","interval",4,0.6,0.8,0,"plain_selectboost","group","c0 = 0.3",3,3,0,3.66666666666667,0.577350269189626,3,0,0.666666666666667,0.577350269189626,0,0,0.333333333333333,0.577350269189626,0.833333333333333,0.144337567297406,1,0,0.333333333333333,0.577350269189626,0.904761904761905,0.0824786098842323,0.833333333333333,0.144337567297406,0.916666666666667,0.144337567297406
"localized_dense","grid","gaussian","interval",4,0.6,0.8,0,"plain_selectboost","group","c0 = 0.5",3,3,0,3.66666666666667,0.577350269189626,3,0,0.666666666666667,0.577350269189626,0,0,0.333333333333333,0.577350269189626,0.833333333333333,0.144337567297406,1,0,0.333333333333333,0.577350269189626,0.904761904761905,0.0824786098842323,0.833333333333333,0.144337567297406,0.916666666666667,0.144337567297406
"localized_dense","grid","gaussian","interval",4,0.6,0.8,0,"plain_selectboost","group","c0 = 0.7",3,3,0,3.33333333333333,0.577350269189626,3,0,0.333333333333333,0.577350269189626,0,0,0.666666666666667,0.577350269189626,0.916666666666667,0.144337567297406,1,0,0.666666666666667,0.577350269189626,0.952380952380952,0.0824786098842323,0.916666666666667,0.144337567297406,0.833333333333333,0.144337567297406
"localized_dense","grid","gaussian","interval",4,0.6,0.8,0,"plain_selectboost","group","c0 = 0.9",3,3,0,3.66666666666667,0.577350269189626,3,0,0.666666666666667,0.577350269189626,0,0,0.333333333333333,0.577350269189626,0.833333333333333,0.144337567297406,1,0,0.333333333333333,0.577350269189626,0.904761904761905,0.0824786098842323,0.833333333333333,0.144337567297406,0.916666666666667,0.144337567297406
"localized_dense","grid","gaussian","interval",4,0.6,0.8,0,"selectboost","feature","c0 = 0.3",3,11,0,25,3.60555127546399,9.66666666666667,1.15470053837925,15.3333333333333,2.88675134594813,1.33333333333333,1.15470053837925,35.6666666666667,2.88675134594813,0.389194139194139,0.0413307109758123,0.878787878787879,0.104972776216296,0.699346405228758,0.0566029675676104,0.53769635019635,0.0443562809398265,0.368530020703934,0.0407984397493552,0.403225806451613,0.0581540528300644
"localized_dense","grid","gaussian","interval",4,0.6,0.8,0,"selectboost","feature","c0 = 0.5",3,11,0,20.6666666666667,5.03322295684717,9.33333333333333,2.08166599946613,11.3333333333333,3.21455025366432,1.66666666666667,2.08166599946613,39.6666666666667,3.21455025366432,0.453525641025641,0.0408889449428624,0.848484848484849,0.18924236358783,0.777777777777778,0.0630303971306729,0.586091467811898,0.0637481394737595,0.416422466422466,0.0633578757165936,0.333333333333333,0.0811810154330188
"localized_dense","grid","gaussian","interval",4,0.6,0.8,0,"selectboost","feature","c0 = 0.7",3,11,0,22,6.92820323027551,9,1.73205080756888,13,5.19615242270663,2,1.73205080756888,38,5.19615242270663,0.418518518518519,0.0449050209369709,0.818181818181818,0.157459164324443,0.745098039215686,0.101885341621699,0.546677880571909,0.00874037413407343,0.376190476190476,0.00824786098842323,0.354838709677419,0.11174521339154
"localized_dense","grid","gaussian","interval",4,0.6,0.8,0,"selectboost","feature","c0 = 0.9",3,11,0,16.3333333333333,0.577350269189626,8,1,8.33333333333333,0.577350269189626,3,1,42.6666666666667,0.577350269189626,0.488970588235294,0.0469380343191313,0.727272727272727,0.0909090909090909,0.836601307189543,0.0113205935135221,0.584656084656085,0.0625480974472851,0.414912280701754,0.0620703142818754,0.263440860215054,0.0093121011159617
"localized_dense","grid","gaussian","interval",4,0.6,0.8,0,"selectboost","group","c0 = 0.3",3,3,0,3.66666666666667,0.577350269189626,3,0,0.666666666666667,0.577350269189626,0,0,0.333333333333333,0.577350269189626,0.833333333333333,0.144337567297406,1,0,0.333333333333333,0.577350269189626,0.904761904761905,0.0824786098842323,0.833333333333333,0.144337567297406,0.916666666666667,0.144337567297406
"localized_dense","grid","gaussian","interval",4,0.6,0.8,0,"selectboost","group","c0 = 0.5",3,3,0,3.66666666666667,0.577350269189626,3,0,0.666666666666667,0.577350269189626,0,0,0.333333333333333,0.577350269189626,0.833333333333333,0.144337567297406,1,0,0.333333333333333,0.577350269189626,0.904761904761905,0.0824786098842323,0.833333333333333,0.144337567297406,0.916666666666667,0.144337567297406
"localized_dense","grid","gaussian","interval",4,0.6,0.8,0,"selectboost","group","c0 = 0.7",3,3,0,3.66666666666667,0.577350269189626,3,0,0.666666666666667,0.577350269189626,0,0,0.333333333333333,0.577350269189626,0.833333333333333,0.144337567297406,1,0,0.333333333333333,0.577350269189626,0.904761904761905,0.0824786098842323,0.833333333333333,0.144337567297406,0.916666666666667,0.144337567297406
"localized_dense","grid","gaussian","interval",4,0.6,0.8,0,"selectboost","group","c0 = 0.9",3,3,0,3.33333333333333,0.577350269189626,3,0,0.333333333333333,0.577350269189626,0,0,0.666666666666667,0.577350269189626,0.916666666666667,0.144337567297406,1,0,0.666666666666667,0.577350269189626,0.952380952380952,0.0824786098842323,0.916666666666667,0.144337567297406,0.833333333333333,0.144337567297406
"localized_dense","grid","gaussian","interval",4,0.6,0.8,2,"plain_selectboost","feature","c0 = 0.3",3,11,0,29,3.46410161513775,9,1,20,3.60555127546399,2,1,31,3.60555127546399,0.313548387096774,0.0515644934262918,0.818181818181818,0.0909090909090909,0.607843137254902,0.0706970838326272,0.452380952380952,0.0629940788348712,0.293709150326797,0.0516502079054445,0.467741935483871,0.0558726066957703
"localized_dense","grid","gaussian","interval",4,0.6,0.8,2,"plain_selectboost","feature","c0 = 0.5",3,11,0,28,6.08276253029822,8.33333333333333,0.577350269189626,19.6666666666667,6.42910050732864,2.66666666666667,0.577350269189626,31.3333333333333,6.42910050732864,0.307857142857143,0.0739656566748849,0.757575757575758,0.0524863881081478,0.61437908496732,0.126060794261346,0.435518748562227,0.0835879950583802,0.280798149219202,0.0679472813783849,0.451612903225806,0.0981090730693262
"localized_dense","grid","gaussian","interval",4,0.6,0.8,2,"plain_selectboost","feature","c0 = 0.7",3,11,0,22.3333333333333,5.5075705472861,7.66666666666667,1.52752523165195,14.6666666666667,4.04145188432738,3.33333333333333,1.52752523165195,36.3333333333333,4.04145188432738,0.347051282051282,0.0275109804149635,0.696969696969697,0.138865930150177,0.712418300653595,0.0792441545946546,0.458458458458458,0.0242729842902546,0.297619047619048,0.0206196524710581,0.360215053763441,0.0888317830207436
"localized_dense","grid","gaussian","interval",4,0.6,0.8,2,"plain_selectboost","feature","c0 = 0.9",3,11,0,21.6666666666667,2.88675134594813,8.33333333333333,0.577350269189626,13.3333333333333,3.21455025366432,2.66666666666667,0.577350269189626,37.6666666666667,3.21455025366432,0.39,0.06557438524302,0.757575757575758,0.0524863881081478,0.738562091503268,0.0630303971306729,0.51373954599761,0.0681317917772199,0.347543760587239,0.0616887962282325,0.349462365591398,0.0465605055798085
"localized_dense","grid","gaussian","interval",4,0.6,0.8,2,"plain_selectboost","group","c0 = 0.3",3,3,0,4,0,3,0,1,0,0,0,0,0,0.75,0,1,0,0,0,0.857142857142857,0,0.75,0,1,0
"localized_dense","grid","gaussian","interval",4,0.6,0.8,2,"plain_selectboost","group","c0 = 0.5",3,3,0,3.33333333333333,0.577350269189626,3,0,0.333333333333333,0.577350269189626,0,0,0.666666666666667,0.577350269189626,0.916666666666667,0.144337567297406,1,0,0.666666666666667,0.577350269189626,0.952380952380952,0.0824786098842323,0.916666666666667,0.144337567297406,0.833333333333333,0.144337567297406
"localized_dense","grid","gaussian","interval",4,0.6,0.8,2,"plain_selectboost","group","c0 = 0.7",3,3,0,3.66666666666667,0.577350269189626,3,0,0.666666666666667,0.577350269189626,0,0,0.333333333333333,0.577350269189626,0.833333333333333,0.144337567297406,1,0,0.333333333333333,0.577350269189626,0.904761904761905,0.0824786098842323,0.833333333333333,0.144337567297406,0.916666666666667,0.144337567297406
"localized_dense","grid","gaussian","interval",4,0.6,0.8,2,"plain_selectboost","group","c0 = 0.9",3,3,0,3.66666666666667,0.577350269189626,3,0,0.666666666666667,0.577350269189626,0,0,0.333333333333333,0.577350269189626,0.833333333333333,0.144337567297406,1,0,0.333333333333333,0.577350269189626,0.904761904761905,0.0824786098842323,0.833333333333333,0.144337567297406,0.916666666666667,0.144337567297406
"localized_dense","grid","gaussian","interval",4,0.6,0.8,2,"selectboost","feature","c0 = 0.3",3,11,0,21.3333333333333,3.05505046330389,7.66666666666667,2.08166599946613,13.6666666666667,1.52752523165195,3.33333333333333,2.08166599946613,37.3333333333333,1.52752523165195,0.356060606060606,0.053030303030303,0.696969696969697,0.18924236358783,0.73202614379085,0.0299514751304303,0.46982136637309,0.0881493911814181,0.310033444816053,0.0780254011325024,0.344086021505376,0.0492750074726434
"localized_dense","grid","gaussian","interval",4,0.6,0.8,2,"selectboost","feature","c0 = 0.5",3,11,0,21.3333333333333,2.3094010767585,7.66666666666667,0.577350269189626,13.6666666666667,2.08166599946613,3.33333333333333,0.577350269189626,37.3333333333333,2.08166599946613,0.361111111111111,0.0346944333244356,0.696969696969697,0.0524863881081478,0.73202614379085,0.0408169803816889,0.474961597542243,0.0357591017559483,0.311929683306495,0.0311732612006048,0.344086021505376,0.0372484044638468
"localized_dense","grid","gaussian","interval",4,0.6,0.8,2,"selectboost","feature","c0 = 0.7",3,11,0,22,1,6.66666666666667,0.577350269189626,15.3333333333333,1.15470053837925,4.33333333333333,0.577350269189626,35.6666666666667,1.15470053837925,0.303469477382521,0.0303125760680499,0.606060606060606,0.0524863881081478,0.699346405228758,0.0226411870270441,0.404300356506239,0.0374932871047791,0.253827160493827,0.0292694153338024,0.354838709677419,0.0161290322580645
"localized_dense","grid","gaussian","interval",4,0.6,0.8,2,"selectboost","feature","c0 = 0.9",3,11,0,18.6666666666667,1.52752523165195,6.33333333333333,2.51661147842358,12.3333333333333,2.08166599946613,4.66666666666667,2.51661147842358,38.6666666666667,2.08166599946613,0.336326109391125,0.1232767162256,0.575757575757576,0.228782861674871,0.758169934640523,0.0408169803816889,0.424270353302611,0.160406620152828,0.278412698412698,0.135111722757895,0.301075268817204,0.0246375037363217
"localized_dense","grid","gaussian","interval",4,0.6,0.8,2,"selectboost","group","c0 = 0.3",3,3,0,3.33333333333333,0.577350269189626,3,0,0.333333333333333,0.577350269189626,0,0,0.666666666666667,0.577350269189626,0.916666666666667,0.144337567297406,1,0,0.666666666666667,0.577350269189626,0.952380952380952,0.0824786098842323,0.916666666666667,0.144337567297406,0.833333333333333,0.144337567297406
"localized_dense","grid","gaussian","interval",4,0.6,0.8,2,"selectboost","group","c0 = 0.5",3,3,0,3.33333333333333,0.577350269189626,3,0,0.333333333333333,0.577350269189626,0,0,0.666666666666667,0.577350269189626,0.916666666666667,0.144337567297406,1,0,0.666666666666667,0.577350269189626,0.952380952380952,0.0824786098842323,0.916666666666667,0.144337567297406,0.833333333333333,0.144337567297406
"localized_dense","grid","gaussian","interval",4,0.6,0.8,2,"selectboost","group","c0 = 0.7",3,3,0,3.66666666666667,0.577350269189626,3,0,0.666666666666667,0.577350269189626,0,0,0.333333333333333,0.577350269189626,0.833333333333333,0.144337567297406,1,0,0.333333333333333,0.577350269189626,0.904761904761905,0.0824786098842323,0.833333333333333,0.144337567297406,0.916666666666667,0.144337567297406
"localized_dense","grid","gaussian","interval",4,0.6,0.8,2,"selectboost","group","c0 = 0.9",3,3,0,3.66666666666667,0.577350269189626,3,0,0.666666666666667,0.577350269189626,0,0,0.333333333333333,0.577350269189626,0.833333333333333,0.144337567297406,1,0,0.333333333333333,0.577350269189626,0.904761904761905,0.0824786098842323,0.833333333333333,0.144337567297406,0.916666666666667,0.144337567297406
"localized_dense","grid","gaussian","interval",4,1,0.5,0,"plain_selectboost","feature","c0 = 0.3",3,7,0,20.3333333333333,4.16333199893227,4.66666666666667,1.15470053837925,15.6666666666667,3.05505046330389,2.33333333333333,1.15470053837925,39.3333333333333,3.05505046330389,0.228606811145511,0.0158339687513804,0.666666666666667,0.164957219768465,0.715151515151515,0.0555463720600708,0.338675213675214,0.0339703271273176,0.204195804195804,0.0247437846335023,0.327956989247312,0.0671505161118107
"localized_dense","grid","gaussian","interval",4,1,0.5,0,"plain_selectboost","feature","c0 = 0.5",3,7,0,20.3333333333333,2.51661147842358,5,0,15.3333333333333,2.51661147842358,2,0,39.6666666666667,2.51661147842358,0.248389694041868,0.0302254256758389,0.714285714285714,0,0.721212121212121,0.0457565723349743,0.367901234567901,0.0334018500209103,0.225757575757576,0.0250344115785732,0.327956989247312,0.0405905077165094
"localized_dense","grid","gaussian","interval",4,1,0.5,0,"plain_selectboost","feature","c0 = 0.7",3,7,0,19.3333333333333,4.72581562625261,6.33333333333333,1.15470053837925,13,3.60555127546399,0.666666666666667,1.15470053837925,42,3.60555127546399,0.331608005521049,0.0264397691573368,0.904761904761905,0.164957219768465,0.763636363636364,0.0655554777357089,0.480952380952381,0.0171692917879238,0.316727053140097,0.0149479393653219,0.311827956989247,0.0762228326814937
"localized_dense","grid","gaussian","interval",4,1,0.5,0,"plain_selectboost","feature","c0 = 0.9",3,7,0,14.3333333333333,3.51188458428425,4.66666666666667,0.577350269189626,9.66666666666667,3.05505046330389,2.33333333333333,0.577350269189626,45.3333333333333,3.05505046330389,0.332852332852333,0.0478063423526675,0.666666666666667,0.0824786098842323,0.824242424242424,0.0555463720600707,0.44021164021164,0.0382711985608997,0.282738095238095,0.0313561123596808,0.231182795698925,0.0566432997465201
"localized_dense","grid","gaussian","interval",4,1,0.5,0,"plain_selectboost","group","c0 = 0.3",3,3,0,3.66666666666667,0.577350269189626,2.66666666666667,0.577350269189626,1,0,0.333333333333333,0.577350269189626,0,0,0.722222222222222,0.0481125224324688,0.888888888888889,0.192450089729875,0,0,0.793650793650794,0.109971479845643,0.666666666666667,0.144337567297406,0.916666666666667,0.144337567297406
"localized_dense","grid","gaussian","interval",4,1,0.5,0,"plain_selectboost","group","c0 = 0.5",3,3,0,4,0,3,0,1,0,0,0,0,0,0.75,0,1,0,0,0,0.857142857142857,0,0.75,0,1,0
"localized_dense","grid","gaussian","interval",4,1,0.5,0,"plain_selectboost","group","c0 = 0.7",3,3,0,3,1,2.66666666666667,0.577350269189626,0.333333333333333,0.577350269189626,0.333333333333333,0.577350269189626,0.666666666666667,0.577350269189626,0.916666666666667,0.144337567297406,0.888888888888889,0.192450089729875,0.666666666666667,0.577350269189626,0.885714285714286,0.103015750727543,0.805555555555556,0.173472166622178,0.75,0.25
"localized_dense","grid","gaussian","interval",4,1,0.5,0,"plain_selectboost","group","c0 = 0.9",3,3,0,3,1,2.66666666666667,0.577350269189626,0.333333333333333,0.577350269189626,0.333333333333333,0.577350269189626,0.666666666666667,0.577350269189626,0.916666666666667,0.144337567297406,0.888888888888889,0.192450089729875,0.666666666666667,0.577350269189626,0.885714285714286,0.103015750727543,0.805555555555556,0.173472166622178,0.75,0.25
"localized_dense","grid","gaussian","interval",4,1,0.5,0,"selectboost","feature","c0 = 0.3",3,7,0,24.6666666666667,6.50640709864771,6.33333333333333,1.15470053837925,18.3333333333333,5.5075705472861,0.666666666666667,1.15470053837925,36.6666666666667,5.5075705472861,0.261194743130227,0.0306672944728998,0.904761904761905,0.164957219768465,0.666666666666667,0.100137646314293,0.401973684210526,0.0345817410551354,0.251935483870968,0.027148568011172,0.397849462365591,0.104942049978189
"localized_dense","grid","gaussian","interval",4,1,0.5,0,"selectboost","feature","c0 = 0.5",3,7,0,21,1.73205080756888,5.33333333333333,0.577350269189626,15.6666666666667,2.08166599946613,1.66666666666667,0.577350269189626,39.3333333333333,2.08166599946613,0.255797101449275,0.0416083397679872,0.761904761904762,0.0824786098842322,0.715151515151515,0.0378484727175661,0.382716049382716,0.0565750085797017,0.237662337662338,0.0437914683119152,0.338709677419355,0.0279363033478851
"localized_dense","grid","gaussian","interval",4,1,0.5,0,"selectboost","feature","c0 = 0.7",3,7,0,17,3.60555127546399,5,1,12,2.64575131106459,2,1,43,2.64575131106459,0.294642857142857,0.0154647393532936,0.714285714285714,0.142857142857143,0.781818181818182,0.0481045692920835,0.414768806073154,0.0294500873614243,0.261933056050703,0.0232077935136273,0.274193548387097,0.0581540528300643
"localized_dense","grid","gaussian","interval",4,1,0.5,0,"selectboost","feature","c0 = 0.9",3,7,0,14,3.46410161513775,5,1,9,2.64575131106459,2,1,46,2.64575131106459,0.361111111111111,0.0481125224324688,0.714285714285714,0.142857142857143,0.836363636363636,0.0481045692920834,0.475789473684211,0.0527577435205965,0.313199665831245,0.0452936594823982,0.225806451612903,0.0558726066957703
"localized_dense","grid","gaussian","interval",4,1,0.5,0,"selectboost","group","c0 = 0.3",3,3,0,3.66666666666667,0.577350269189626,2.66666666666667,0.577350269189626,1,0,0.333333333333333,0.577350269189626,0,0,0.722222222222222,0.0481125224324688,0.888888888888889,0.192450089729875,0,0,0.793650793650794,0.109971479845643,0.666666666666667,0.144337567297406,0.916666666666667,0.144337567297406
"localized_dense","grid","gaussian","interval",4,1,0.5,0,"selectboost","group","c0 = 0.5",3,3,0,3.66666666666667,0.577350269189626,2.66666666666667,0.577350269189626,1,0,0.333333333333333,0.577350269189626,0,0,0.722222222222222,0.0481125224324688,0.888888888888889,0.192450089729875,0,0,0.793650793650794,0.109971479845643,0.666666666666667,0.144337567297406,0.916666666666667,0.144337567297406
"localized_dense","grid","gaussian","interval",4,1,0.5,0,"selectboost","group","c0 = 0.7",3,3,0,3,1,2.66666666666667,0.577350269189626,0.333333333333333,0.577350269189626,0.333333333333333,0.577350269189626,0.666666666666667,0.577350269189626,0.916666666666667,0.144337567297406,0.888888888888889,0.192450089729875,0.666666666666667,0.577350269189626,0.885714285714286,0.103015750727543,0.805555555555556,0.173472166622178,0.75,0.25
"localized_dense","grid","gaussian","interval",4,1,0.5,0,"selectboost","group","c0 = 0.9",3,3,0,3,1,2.66666666666667,0.577350269189626,0.333333333333333,0.577350269189626,0.333333333333333,0.577350269189626,0.666666666666667,0.577350269189626,0.916666666666667,0.144337567297406,0.888888888888889,0.192450089729875,0.666666666666667,0.577350269189626,0.885714285714286,0.103015750727543,0.805555555555556,0.173472166622178,0.75,0.25
"localized_dense","grid","gaussian","interval",4,1,0.5,2,"plain_selectboost","feature","c0 = 0.3",3,7,0,24,5,4.33333333333333,1.52752523165195,19.6666666666667,3.51188458428425,2.66666666666667,1.52752523165195,35.3333333333333,3.51188458428425,0.177152651744303,0.0261297029780203,0.619047619047619,0.218217890235992,0.642424242424242,0.0638524469869863,0.274055693410532,0.0531190841113738,0.159527643585615,0.036151757287625,0.387096774193548,0.0806451612903226
"localized_dense","grid","gaussian","interval",4,1,0.5,2,"plain_selectboost","feature","c0 = 0.5",3,7,0,22.3333333333333,3.51188458428425,5,1,17.3333333333333,3.21455025366432,2,1,37.6666666666667,3.21455025366432,0.225187093608146,0.0421667052708852,0.714285714285714,0.142857142857143,0.684848484848485,0.0584463682484422,0.341505238056962,0.0626465097510759,0.207086391869001,0.0466058757371709,0.360215053763441,0.0566432997465201
"localized_dense","grid","gaussian","interval",4,1,0.5,2,"plain_selectboost","feature","c0 = 0.7",3,7,0,19,2.64575131106459,4.66666666666667,0.577350269189626,14.3333333333333,2.3094010767585,2.33333333333333,0.577350269189626,40.6666666666667,2.3094010767585,0.246781540899188,0.0271414940885647,0.666666666666667,0.0824786098842323,0.739393939393939,0.0419891104865183,0.359386973180077,0.0356383630781103,0.219444444444444,0.026787918780536,0.306451612903226,0.0426734082429773
"localized_dense","grid","gaussian","interval",4,1,0.5,2,"plain_selectboost","feature","c0 = 0.9",3,7,0,18.3333333333333,1.15470053837925,4,2,14.3333333333333,1.15470053837925,3,2,40.6666666666667,1.15470053837925,0.214654282765738,0.099135685932077,0.571428571428571,0.285714285714286,0.739393939393939,0.0209945552432591,0.311965811965812,0.147482341254166,0.190909090909091,0.104841478133371,0.295698924731183,0.0186242022319234
"localized_dense","grid","gaussian","interval",4,1,0.5,2,"plain_selectboost","group","c0 = 0.3",3,3,0,3.66666666666667,0.577350269189626,2.66666666666667,0.577350269189626,1,0,0.333333333333333,0.577350269189626,0,0,0.722222222222222,0.0481125224324688,0.888888888888889,0.192450089729875,0,0,0.793650793650794,0.109971479845643,0.666666666666667,0.144337567297406,0.916666666666667,0.144337567297406
"localized_dense","grid","gaussian","interval",4,1,0.5,2,"plain_selectboost","group","c0 = 0.5",3,3,0,3,0,3,0,0,0,0,0,1,0,1,0,1,0,1,0,1,0,1,0,0.75,0
"localized_dense","grid","gaussian","interval",4,1,0.5,2,"plain_selectboost","group","c0 = 0.7",3,3,0,3.66666666666667,0.577350269189626,3,0,0.666666666666667,0.577350269189626,0,0,0.333333333333333,0.577350269189626,0.833333333333333,0.144337567297406,1,0,0.333333333333333,0.577350269189626,0.904761904761905,0.0824786098842323,0.833333333333333,0.144337567297406,0.916666666666667,0.144337567297406
"localized_dense","grid","gaussian","interval",4,1,0.5,2,"plain_selectboost","group","c0 = 0.9",3,3,0,3.33333333333333,0.577350269189626,3,0,0.333333333333333,0.577350269189626,0,0,0.666666666666667,0.577350269189626,0.916666666666667,0.144337567297406,1,0,0.666666666666667,0.577350269189626,0.952380952380952,0.0824786098842323,0.916666666666667,0.144337567297406,0.833333333333333,0.144337567297406
"localized_dense","grid","gaussian","interval",4,1,0.5,2,"selectboost","feature","c0 = 0.3",3,7,0,22.3333333333333,6.80685928555405,5.66666666666667,0.577350269189626,16.6666666666667,6.65832811847939,1.33333333333333,0.577350269189626,38.3333333333333,6.65832811847939,0.267647058823529,0.0779827857856638,0.80952380952381,0.0824786098842322,0.696969696969697,0.12106051124508,0.398231564898232,0.0910915494237297,0.251384815900945,0.0729452014329983,0.360215053763441,0.109788052992807
"localized_dense","grid","gaussian","interval",4,1,0.5,2,"selectboost","feature","c0 = 0.5",3,7,0,20.3333333333333,2.08166599946613,5,1,15.3333333333333,2.08166599946613,2,1,39.6666666666667,2.08166599946613,0.246993746993747,0.0490107390920877,0.714285714285714,0.142857142857143,0.721212121212121,0.0378484727175661,0.366502463054187,0.070303695664675,0.225845410628019,0.0515376528824924,0.327956989247312,0.0335752580559054
"localized_dense","grid","gaussian","interval",4,1,0.5,2,"selectboost","feature","c0 = 0.7",3,7,0,21.3333333333333,2.3094010767585,5.33333333333333,0.577350269189626,16,1.73205080756888,1.66666666666667,0.577350269189626,39,1.73205080756888,0.25,0,0.761904761904762,0.0824786098842322,0.709090909090909,0.0314918328648887,0.37594583831143,0.00965699374988619,0.231515151515152,0.00734809433514069,0.344086021505376,0.0372484044638468
"localized_dense","grid","gaussian","interval",4,1,0.5,2,"selectboost","feature","c0 = 0.9",3,7,0,14.6666666666667,1.15470053837925,4,1,10.6666666666667,0.577350269189626,3,1,44.3333333333333,0.577350269189626,0.270833333333333,0.0507700062774761,0.571428571428571,0.142857142857143,0.806060606060606,0.0104972776216296,0.367149758454106,0.0754865916570066,0.226579520697168,0.0560658354355459,0.236559139784946,0.0186242022319234
"localized_dense","grid","gaussian","interval",4,1,0.5,2,"selectboost","group","c0 = 0.3",3,3,0,3.33333333333333,0.577350269189626,3,0,0.333333333333333,0.577350269189626,0,0,0.666666666666667,0.577350269189626,0.916666666666667,0.144337567297406,1,0,0.666666666666667,0.577350269189626,0.952380952380952,0.0824786098842323,0.916666666666667,0.144337567297406,0.833333333333333,0.144337567297406
"localized_dense","grid","gaussian","interval",4,1,0.5,2,"selectboost","group","c0 = 0.5",3,3,0,3.66666666666667,0.577350269189626,3,0,0.666666666666667,0.577350269189626,0,0,0.333333333333333,0.577350269189626,0.833333333333333,0.144337567297406,1,0,0.333333333333333,0.577350269189626,0.904761904761905,0.0824786098842323,0.833333333333333,0.144337567297406,0.916666666666667,0.144337567297406
"localized_dense","grid","gaussian","interval",4,1,0.5,2,"selectboost","group","c0 = 0.7",3,3,0,3.66666666666667,0.577350269189626,3,0,0.666666666666667,0.577350269189626,0,0,0.333333333333333,0.577350269189626,0.833333333333333,0.144337567297406,1,0,0.333333333333333,0.577350269189626,0.904761904761905,0.0824786098842323,0.833333333333333,0.144337567297406,0.916666666666667,0.144337567297406
"localized_dense","grid","gaussian","interval",4,1,0.5,2,"selectboost","group","c0 = 0.9",3,3,0,3,0,3,0,0,0,0,0,1,0,1,0,1,0,1,0,1,0,1,0,0.75,0
"localized_dense","grid","gaussian","interval",4,1,0.8,0,"plain_selectboost","feature","c0 = 0.3",3,11,0,25,8,8.33333333333333,2.08166599946613,16.6666666666667,6.65832811847939,2.66666666666667,2.08166599946613,34.3333333333333,6.65832811847939,0.341889483065954,0.0643520918245245,0.757575757575758,0.18924236358783,0.673202614379085,0.130555453303518,0.464405964405964,0.0795365239048133,0.304828504828505,0.0695354452194811,0.403225806451613,0.129032258064516
"localized_dense","grid","gaussian","interval",4,1,0.8,0,"plain_selectboost","feature","c0 = 0.5",3,11,0,26.6666666666667,8.38649708360608,9.66666666666667,1.52752523165195,17,7,1.33333333333333,1.52752523165195,34,7,0.379308981657179,0.0818356168955464,0.878787878787879,0.138865930150177,0.666666666666667,0.137254901960784,0.520118124769288,0.0532521895963128,0.352623004235907,0.0485228043867146,0.43010752688172,0.135266081993647
"localized_dense","grid","gaussian","interval",4,1,0.8,0,"plain_selectboost","feature","c0 = 0.7",3,11,0,19.6666666666667,4.04145188432738,8.66666666666667,1.52752523165195,11,3.46410161513775,2.33333333333333,1.52752523165195,40,3.46410161513775,0.446271929824561,0.0760383265244991,0.787878787878788,0.138865930150177,0.784313725490196,0.0679235610811324,0.566490299823633,0.0867810896066697,0.398717948717949,0.087733908261157,0.317204301075269,0.0651847078117319
"localized_dense","grid","gaussian","interval",4,1,0.8,0,"plain_selectboost","feature","c0 = 0.9",3,11,0,17.3333333333333,2.51661147842358,7,1,10.3333333333333,1.52752523165195,4,1,40.6666666666667,1.52752523165195,0.403921568627451,0.00679235610811322,0.636363636363636,0.0909090909090909,0.797385620915033,0.0299514751304303,0.492555831265509,0.0280462892194971,0.327053140096618,0.0245237490753566,0.279569892473118,0.0405905077165094
"localized_dense","grid","gaussian","interval",4,1,0.8,0,"plain_selectboost","group","c0 = 0.3",3,3,0,3,1.73205080756888,2.33333333333333,1.15470053837925,0.666666666666667,0.577350269189626,0.666666666666667,1.15470053837925,0.333333333333333,0.577350269189626,0.833333333333333,0.144337567297406,0.777777777777778,0.38490017945975,0.333333333333333,0.577350269189626,0.738095238095238,0.206196524710581,0.611111111111111,0.240562612162344,0.75,0.433012701892219
"localized_dense","grid","gaussian","interval",4,1,0.8,0,"plain_selectboost","group","c0 = 0.5",3,3,0,3.33333333333333,1.15470053837925,2.66666666666667,0.577350269189626,0.666666666666667,0.577350269189626,0.333333333333333,0.577350269189626,0.333333333333333,0.577350269189626,0.833333333333333,0.144337567297406,0.888888888888889,0.192450089729875,0.333333333333333,0.577350269189626,0.838095238095238,0.0329914439536928,0.722222222222222,0.0481125224324688,0.833333333333333,0.288675134594813
"localized_dense","grid","gaussian","interval",4,1,0.8,0,"plain_selectboost","group","c0 = 0.7",3,3,0,3,1,2.66666666666667,0.577350269189626,0.333333333333333,0.577350269189626,0.333333333333333,0.577350269189626,0.666666666666667,0.577350269189626,0.916666666666667,0.144337567297406,0.888888888888889,0.192450089729875,0.666666666666667,0.577350269189626,0.885714285714286,0.103015750727543,0.805555555555556,0.173472166622178,0.75,0.25
"localized_dense","grid","gaussian","interval",4,1,0.8,0,"plain_selectboost","group","c0 = 0.9",3,3,0,3,1,2.66666666666667,0.577350269189626,0.333333333333333,0.577350269189626,0.333333333333333,0.577350269189626,0.666666666666667,0.577350269189626,0.916666666666667,0.144337567297406,0.888888888888889,0.192450089729875,0.666666666666667,0.577350269189626,0.885714285714286,0.103015750727543,0.805555555555556,0.173472166622178,0.75,0.25
"localized_dense","grid","gaussian","interval",4,1,0.8,0,"selectboost","feature","c0 = 0.3",3,11,0,22.3333333333333,6.11010092660779,8.66666666666667,2.08166599946613,13.6666666666667,4.04145188432738,2.33333333333333,2.08166599946613,37.3333333333333,4.04145188432738,0.390675810554107,0.0182819637972259,0.787878787878788,0.18924236358783,0.73202614379085,0.0792441545946545,0.516666666666667,0.0288675134594812,0.348659003831418,0.0265448399627414,0.360215053763441,0.0985500149452869
"localized_dense","grid","gaussian","interval",4,1,0.8,0,"selectboost","feature","c0 = 0.5",3,11,0,24.6666666666667,5.5075705472861,9.66666666666667,0.577350269189626,15,5.56776436283002,1.33333333333333,0.577350269189626,36,5.56776436283002,0.406549707602339,0.104573962117193,0.878787878787879,0.0524863881081477,0.705882352941176,0.109171850251569,0.551490514905149,0.0999316751625599,0.385304659498208,0.0994744737374761,0.397849462365591,0.0888317830207436
"localized_dense","grid","gaussian","interval",4,1,0.8,0,"selectboost","feature","c0 = 0.7",3,11,0,19.3333333333333,2.88675134594813,7.66666666666667,1.15470053837925,11.6666666666667,2.51661147842358,3.33333333333333,1.15470053837925,39.3333333333333,2.51661147842358,0.399801587301587,0.0577360497101249,0.696969696969697,0.104972776216296,0.771241830065359,0.0493453231063448,0.506172839506173,0.0634079004754684,0.340434782608696,0.0562653045762201,0.311827956989247,0.0465605055798085
"localized_dense","grid","gaussian","interval",4,1,0.8,0,"selectboost","feature","c0 = 0.9",3,11,0,18.6666666666667,3.78593889720018,7.33333333333333,1.52752523165195,11.3333333333333,2.51661147842358,3.66666666666667,1.52752523165195,39.6666666666667,2.51661147842358,0.393915174765558,0.0423398272569746,0.666666666666667,0.138865930150177,0.777777777777778,0.0493453231063448,0.492167237265276,0.0553442487137824,0.327575757575758,0.0477626131784145,0.301075268817204,0.061063530600003
"localized_dense","grid","gaussian","interval",4,1,0.8,0,"selectboost","group","c0 = 0.3",3,3,0,3.33333333333333,0.577350269189626,2.66666666666667,0.577350269189626,0.666666666666667,0.577350269189626,0.333333333333333,0.577350269189626,0.333333333333333,0.577350269189626,0.805555555555556,0.173472166622178,0.888888888888889,0.192450089729875,0.333333333333333,0.577350269189626,0.841269841269841,0.167232599251631,0.75,0.25,0.833333333333333,0.144337567297406
"localized_dense","grid","gaussian","interval",4,1,0.8,0,"selectboost","group","c0 = 0.5",3,3,0,3.66666666666667,0.577350269189626,3,0,0.666666666666667,0.577350269189626,0,0,0.333333333333333,0.577350269189626,0.833333333333333,0.144337567297406,1,0,0.333333333333333,0.577350269189626,0.904761904761905,0.0824786098842323,0.833333333333333,0.144337567297406,0.916666666666667,0.144337567297406
"localized_dense","grid","gaussian","interval",4,1,0.8,0,"selectboost","group","c0 = 0.7",3,3,0,3.33333333333333,1.15470053837925,2.66666666666667,0.577350269189626,0.666666666666667,0.577350269189626,0.333333333333333,0.577350269189626,0.333333333333333,0.577350269189626,0.833333333333333,0.144337567297406,0.888888888888889,0.192450089729875,0.333333333333333,0.577350269189626,0.838095238095238,0.0329914439536928,0.722222222222222,0.0481125224324688,0.833333333333333,0.288675134594813
"localized_dense","grid","gaussian","interval",4,1,0.8,0,"selectboost","group","c0 = 0.9",3,3,0,3,1,2.66666666666667,0.577350269189626,0.333333333333333,0.577350269189626,0.333333333333333,0.577350269189626,0.666666666666667,0.577350269189626,0.916666666666667,0.144337567297406,0.888888888888889,0.192450089729875,0.666666666666667,0.577350269189626,0.885714285714286,0.103015750727543,0.805555555555556,0.173472166622178,0.75,0.25
"localized_dense","grid","gaussian","interval",4,1,0.8,2,"plain_selectboost","feature","c0 = 0.3",3,11,0,23.6666666666667,1.15470053837925,8,1,15.6666666666667,1.52752523165195,3,1,35.3333333333333,1.52752523165195,0.338550724637681,0.0463514423365581,0.727272727272727,0.0909090909090909,0.69281045751634,0.0299514751304303,0.461873638344227,0.0607292368835135,0.301657848324515,0.052228556391863,0.381720430107527,0.0186242022319234
"localized_dense","grid","gaussian","interval",4,1,0.8,2,"plain_selectboost","feature","c0 = 0.5",3,11,0,24.3333333333333,3.21455025366432,8,0,16.3333333333333,3.21455025366432,3,0,34.6666666666667,3.21455025366432,0.332392245435724,0.0411899885286513,0.727272727272727,0,0.679738562091503,0.0630303971306729,0.455231043466338,0.0395964253893434,0.295252274607113,0.0327882121798868,0.39247311827957,0.0518475847365212
"localized_dense","grid","gaussian","interval",4,1,0.8,2,"plain_selectboost","feature","c0 = 0.7",3,11,0,21,1.73205080756888,6.66666666666667,2.08166599946613,14.3333333333333,3.51188458428425,4.33333333333333,2.08166599946613,36.6666666666667,3.51188458428425,0.322463768115942,0.117920172073003,0.606060606060606,0.18924236358783,0.718954248366013,0.0688604820447891,0.420619860847565,0.146175757590067,0.273834900731452,0.121912323776827,0.338709677419355,0.0279363033478851
"localized_dense","grid","gaussian","interval",4,1,0.8,2,"plain_selectboost","feature","c0 = 0.9",3,11,0,20.6666666666667,1.52752523165195,6.66666666666667,1.15470053837925,14,1.73205080756888,4.33333333333333,1.15470053837925,37,1.73205080756888,0.323156375787955,0.0544873558501301,0.606060606060606,0.104972776216296,0.725490196078431,0.0339617805405662,0.421212121212121,0.0706132133195821,0.268518518518518,0.0578240555407259,0.333333333333333,0.0246375037363217
"localized_dense","grid","gaussian","interval",4,1,0.8,2,"plain_selectboost","group","c0 = 0.3",3,3,0,3.66666666666667,0.577350269189626,3,0,0.666666666666667,0.577350269189626,0,0,0.333333333333333,0.577350269189626,0.833333333333333,0.144337567297406,1,0,0.333333333333333,0.577350269189626,0.904761904761905,0.0824786098842323,0.833333333333333,0.144337567297406,0.916666666666667,0.144337567297406
"localized_dense","grid","gaussian","interval",4,1,0.8,2,"plain_selectboost","group","c0 = 0.5",3,3,0,3.33333333333333,1.15470053837925,2.66666666666667,0.577350269189626,0.666666666666667,0.577350269189626,0.333333333333333,0.577350269189626,0.333333333333333,0.577350269189626,0.833333333333333,0.144337567297406,0.888888888888889,0.192450089729875,0.333333333333333,0.577350269189626,0.838095238095238,0.0329914439536928,0.722222222222222,0.0481125224324688,0.833333333333333,0.288675134594813
"localized_dense","grid","gaussian","interval",4,1,0.8,2,"plain_selectboost","group","c0 = 0.7",3,3,0,3.66666666666667,0.577350269189626,3,0,0.666666666666667,0.577350269189626,0,0,0.333333333333333,0.577350269189626,0.833333333333333,0.144337567297406,1,0,0.333333333333333,0.577350269189626,0.904761904761905,0.0824786098842323,0.833333333333333,0.144337567297406,0.916666666666667,0.144337567297406
"localized_dense","grid","gaussian","interval",4,1,0.8,2,"plain_selectboost","group","c0 = 0.9",3,3,0,3.66666666666667,0.577350269189626,3,0,0.666666666666667,0.577350269189626,0,0,0.333333333333333,0.577350269189626,0.833333333333333,0.144337567297406,1,0,0.333333333333333,0.577350269189626,0.904761904761905,0.0824786098842323,0.833333333333333,0.144337567297406,0.916666666666667,0.144337567297406
"localized_dense","grid","gaussian","interval",4,1,0.8,2,"selectboost","feature","c0 = 0.3",3,11,0,24.6666666666667,1.15470053837925,9.33333333333333,1.52752523165195,15.3333333333333,0.577350269189626,1.66666666666667,1.52752523165195,35.6666666666667,0.577350269189626,0.377136752136752,0.0449099349508199,0.848484848484849,0.138865930150177,0.699346405228758,0.0113205935135221,0.522007722007722,0.0690504676636545,0.355175688509022,0.0638700012629824,0.397849462365591,0.0186242022319234
"localized_dense","grid","gaussian","interval",4,1,0.8,2,"selectboost","feature","c0 = 0.5",3,11,0,21.6666666666667,2.51661147842358,6.66666666666667,2.08166599946613,15,2.64575131106459,4.33333333333333,2.08166599946613,36,2.64575131106459,0.307416267942584,0.0882982561433521,0.606060606060606,0.18924236358783,0.705882352941177,0.051877476687541,0.407215007215007,0.11981361853509,0.260632183908046,0.0991054419527666,0.349462365591398,0.0405905077165094
"localized_dense","grid","gaussian","interval",4,1,0.8,2,"selectboost","feature","c0 = 0.7",3,11,0,22.3333333333333,3.51188458428425,7.33333333333333,0.577350269189626,15,3,3.66666666666667,0.577350269189626,36,3,0.331431726168568,0.0324602088982461,0.666666666666667,0.0524863881081478,0.705882352941177,0.0588235294117647,0.441113841113841,0.0225050933976723,0.283146888094414,0.0186575283160909,0.360215053763441,0.0566432997465201
"localized_dense","grid","gaussian","interval",4,1,0.8,2,"selectboost","feature","c0 = 0.9",3,11,0,19.6666666666667,2.51661147842358,6.66666666666667,1.52752523165195,13,1.73205080756888,4.33333333333333,1.52752523165195,38,1.73205080756888,0.337433155080214,0.0555043119529611,0.606060606060606,0.138865930150177,0.745098039215686,0.0339617805405662,0.432504771214449,0.0798144770862745,0.278149386845039,0.0656731637250452,0.317204301075269,0.0405905077165094
"localized_dense","grid","gaussian","interval",4,1,0.8,2,"selectboost","group","c0 = 0.3",3,3,0,3.66666666666667,0.577350269189626,3,0,0.666666666666667,0.577350269189626,0,0,0.333333333333333,0.577350269189626,0.833333333333333,0.144337567297406,1,0,0.333333333333333,0.577350269189626,0.904761904761905,0.0824786098842323,0.833333333333333,0.144337567297406,0.916666666666667,0.144337567297406
"localized_dense","grid","gaussian","interval",4,1,0.8,2,"selectboost","group","c0 = 0.5",3,3,0,4,0,3,0,1,0,0,0,0,0,0.75,0,1,0,0,0,0.857142857142857,0,0.75,0,1,0
"localized_dense","grid","gaussian","interval",4,1,0.8,2,"selectboost","group","c0 = 0.7",3,3,0,3.66666666666667,0.577350269189626,3,0,0.666666666666667,0.577350269189626,0,0,0.333333333333333,0.577350269189626,0.833333333333333,0.144337567297406,1,0,0.333333333333333,0.577350269189626,0.904761904761905,0.0824786098842323,0.833333333333333,0.144337567297406,0.916666666666667,0.144337567297406
"localized_dense","grid","gaussian","interval",4,1,0.8,2,"selectboost","group","c0 = 0.9",3,3,0,3.66666666666667,0.577350269189626,3,0,0.666666666666667,0.577350269189626,0,0,0.333333333333333,0.577350269189626,0.833333333333333,0.144337567297406,1,0,0.333333333333333,0.577350269189626,0.904761904761905,0.0824786098842323,0.833333333333333,0.144337567297406,0.916666666666667,0.144337567297406
"localized_dense","grid","gaussian","interval",8,0.6,0.5,0,"plain_selectboost","feature","c0 = 0.3",3,7,0,27.6666666666667,3.05505046330389,4.33333333333333,1.15470053837925,23.3333333333333,3.05505046330389,2.66666666666667,1.15470053837925,31.6666666666667,3.05505046330389,0.157467144563919,0.0445676021296411,0.619047619047619,0.164957219768465,0.575757575757576,0.0555463720600708,0.250709494324045,0.0688637947029567,0.144491510082908,0.0446220182732364,0.446236559139785,0.0492750074726434
"localized_dense","grid","gaussian","interval",8,0.6,0.5,0,"plain_selectboost","feature","c0 = 0.5",3,7,0,23.6666666666667,9.29157324317757,6,1,17.6666666666667,8.62167810425171,1,1,37.3333333333333,8.62167810425171,0.272992530345471,0.0897973295342175,0.857142857142857,0.142857142857143,0.678787878787879,0.156757783713667,0.406781800737262,0.0998641675864487,0.258738277919864,0.0817848003123976,0.381720430107527,0.14986408456738
"localized_dense","grid","gaussian","interval",8,0.6,0.5,0,"plain_selectboost","feature","c0 = 0.7",3,7,0,17.6666666666667,3.05505046330389,5.33333333333333,0.577350269189626,12.3333333333333,2.51661147842358,1.66666666666667,0.577350269189626,42.6666666666667,2.51661147842358,0.304388422035481,0.0254167275234663,0.761904761904762,0.0824786098842322,0.775757575757576,0.0457565723349743,0.433261183261183,0.0193699765637212,0.276667604840979,0.0158515371126696,0.28494623655914,0.0492750074726434
"localized_dense","grid","gaussian","interval",8,0.6,0.5,0,"plain_selectboost","feature","c0 = 0.9",3,7,0,16.3333333333333,5.13160143944688,4,1.73205080756888,12.3333333333333,5.03322295684717,3,1.73205080756888,42.6666666666667,5.03322295684717,0.259090909090909,0.14432166145491,0.571428571428571,0.247435829652697,0.775757575757576,0.0915131446699484,0.350987185832921,0.172331384027274,0.221825396825397,0.129101274501274,0.263440860215054,0.0827677651523691
"localized_dense","grid","gaussian","interval",8,0.6,0.5,0,"plain_selectboost","group","c0 = 0.3",3,3,0,3.66666666666667,0.577350269189626,2.66666666666667,0.577350269189626,1,0,0.333333333333333,0.577350269189626,0,0,0.722222222222222,0.0481125224324688,0.888888888888889,0.192450089729875,0,0,0.793650793650794,0.109971479845643,0.666666666666667,0.144337567297406,0.916666666666667,0.144337567297406
"localized_dense","grid","gaussian","interval",8,0.6,0.5,0,"plain_selectboost","group","c0 = 0.5",3,3,0,3.33333333333333,1.15470053837925,2.66666666666667,0.577350269189626,0.666666666666667,0.577350269189626,0.333333333333333,0.577350269189626,0.333333333333333,0.577350269189626,0.833333333333333,0.144337567297406,0.888888888888889,0.192450089729875,0.333333333333333,0.577350269189626,0.838095238095238,0.0329914439536928,0.722222222222222,0.0481125224324688,0.833333333333333,0.288675134594813
"localized_dense","grid","gaussian","interval",8,0.6,0.5,0,"plain_selectboost","group","c0 = 0.7",3,3,0,2.33333333333333,0.577350269189626,2.33333333333333,0.577350269189626,0,0,0.666666666666667,0.577350269189626,1,0,1,0,0.777777777777778,0.192450089729875,1,0,0.866666666666667,0.115470053837925,0.777777777777778,0.192450089729875,0.583333333333333,0.144337567297406
"localized_dense","grid","gaussian","interval",8,0.6,0.5,0,"plain_selectboost","group","c0 = 0.9",3,3,0,2.66666666666667,1.15470053837925,2.33333333333333,0.577350269189626,0.333333333333333,0.577350269189626,0.666666666666667,0.577350269189626,0.666666666666667,0.577350269189626,0.916666666666667,0.144337567297406,0.777777777777778,0.192450089729875,0.666666666666667,0.577350269189626,0.819047619047619,0.0329914439536928,0.694444444444444,0.0481125224324688,0.666666666666667,0.288675134594813
"localized_dense","grid","gaussian","interval",8,0.6,0.5,0,"selectboost","feature","c0 = 0.3",3,7,0,20.6666666666667,3.78593889720018,5.66666666666667,1.15470053837925,15,2.64575131106459,1.33333333333333,1.15470053837925,40,2.64575131106459,0.27364522417154,0.00915000693470475,0.80952380952381,0.164957219768465,0.727272727272727,0.0481045692920835,0.407371794871795,0.0272020799906651,0.256031746031746,0.0215937198675288,0.333333333333333,0.0610635306000029
"localized_dense","grid","gaussian","interval",8,0.6,0.5,0,"selectboost","feature","c0 = 0.5",3,7,0,18.6666666666667,8.08290376865476,5,1,13.6666666666667,7.23417813807024,2,1,41.3333333333333,7.23417813807024,0.285714285714286,0.0714285714285714,0.714285714285714,0.142857142857143,0.751515151515151,0.131530511601277,0.4,0.068677167151695,0.251563556457066,0.0546492731089132,0.301075268817204,0.130369415623464
"localized_dense","grid","gaussian","interval",8,0.6,0.5,0,"selectboost","feature","c0 = 0.7",3,7,0,19,4,4.66666666666667,1.15470053837925,14.3333333333333,4.16333199893227,2.33333333333333,1.15470053837925,40.6666666666667,4.16333199893227,0.252123061276379,0.072047676612832,0.666666666666667,0.164957219768465,0.739393939393939,0.0756969454351321,0.363947163947164,0.0974362692058949,0.225356125356125,0.073127304736535,0.306451612903226,0.0645161290322581
"localized_dense","grid","gaussian","interval",8,0.6,0.5,0,"selectboost","feature","c0 = 0.9",3,7,0,15.6666666666667,4.04145188432738,4.66666666666667,0.577350269189626,11,3.60555127546399,2.33333333333333,0.577350269189626,44,3.60555127546399,0.305555555555556,0.0481125224324688,0.666666666666667,0.0824786098842323,0.8,0.0655554777357089,0.415322818831591,0.0423790545501012,0.262685680332739,0.0335998067620277,0.252688172043011,0.0651847078117319
"localized_dense","grid","gaussian","interval",8,0.6,0.5,0,"selectboost","group","c0 = 0.3",3,3,0,2.66666666666667,1.15470053837925,2.33333333333333,0.577350269189626,0.333333333333333,0.577350269189626,0.666666666666667,0.577350269189626,0.666666666666667,0.577350269189626,0.916666666666667,0.144337567297406,0.777777777777778,0.192450089729875,0.666666666666667,0.577350269189626,0.819047619047619,0.0329914439536928,0.694444444444444,0.0481125224324688,0.666666666666667,0.288675134594813
"localized_dense","grid","gaussian","interval",8,0.6,0.5,0,"selectboost","group","c0 = 0.5",3,3,0,2.66666666666667,1.15470053837925,2.33333333333333,0.577350269189626,0.333333333333333,0.577350269189626,0.666666666666667,0.577350269189626,0.666666666666667,0.577350269189626,0.916666666666667,0.144337567297406,0.777777777777778,0.192450089729875,0.666666666666667,0.577350269189626,0.819047619047619,0.0329914439536928,0.694444444444444,0.0481125224324688,0.666666666666667,0.288675134594813
"localized_dense","grid","gaussian","interval",8,0.6,0.5,0,"selectboost","group","c0 = 0.7",3,3,0,3,1,2.66666666666667,0.577350269189626,0.333333333333333,0.577350269189626,0.333333333333333,0.577350269189626,0.666666666666667,0.577350269189626,0.916666666666667,0.144337567297406,0.888888888888889,0.192450089729875,0.666666666666667,0.577350269189626,0.885714285714286,0.103015750727543,0.805555555555556,0.173472166622178,0.75,0.25
"localized_dense","grid","gaussian","interval",8,0.6,0.5,0,"selectboost","group","c0 = 0.9",3,3,0,2.33333333333333,0.577350269189626,2.33333333333333,0.577350269189626,0,0,0.666666666666667,0.577350269189626,1,0,1,0,0.777777777777778,0.192450089729875,1,0,0.866666666666667,0.115470053837925,0.777777777777778,0.192450089729875,0.583333333333333,0.144337567297406
"localized_dense","grid","gaussian","interval",8,0.6,0.5,2,"plain_selectboost","feature","c0 = 0.3",3,7,0,24.3333333333333,4.16333199893227,5.66666666666667,0.577350269189626,18.6666666666667,3.78593889720018,1.33333333333333,0.577350269189626,36.3333333333333,3.78593889720018,0.235287118345589,0.0270958612851115,0.80952380952381,0.0824786098842322,0.660606060606061,0.068835252676367,0.363492063492063,0.0337838042123695,0.222463768115942,0.0253830143306333,0.39247311827957,0.0671505161118107
"localized_dense","grid","gaussian","interval",8,0.6,0.5,2,"plain_selectboost","feature","c0 = 0.5",3,7,0,22.6666666666667,3.21455025366432,5.66666666666667,0.577350269189626,17,3.60555127546399,1.33333333333333,0.577350269189626,38,3.60555127546399,0.255263157894737,0.0580738855018787,0.80952380952381,0.0824786098842322,0.690909090909091,0.0655554777357089,0.387045078577337,0.0745192442176209,0.241728395061728,0.0574269182296692,0.365591397849462,0.0518475847365212
"localized_dense","grid","gaussian","interval",8,0.6,0.5,2,"plain_selectboost","feature","c0 = 0.7",3,7,0,26.6666666666667,1.52752523165195,6,0,20.6666666666667,1.52752523165195,1,0,34.3333333333333,1.52752523165195,0.225502645502645,0.0131672702229064,0.857142857142857,0,0.624242424242424,0.0277731860300354,0.356932773109244,0.0164389917306636,0.217317165593028,0.012221639577772,0.43010752688172,0.0246375037363217
"localized_dense","grid","gaussian","interval",8,0.6,0.5,2,"plain_selectboost","feature","c0 = 0.9",3,7,0,17.3333333333333,4.04145188432738,4.66666666666667,2.08166599946613,12.6666666666667,3.21455025366432,2.33333333333333,2.08166599946613,42.3333333333333,3.21455025366432,0.269230769230769,0.0897435897435897,0.666666666666667,0.29738085706659,0.76969696969697,0.0584463682484421,0.38,0.13114877048604,0.23989898989899,0.0988725856083429,0.279569892473118,0.0651847078117319
"localized_dense","grid","gaussian","interval",8,0.6,0.5,2,"plain_selectboost","group","c0 = 0.3",3,3,0,3.33333333333333,0.577350269189626,3,0,0.333333333333333,0.577350269189626,0,0,0.666666666666667,0.577350269189626,0.916666666666667,0.144337567297406,1,0,0.666666666666667,0.577350269189626,0.952380952380952,0.0824786098842323,0.916666666666667,0.144337567297406,0.833333333333333,0.144337567297406
"localized_dense","grid","gaussian","interval",8,0.6,0.5,2,"plain_selectboost","group","c0 = 0.5",3,3,0,3,0,3,0,0,0,0,0,1,0,1,0,1,0,1,0,1,0,1,0,0.75,0
"localized_dense","grid","gaussian","interval",8,0.6,0.5,2,"plain_selectboost","group","c0 = 0.7",3,3,0,4,0,3,0,1,0,0,0,0,0,0.75,0,1,0,0,0,0.857142857142857,0,0.75,0,1,0
"localized_dense","grid","gaussian","interval",8,0.6,0.5,2,"plain_selectboost","group","c0 = 0.9",3,3,0,3,0,3,0,0,0,0,0,1,0,1,0,1,0,1,0,1,0,1,0,0.75,0
"localized_dense","grid","gaussian","interval",8,0.6,0.5,2,"selectboost","feature","c0 = 0.3",3,7,0,25,2,6,0,19,2,1,0,36,2,0.241030595813204,0.0193442724325369,0.857142857142857,0,0.654545454545455,0.0363636363636364,0.375980392156863,0.0235447254088683,0.231684981684982,0.0178747447765047,0.403225806451613,0.032258064516129
"localized_dense","grid","gaussian","interval",8,0.6,0.5,2,"selectboost","feature","c0 = 0.5",3,7,0,22.3333333333333,3.51188458428425,5.33333333333333,1.52752523165195,17,2.64575131106459,1.66666666666667,1.52752523165195,38,2.64575131106459,0.238068948595264,0.0488091336064476,0.761904761904762,0.218217890235992,0.690909090909091,0.0481045692920835,0.361573292607775,0.0768269871925916,0.222442002442002,0.0562726227973975,0.360215053763441,0.0566432997465201
"localized_dense","grid","gaussian","interval",8,0.6,0.5,2,"selectboost","feature","c0 = 0.7",3,7,0,21.3333333333333,2.51661147842358,5,2,16.3333333333333,0.577350269189626,2,2,38.6666666666667,0.577350269189626,0.22921888053467,0.0673262548706234,0.714285714285714,0.285714285714286,0.703030303030303,0.0104972776216296,0.346508330379298,0.110805242590955,0.213164251207729,0.0806990154395186,0.344086021505376,0.0405905077165094
"localized_dense","grid","gaussian","interval",8,0.6,0.5,2,"selectboost","feature","c0 = 0.9",3,7,0,18.3333333333333,2.08166599946613,5,1,13.3333333333333,2.51661147842358,2,1,41.6666666666667,2.51661147842358,0.27609649122807,0.0659220156108534,0.714285714285714,0.142857142857143,0.757575757575758,0.0457565723349743,0.397539122176803,0.0886935807121322,0.250563607085346,0.0673048175548105,0.295698924731183,0.0335752580559054
"localized_dense","grid","gaussian","interval",8,0.6,0.5,2,"selectboost","group","c0 = 0.3",3,3,0,3.66666666666667,0.577350269189626,3,0,0.666666666666667,0.577350269189626,0,0,0.333333333333333,0.577350269189626,0.833333333333333,0.144337567297406,1,0,0.333333333333333,0.577350269189626,0.904761904761905,0.0824786098842323,0.833333333333333,0.144337567297406,0.916666666666667,0.144337567297406
"localized_dense","grid","gaussian","interval",8,0.6,0.5,2,"selectboost","group","c0 = 0.5",3,3,0,3.66666666666667,0.577350269189626,3,0,0.666666666666667,0.577350269189626,0,0,0.333333333333333,0.577350269189626,0.833333333333333,0.144337567297406,1,0,0.333333333333333,0.577350269189626,0.904761904761905,0.0824786098842323,0.833333333333333,0.144337567297406,0.916666666666667,0.144337567297406
"localized_dense","grid","gaussian","interval",8,0.6,0.5,2,"selectboost","group","c0 = 0.7",3,3,0,3.33333333333333,0.577350269189626,3,0,0.333333333333333,0.577350269189626,0,0,0.666666666666667,0.577350269189626,0.916666666666667,0.144337567297406,1,0,0.666666666666667,0.577350269189626,0.952380952380952,0.0824786098842323,0.916666666666667,0.144337567297406,0.833333333333333,0.144337567297406
"localized_dense","grid","gaussian","interval",8,0.6,0.5,2,"selectboost","group","c0 = 0.9",3,3,0,3.33333333333333,0.577350269189626,3,0,0.333333333333333,0.577350269189626,0,0,0.666666666666667,0.577350269189626,0.916666666666667,0.144337567297406,1,0,0.666666666666667,0.577350269189626,0.952380952380952,0.0824786098842323,0.916666666666667,0.144337567297406,0.833333333333333,0.144337567297406
"localized_dense","grid","gaussian","interval",8,0.6,0.8,0,"plain_selectboost","feature","c0 = 0.3",3,11,0,23.6666666666667,5.85946527708232,8.66666666666667,2.51661147842358,15,4,2.33333333333333,2.51661147842358,36,4,0.365815556992028,0.0520327695165734,0.787878787878788,0.228782861674871,0.705882352941177,0.0784313725490196,0.494901494901495,0.0878961996361395,0.331934731934732,0.0801007157762833,0.381720430107527,0.0945075044690696
"localized_dense","grid","gaussian","interval",8,0.6,0.8,0,"plain_selectboost","feature","c0 = 0.5",3,11,0,22,5.29150262212918,9.33333333333333,0.577350269189626,12.6666666666667,4.72581562625261,1.66666666666667,0.577350269189626,38.3333333333333,4.72581562625261,0.435714285714286,0.0724920826078016,0.848484848484849,0.0524863881081477,0.751633986928105,0.0926630514951492,0.571385109761083,0.0545275103381476,0.401306165099269,0.0530166090487545,0.354838709677419,0.0853468164859545
"localized_dense","grid","gaussian","interval",8,0.6,0.8,0,"plain_selectboost","feature","c0 = 0.7",3,11,0,21.3333333333333,4.61880215351701,9,2,12.3333333333333,3.05505046330389,2,2,38.6666666666667,3.05505046330389,0.423611111111111,0.0433680416555444,0.818181818181818,0.181818181818182,0.758169934640523,0.0599029502608606,0.55379188712522,0.0647955555736439,0.38482905982906,0.0636856097748569,0.344086021505376,0.0744968089276936
"localized_dense","grid","gaussian","interval",8,0.6,0.8,0,"plain_selectboost","feature","c0 = 0.9",3,11,0,17,3.46410161513775,8,1,9,2.64575131106459,3,1,42,2.64575131106459,0.477732793522267,0.0588090649649148,0.727272727272727,0.0909090909090909,0.823529411764706,0.051877476687541,0.572222222222222,0.0346944333244355,0.401324166030048,0.033703031300403,0.274193548387097,0.0558726066957702
"localized_dense","grid","gaussian","interval",8,0.6,0.8,0,"plain_selectboost","group","c0 = 0.3",3,3,0,4,0,3,0,1,0,0,0,0,0,0.75,0,1,0,0,0,0.857142857142857,0,0.75,0,1,0
"localized_dense","grid","gaussian","interval",8,0.6,0.8,0,"plain_selectboost","group","c0 = 0.5",3,3,0,3.66666666666667,0.577350269189626,3,0,0.666666666666667,0.577350269189626,0,0,0.333333333333333,0.577350269189626,0.833333333333333,0.144337567297406,1,0,0.333333333333333,0.577350269189626,0.904761904761905,0.0824786098842323,0.833333333333333,0.144337567297406,0.916666666666667,0.144337567297406
"localized_dense","grid","gaussian","interval",8,0.6,0.8,0,"plain_selectboost","group","c0 = 0.7",3,3,0,3.66666666666667,0.577350269189626,3,0,0.666666666666667,0.577350269189626,0,0,0.333333333333333,0.577350269189626,0.833333333333333,0.144337567297406,1,0,0.333333333333333,0.577350269189626,0.904761904761905,0.0824786098842323,0.833333333333333,0.144337567297406,0.916666666666667,0.144337567297406
"localized_dense","grid","gaussian","interval",8,0.6,0.8,0,"plain_selectboost","group","c0 = 0.9",3,3,0,3,0,3,0,0,0,0,0,1,0,1,0,1,0,1,0,1,0,1,0,0.75,0
"localized_dense","grid","gaussian","interval",8,0.6,0.8,0,"selectboost","feature","c0 = 0.3",3,11,0,24,8.18535277187245,10,1,14,7.93725393319377,1,1,37,7.93725393319377,0.444147355912062,0.123092566535528,0.909090909090909,0.0909090909090909,0.725490196078431,0.155632430062623,0.588023088023088,0.116206421230073,0.422600619195046,0.112044793679242,0.387096774193548,0.132021818901169
"localized_dense","grid","gaussian","interval",8,0.6,0.8,0,"selectboost","feature","c0 = 0.5",3,11,0,21.3333333333333,3.05505046330389,9.33333333333333,1.15470053837925,12,2,1.66666666666667,1.15470053837925,39,2,0.438552188552189,0.0196147814776617,0.848484848484849,0.104972776216296,0.764705882352941,0.0392156862745098,0.576404438473404,0.0275078603645372,0.405244996549344,0.0272957111342622,0.344086021505376,0.0492750074726434
"localized_dense","grid","gaussian","interval",8,0.6,0.8,0,"selectboost","feature","c0 = 0.7",3,11,0,20,2.64575131106459,9,1,11,2,2,1,40,2,0.451956540191834,0.0372282557075357,0.818181818181818,0.0909090909090909,0.784313725490196,0.0392156862745098,0.580627705627706,0.0405627647876842,0.409848484848485,0.0406769507838145,0.32258064516129,0.0426734082429773
"localized_dense","grid","gaussian","interval",8,0.6,0.8,0,"selectboost","feature","c0 = 0.9",3,11,0,19,1.73205080756888,8.33333333333333,1.52752523165195,10.6666666666667,0.577350269189626,2.66666666666667,1.52752523165195,40.3333333333333,0.577350269189626,0.436507936507937,0.0441886060542065,0.757575757575758,0.138865930150177,0.790849673202614,0.0113205935135221,0.55316091954023,0.0711315735315319,0.384559884559885,0.0682533581026394,0.306451612903226,0.0279363033478851
"localized_dense","grid","gaussian","interval",8,0.6,0.8,0,"selectboost","group","c0 = 0.3",3,3,0,3.66666666666667,0.577350269189626,3,0,0.666666666666667,0.577350269189626,0,0,0.333333333333333,0.577350269189626,0.833333333333333,0.144337567297406,1,0,0.333333333333333,0.577350269189626,0.904761904761905,0.0824786098842323,0.833333333333333,0.144337567297406,0.916666666666667,0.144337567297406
"localized_dense","grid","gaussian","interval",8,0.6,0.8,0,"selectboost","group","c0 = 0.5",3,3,0,3.33333333333333,0.577350269189626,3,0,0.333333333333333,0.577350269189626,0,0,0.666666666666667,0.577350269189626,0.916666666666667,0.144337567297406,1,0,0.666666666666667,0.577350269189626,0.952380952380952,0.0824786098842323,0.916666666666667,0.144337567297406,0.833333333333333,0.144337567297406
"localized_dense","grid","gaussian","interval",8,0.6,0.8,0,"selectboost","group","c0 = 0.7",3,3,0,3.33333333333333,0.577350269189626,3,0,0.333333333333333,0.577350269189626,0,0,0.666666666666667,0.577350269189626,0.916666666666667,0.144337567297406,1,0,0.666666666666667,0.577350269189626,0.952380952380952,0.0824786098842323,0.916666666666667,0.144337567297406,0.833333333333333,0.144337567297406
"localized_dense","grid","gaussian","interval",8,0.6,0.8,0,"selectboost","group","c0 = 0.9",3,3,0,3.66666666666667,0.577350269189626,3,0,0.666666666666667,0.577350269189626,0,0,0.333333333333333,0.577350269189626,0.833333333333333,0.144337567297406,1,0,0.333333333333333,0.577350269189626,0.904761904761905,0.0824786098842323,0.833333333333333,0.144337567297406,0.916666666666667,0.144337567297406
"localized_dense","grid","gaussian","interval",8,0.6,0.8,2,"plain_selectboost","feature","c0 = 0.3",3,11,0,27.6666666666667,5.13160143944688,6.66666666666667,2.88675134594813,21,3.60555127546399,4.33333333333333,2.88675134594813,30,3.60555127546399,0.237395506792059,0.0705895837894205,0.606060606060606,0.262431940540739,0.588235294117647,0.0706970838326272,0.339382194033357,0.112070729295516,0.208152958152958,0.0840842463202911,0.446236559139785,0.0827677651523691
"localized_dense","grid","gaussian","interval",8,0.6,0.8,2,"plain_selectboost","feature","c0 = 0.5",3,11,0,25,3.46410161513775,8,1,17,4.35889894354067,3,1,34,4.35889894354067,0.326836581709145,0.0771349383472657,0.727272727272727,0.0909090909090909,0.666666666666667,0.0854686067360916,0.45,0.091460657679213,0.293271173271173,0.0749867375915182,0.403225806451613,0.0558726066957702
"localized_dense","grid","gaussian","interval",8,0.6,0.8,2,"plain_selectboost","feature","c0 = 0.7",3,11,0,22.6666666666667,6.11010092660779,7.33333333333333,1.52752523165195,15.3333333333333,5.5075705472861,3.66666666666667,1.52752523165195,35.6666666666667,5.5075705472861,0.333333333333333,0.0721687836487032,0.666666666666667,0.138865930150177,0.699346405228758,0.107991579358551,0.439234839234839,0.0777866264983414,0.283539377289377,0.0637297628560689,0.365591397849462,0.0985500149452869
"localized_dense","grid","gaussian","interval",8,0.6,0.8,2,"plain_selectboost","feature","c0 = 0.9",3,11,0,20,1,6.66666666666667,0.577350269189626,13.3333333333333,1.15470053837925,4.33333333333333,0.577350269189626,37.6666666666667,1.15470053837925,0.333918128654971,0.0342142747983861,0.606060606060606,0.0524863881081478,0.738562091503268,0.0226411870270441,0.430421146953405,0.040254497480249,0.274782608695652,0.0324896377256859,0.32258064516129,0.0161290322580645
"localized_dense","grid","gaussian","interval",8,0.6,0.8,2,"plain_selectboost","group","c0 = 0.3",3,3,0,3.66666666666667,0.577350269189626,2.66666666666667,0.577350269189626,1,0,0.333333333333333,0.577350269189626,0,0,0.722222222222222,0.0481125224324688,0.888888888888889,0.192450089729875,0,0,0.793650793650794,0.109971479845643,0.666666666666667,0.144337567297406,0.916666666666667,0.144337567297406
"localized_dense","grid","gaussian","interval",8,0.6,0.8,2,"plain_selectboost","group","c0 = 0.5",3,3,0,3.33333333333333,0.577350269189626,3,0,0.333333333333333,0.577350269189626,0,0,0.666666666666667,0.577350269189626,0.916666666666667,0.144337567297406,1,0,0.666666666666667,0.577350269189626,0.952380952380952,0.0824786098842323,0.916666666666667,0.144337567297406,0.833333333333333,0.144337567297406
"localized_dense","grid","gaussian","interval",8,0.6,0.8,2,"plain_selectboost","group","c0 = 0.7",3,3,0,3.33333333333333,0.577350269189626,3,0,0.333333333333333,0.577350269189626,0,0,0.666666666666667,0.577350269189626,0.916666666666667,0.144337567297406,1,0,0.666666666666667,0.577350269189626,0.952380952380952,0.0824786098842323,0.916666666666667,0.144337567297406,0.833333333333333,0.144337567297406
"localized_dense","grid","gaussian","interval",8,0.6,0.8,2,"plain_selectboost","group","c0 = 0.9",3,3,0,3.66666666666667,0.577350269189626,3,0,0.666666666666667,0.577350269189626,0,0,0.333333333333333,0.577350269189626,0.833333333333333,0.144337567297406,1,0,0.333333333333333,0.577350269189626,0.904761904761905,0.0824786098842323,0.833333333333333,0.144337567297406,0.916666666666667,0.144337567297406
"localized_dense","grid","gaussian","interval",8,0.6,0.8,2,"selectboost","feature","c0 = 0.3",3,11,0,25.6666666666667,4.61880215351701,9.66666666666667,0.577350269189626,16,4.35889894354067,1.33333333333333,0.577350269189626,35,4.35889894354067,0.38288920056101,0.0565723535206135,0.878787878787879,0.0524863881081477,0.686274509803922,0.0854686067360916,0.531279178338002,0.0560457467729559,0.363055555555556,0.0521505122307147,0.413978494623656,0.0744968089276936
"localized_dense","grid","gaussian","interval",8,0.6,0.8,2,"selectboost","feature","c0 = 0.5",3,11,0,25,6,7.33333333333333,1.52752523165195,17.6666666666667,4.50924975282289,3.66666666666667,1.52752523165195,33.3333333333333,4.50924975282289,0.295370684776457,0.0184210239438123,0.666666666666667,0.138865930150177,0.65359477124183,0.0884166618200568,0.405820105820106,0.0204714731451356,0.254702194357367,0.0161943403759967,0.403225806451613,0.0967741935483871
"localized_dense","grid","gaussian","interval",8,0.6,0.8,2,"selectboost","feature","c0 = 0.7",3,11,0,21.6666666666667,3.05505046330389,6.66666666666667,1.52752523165195,15,2.64575131106459,4.33333333333333,1.52752523165195,36,2.64575131106459,0.308838763575606,0.0658759013792684,0.606060606060606,0.138865930150177,0.705882352941176,0.051877476687541,0.40787037037037,0.0833371912687227,0.258415765662142,0.0641002390358186,0.349462365591398,0.0492750074726434
"localized_dense","grid","gaussian","interval",8,0.6,0.8,2,"selectboost","feature","c0 = 0.9",3,11,0,20.6666666666667,0.577350269189626,6.33333333333333,1.52752523165195,14.3333333333333,1.52752523165195,4.66666666666667,1.52752523165195,36.6666666666667,1.52752523165195,0.306349206349206,0.0716398990247413,0.575757575757576,0.138865930150177,0.718954248366013,0.0299514751304303,0.399865591397849,0.0943999180063079,0.25283950617284,0.0749039928108188,0.333333333333333,0.0093121011159617
"localized_dense","grid","gaussian","interval",8,0.6,0.8,2,"selectboost","group","c0 = 0.3",3,3,0,3.33333333333333,0.577350269189626,3,0,0.333333333333333,0.577350269189626,0,0,0.666666666666667,0.577350269189626,0.916666666666667,0.144337567297406,1,0,0.666666666666667,0.577350269189626,0.952380952380952,0.0824786098842323,0.916666666666667,0.144337567297406,0.833333333333333,0.144337567297406
"localized_dense","grid","gaussian","interval",8,0.6,0.8,2,"selectboost","group","c0 = 0.5",3,3,0,3.66666666666667,0.577350269189626,3,0,0.666666666666667,0.577350269189626,0,0,0.333333333333333,0.577350269189626,0.833333333333333,0.144337567297406,1,0,0.333333333333333,0.577350269189626,0.904761904761905,0.0824786098842323,0.833333333333333,0.144337567297406,0.916666666666667,0.144337567297406
"localized_dense","grid","gaussian","interval",8,0.6,0.8,2,"selectboost","group","c0 = 0.7",3,3,0,3.33333333333333,0.577350269189626,3,0,0.333333333333333,0.577350269189626,0,0,0.666666666666667,0.577350269189626,0.916666666666667,0.144337567297406,1,0,0.666666666666667,0.577350269189626,0.952380952380952,0.0824786098842323,0.916666666666667,0.144337567297406,0.833333333333333,0.144337567297406
"localized_dense","grid","gaussian","interval",8,0.6,0.8,2,"selectboost","group","c0 = 0.9",3,3,0,3.66666666666667,0.577350269189626,3,0,0.666666666666667,0.577350269189626,0,0,0.333333333333333,0.577350269189626,0.833333333333333,0.144337567297406,1,0,0.333333333333333,0.577350269189626,0.904761904761905,0.0824786098842323,0.833333333333333,0.144337567297406,0.916666666666667,0.144337567297406
"localized_dense","grid","gaussian","interval",8,1,0.5,0,"plain_selectboost","feature","c0 = 0.3",3,7,0,24.6666666666667,2.51661147842358,4.33333333333333,1.15470053837925,20.3333333333333,1.52752523165195,2.66666666666667,1.15470053837925,34.6666666666667,1.52752523165195,0.17384960718294,0.0332981709812807,0.619047619047619,0.164957219768465,0.63030303030303,0.0277731860300354,0.27117139959432,0.0564173712296561,0.157661197891083,0.0371652954413924,0.397849462365591,0.0405905077165094
"localized_dense","grid","gaussian","interval",8,1,0.5,0,"plain_selectboost","feature","c0 = 0.5",3,7,0,20,2.64575131106459,5.66666666666667,0.577350269189626,14.3333333333333,2.08166599946613,1.33333333333333,0.577350269189626,40.6666666666667,2.08166599946613,0.284186401833461,0.0107767272571932,0.80952380952381,0.0824786098842322,0.739393939393939,0.0378484727175661,0.41967706622879,0.00783559841391373,0.265584910893835,0.00629039843071997,0.32258064516129,0.0426734082429773
"localized_dense","grid","gaussian","interval",8,1,0.5,0,"plain_selectboost","feature","c0 = 0.7",3,7,0,17.6666666666667,5.5075705472861,4.66666666666667,1.52752523165195,13,4.58257569495584,2.33333333333333,1.52752523165195,42,4.58257569495584,0.269047619047619,0.0802843585718446,0.666666666666667,0.218217890235992,0.763636363636364,0.0833195580901062,0.378671507703766,0.101992929301227,0.236798245614035,0.0773523449702173,0.28494623655914,0.0888317830207436
"localized_dense","grid","gaussian","interval",8,1,0.5,0,"plain_selectboost","feature","c0 = 0.9",3,7,0,20,7.21110255092798,5.33333333333333,0.577350269189626,14.6666666666667,7.37111479583199,1.66666666666667,0.577350269189626,40.3333333333333,7.37111479583199,0.28968253968254,0.0969586644672271,0.761904761904762,0.0824786098842322,0.733333333333333,0.134020269015127,0.413968253968254,0.111087525841479,0.264985380116959,0.0851623873559819,0.32258064516129,0.116308105660129
"localized_dense","grid","gaussian","interval",8,1,0.5,0,"plain_selectboost","group","c0 = 0.3",3,3,0,3.33333333333333,0.577350269189626,2.33333333333333,0.577350269189626,1,0,0.666666666666667,0.577350269189626,0,0,0.694444444444444,0.0481125224324688,0.777777777777778,0.192450089729875,0,0,0.73015873015873,0.109971479845643,0.583333333333333,0.144337567297406,0.833333333333333,0.144337567297406
"localized_dense","grid","gaussian","interval",8,1,0.5,0,"plain_selectboost","group","c0 = 0.5",3,3,0,3.33333333333333,0.577350269189626,2.66666666666667,0.577350269189626,0.666666666666667,0.577350269189626,0.333333333333333,0.577350269189626,0.333333333333333,0.577350269189626,0.805555555555556,0.173472166622178,0.888888888888889,0.192450089729875,0.333333333333333,0.577350269189626,0.841269841269841,0.167232599251631,0.75,0.25,0.833333333333333,0.144337567297406
"localized_dense","grid","gaussian","interval",8,1,0.5,0,"plain_selectboost","group","c0 = 0.7",3,3,0,3,1,2.66666666666667,0.577350269189626,0.333333333333333,0.577350269189626,0.333333333333333,0.577350269189626,0.666666666666667,0.577350269189626,0.916666666666667,0.144337567297406,0.888888888888889,0.192450089729875,0.666666666666667,0.577350269189626,0.885714285714286,0.103015750727543,0.805555555555556,0.173472166622178,0.75,0.25
"localized_dense","grid","gaussian","interval",8,1,0.5,0,"plain_selectboost","group","c0 = 0.9",3,3,0,3.66666666666667,0.577350269189626,3,0,0.666666666666667,0.577350269189626,0,0,0.333333333333333,0.577350269189626,0.833333333333333,0.144337567297406,1,0,0.333333333333333,0.577350269189626,0.904761904761905,0.0824786098842323,0.833333333333333,0.144337567297406,0.916666666666667,0.144337567297406
"localized_dense","grid","gaussian","interval",8,1,0.5,0,"selectboost","feature","c0 = 0.3",3,7,0,25,4.58257569495584,5.66666666666667,0.577350269189626,19.3333333333333,4.16333199893227,1.33333333333333,0.577350269189626,35.6666666666667,4.16333199893227,0.229365079365079,0.0261182264633402,0.80952380952381,0.0824786098842322,0.648484848484848,0.0756969454351321,0.356187985220243,0.031397116920786,0.2169798971482,0.023228539068153,0.403225806451613,0.0739125112089652
"localized_dense","grid","gaussian","interval",8,1,0.5,0,"selectboost","feature","c0 = 0.5",3,7,0,18.3333333333333,4.72581562625261,5,1.73205080756888,13.3333333333333,3.05505046330389,2,1.73205080756888,41.6666666666667,3.05505046330389,0.267832167832168,0.0348740073840327,0.714285714285714,0.247435829652697,0.757575757575758,0.0555463720600708,0.386079182630907,0.0761058173730471,0.24101814638899,0.0572634742383467,0.295698924731183,0.0762228326814937
"localized_dense","grid","gaussian","interval",8,1,0.5,0,"selectboost","feature","c0 = 0.7",3,7,0,20.6666666666667,4.93288286231625,5.66666666666667,0.577350269189626,15,4.35889894354067,1.33333333333333,0.577350269189626,40,4.35889894354067,0.281400966183575,0.0453019307572731,0.80952380952381,0.0824786098842322,0.727272727272727,0.0792527080643759,0.413880742913001,0.0358027567118235,0.261372549019608,0.028795504583153,0.333333333333333,0.0795626268115524
"localized_dense","grid","gaussian","interval",8,1,0.5,0,"selectboost","feature","c0 = 0.9",3,7,0,15.6666666666667,4.50924975282289,4.66666666666667,1.15470053837925,11,4.58257569495584,2.33333333333333,1.15470053837925,44,4.58257569495584,0.312878787878788,0.0979208794006137,0.666666666666667,0.164957219768465,0.8,0.0833195580901062,0.420826623725174,0.114562074692037,0.270856168554378,0.0904341795718453,0.252688172043011,0.0727298347229499
"localized_dense","grid","gaussian","interval",8,1,0.5,0,"selectboost","group","c0 = 0.3",3,3,0,3.66666666666667,0.577350269189626,2.66666666666667,0.577350269189626,1,0,0.333333333333333,0.577350269189626,0,0,0.722222222222222,0.0481125224324688,0.888888888888889,0.192450089729875,0,0,0.793650793650794,0.109971479845643,0.666666666666667,0.144337567297406,0.916666666666667,0.144337567297406
"localized_dense","grid","gaussian","interval",8,1,0.5,0,"selectboost","group","c0 = 0.5",3,3,0,3.33333333333333,1.15470053837925,2.66666666666667,0.577350269189626,0.666666666666667,0.577350269189626,0.333333333333333,0.577350269189626,0.333333333333333,0.577350269189626,0.833333333333333,0.144337567297406,0.888888888888889,0.192450089729875,0.333333333333333,0.577350269189626,0.838095238095238,0.0329914439536928,0.722222222222222,0.0481125224324688,0.833333333333333,0.288675134594813
"localized_dense","grid","gaussian","interval",8,1,0.5,0,"selectboost","group","c0 = 0.7",3,3,0,3.33333333333333,1.15470053837925,2.66666666666667,0.577350269189626,0.666666666666667,0.577350269189626,0.333333333333333,0.577350269189626,0.333333333333333,0.577350269189626,0.833333333333333,0.144337567297406,0.888888888888889,0.192450089729875,0.333333333333333,0.577350269189626,0.838095238095238,0.0329914439536928,0.722222222222222,0.0481125224324688,0.833333333333333,0.288675134594813
"localized_dense","grid","gaussian","interval",8,1,0.5,0,"selectboost","group","c0 = 0.9",3,3,0,3.33333333333333,1.15470053837925,2.66666666666667,0.577350269189626,0.666666666666667,0.577350269189626,0.333333333333333,0.577350269189626,0.333333333333333,0.577350269189626,0.833333333333333,0.144337567297406,0.888888888888889,0.192450089729875,0.333333333333333,0.577350269189626,0.838095238095238,0.0329914439536928,0.722222222222222,0.0481125224324688,0.833333333333333,0.288675134594813
"localized_dense","grid","gaussian","interval",8,1,0.5,2,"plain_selectboost","feature","c0 = 0.3",3,7,0,28,5.29150262212918,5,1.73205080756888,23,3.60555127546399,2,1.73205080756888,32,3.60555127546399,0.174621212121212,0.0337163769870813,0.714285714285714,0.247435829652697,0.581818181818182,0.0655554777357089,0.27963772791359,0.0635422302833368,0.163583728099857,0.0421516936655209,0.451612903225806,0.0853468164859545
"localized_dense","grid","gaussian","interval",8,1,0.5,2,"plain_selectboost","feature","c0 = 0.5",3,7,0,28.3333333333333,9.07377172587747,6,0,22.3333333333333,9.07377172587747,1,0,32.6666666666667,9.07377172587747,0.226705653021442,0.0711586419073058,0.857142857142857,0,0.593939393939394,0.164977667743227,0.354684095860566,0.0889017035489265,0.217948717948718,0.066010334399048,0.456989247311828,0.146351156868991
"localized_dense","grid","gaussian","interval",8,1,0.5,2,"plain_selectboost","feature","c0 = 0.7",3,7,0,24.3333333333333,4.16333199893227,4.33333333333333,1.52752523165195,20,3,2.66666666666667,1.52752523165195,35,3,0.175935841603008,0.0402512961664739,0.619047619047619,0.218217890235992,0.636363636363636,0.0545454545454546,0.273015873015873,0.0675676084247389,0.159259259259259,0.0449050209369709,0.39247311827957,0.0671505161118107
"localized_dense","grid","gaussian","interval",8,1,0.5,2,"plain_selectboost","feature","c0 = 0.9",3,7,0,19,2.64575131106459,5,1,14,3.60555127546399,2,1,41,3.60555127546399,0.271825396825397,0.0941781292563954,0.714285714285714,0.142857142857143,0.745454545454545,0.0655554777357089,0.392607928839813,0.119573465226801,0.248960190136661,0.0950121454592974,0.306451612903226,0.0426734082429773
"localized_dense","grid","gaussian","interval",8,1,0.5,2,"plain_selectboost","group","c0 = 0.3",3,3,0,3.66666666666667,0.577350269189626,2.66666666666667,0.577350269189626,1,0,0.333333333333333,0.577350269189626,0,0,0.722222222222222,0.0481125224324688,0.888888888888889,0.192450089729875,0,0,0.793650793650794,0.109971479845643,0.666666666666667,0.144337567297406,0.916666666666667,0.144337567297406
"localized_dense","grid","gaussian","interval",8,1,0.5,2,"plain_selectboost","group","c0 = 0.5",3,3,0,3.66666666666667,0.577350269189626,3,0,0.666666666666667,0.577350269189626,0,0,0.333333333333333,0.577350269189626,0.833333333333333,0.144337567297406,1,0,0.333333333333333,0.577350269189626,0.904761904761905,0.0824786098842323,0.833333333333333,0.144337567297406,0.916666666666667,0.144337567297406
"localized_dense","grid","gaussian","interval",8,1,0.5,2,"plain_selectboost","group","c0 = 0.7",3,3,0,3.66666666666667,0.577350269189626,3,0,0.666666666666667,0.577350269189626,0,0,0.333333333333333,0.577350269189626,0.833333333333333,0.144337567297406,1,0,0.333333333333333,0.577350269189626,0.904761904761905,0.0824786098842323,0.833333333333333,0.144337567297406,0.916666666666667,0.144337567297406
"localized_dense","grid","gaussian","interval",8,1,0.5,2,"plain_selectboost","group","c0 = 0.9",3,3,0,3.66666666666667,0.577350269189626,3,0,0.666666666666667,0.577350269189626,0,0,0.333333333333333,0.577350269189626,0.833333333333333,0.144337567297406,1,0,0.333333333333333,0.577350269189626,0.904761904761905,0.0824786098842323,0.833333333333333,0.144337567297406,0.916666666666667,0.144337567297406
"localized_dense","grid","gaussian","interval",8,1,0.5,2,"selectboost","feature","c0 = 0.3",3,7,0,26.3333333333333,1.52752523165195,5.33333333333333,1.15470053837925,21,2.64575131106459,1.66666666666667,1.15470053837925,34,2.64575131106459,0.204542124542125,0.0536197678030717,0.761904761904762,0.164957219768465,0.618181818181818,0.0481045692920835,0.322402597402597,0.0814585737723091,0.194007903685323,0.0564326034456694,0.424731182795699,0.0246375037363217
"localized_dense","grid","gaussian","interval",8,1,0.5,2,"selectboost","feature","c0 = 0.5",3,7,0,19.6666666666667,3.21455025366432,5,1,14.6666666666667,3.21455025366432,2,1,40.3333333333333,3.21455025366432,0.258567821067821,0.0622319859569659,0.714285714285714,0.142857142857143,0.733333333333333,0.0584463682484422,0.378096665952738,0.080690879078889,0.235104669887279,0.05986895795498,0.317204301075269,0.0518475847365213
"localized_dense","grid","gaussian","interval",8,1,0.5,2,"selectboost","feature","c0 = 0.7",3,7,0,20,2,5,1,15,1.73205080756888,2,1,40,1.73205080756888,0.24983164983165,0.0435203908447172,0.714285714285714,0.142857142857143,0.727272727272727,0.0314918328648887,0.369757343550447,0.065861404017663,0.228174603174603,0.0506244080244963,0.32258064516129,0.032258064516129
"localized_dense","grid","gaussian","interval",8,1,0.5,2,"selectboost","feature","c0 = 0.9",3,7,0,18,1,4.33333333333333,0.577350269189626,13.6666666666667,1.52752523165195,2.66666666666667,0.577350269189626,41.3333333333333,1.52752523165195,0.24228872835684,0.045264513332008,0.619047619047619,0.0824786098842323,0.751515151515152,0.0277731860300354,0.348119658119658,0.059681564222488,0.211817422343738,0.0446724004015997,0.290322580645161,0.0161290322580645
"localized_dense","grid","gaussian","interval",8,1,0.5,2,"selectboost","group","c0 = 0.3",3,3,0,3.66666666666667,0.577350269189626,3,0,0.666666666666667,0.577350269189626,0,0,0.333333333333333,0.577350269189626,0.833333333333333,0.144337567297406,1,0,0.333333333333333,0.577350269189626,0.904761904761905,0.0824786098842323,0.833333333333333,0.144337567297406,0.916666666666667,0.144337567297406
"localized_dense","grid","gaussian","interval",8,1,0.5,2,"selectboost","group","c0 = 0.5",3,3,0,3.33333333333333,0.577350269189626,3,0,0.333333333333333,0.577350269189626,0,0,0.666666666666667,0.577350269189626,0.916666666666667,0.144337567297406,1,0,0.666666666666667,0.577350269189626,0.952380952380952,0.0824786098842323,0.916666666666667,0.144337567297406,0.833333333333333,0.144337567297406
"localized_dense","grid","gaussian","interval",8,1,0.5,2,"selectboost","group","c0 = 0.7",3,3,0,3.33333333333333,0.577350269189626,3,0,0.333333333333333,0.577350269189626,0,0,0.666666666666667,0.577350269189626,0.916666666666667,0.144337567297406,1,0,0.666666666666667,0.577350269189626,0.952380952380952,0.0824786098842323,0.916666666666667,0.144337567297406,0.833333333333333,0.144337567297406
"localized_dense","grid","gaussian","interval",8,1,0.5,2,"selectboost","group","c0 = 0.9",3,3,0,3.33333333333333,0.577350269189626,3,0,0.333333333333333,0.577350269189626,0,0,0.666666666666667,0.577350269189626,0.916666666666667,0.144337567297406,1,0,0.666666666666667,0.577350269189626,0.952380952380952,0.0824786098842323,0.916666666666667,0.144337567297406,0.833333333333333,0.144337567297406
"localized_dense","grid","gaussian","interval",8,1,0.8,0,"plain_selectboost","feature","c0 = 0.3",3,11,0,28,10.4403065089106,8.66666666666667,1.15470053837925,19.3333333333333,9.29157324317757,2.33333333333333,1.15470053837925,31.6666666666667,9.29157324317757,0.326259489302968,0.0680879587007651,0.787878787878788,0.104972776216296,0.620915032679739,0.182187710650541,0.454248366013072,0.0557474578733071,0.294976026683344,0.0460515913541382,0.451612903225806,0.168392040466299
"localized_dense","grid","gaussian","interval",8,1,0.8,0,"plain_selectboost","feature","c0 = 0.5",3,11,0,23.6666666666667,7.37111479583199,8.33333333333333,2.08166599946613,15.3333333333333,5.77350269189626,2.66666666666667,2.08166599946613,35.6666666666667,5.77350269189626,0.358134920634921,0.0618828181498043,0.757575757575758,0.18924236358783,0.699346405228758,0.113205935135221,0.480469794172681,0.0755329933871473,0.318401405357927,0.0665620854437355,0.381720430107527,0.118888948319871
"localized_dense","grid","gaussian","interval",8,1,0.8,0,"plain_selectboost","feature","c0 = 0.7",3,11,0,20.6666666666667,3.78593889720018,8,1,12.6666666666667,3.05505046330389,3,1,38.3333333333333,3.05505046330389,0.390955165692008,0.0465140380739821,0.727272727272727,0.0909090909090909,0.751633986928105,0.0599029502608607,0.506130268199234,0.0428588205112797,0.339544513457557,0.0386781401496261,0.333333333333333,0.0610635306000029
"localized_dense","grid","gaussian","interval",8,1,0.8,0,"plain_selectboost","feature","c0 = 0.9",3,11,0,19.6666666666667,4.50924975282289,8.66666666666667,1.52752523165195,11,3,2.33333333333333,1.52752523165195,40,3,0.444444444444444,0.0254587538608658,0.787878787878788,0.138865930150177,0.784313725490196,0.0588235294117647,0.563511757060144,0.022178175557254,0.392503987240829,0.0213460057521277,0.317204301075269,0.0727298347229499
"localized_dense","grid","gaussian","interval",8,1,0.8,0,"plain_selectboost","group","c0 = 0.3",3,3,0,3.66666666666667,0.577350269189626,2.66666666666667,0.577350269189626,1,0,0.333333333333333,0.577350269189626,0,0,0.722222222222222,0.0481125224324688,0.888888888888889,0.192450089729875,0,0,0.793650793650794,0.109971479845643,0.666666666666667,0.144337567297406,0.916666666666667,0.144337567297406
"localized_dense","grid","gaussian","interval",8,1,0.8,0,"plain_selectboost","group","c0 = 0.5",3,3,0,3.33333333333333,1.15470053837925,2.66666666666667,0.577350269189626,0.666666666666667,0.577350269189626,0.333333333333333,0.577350269189626,0.333333333333333,0.577350269189626,0.833333333333333,0.144337567297406,0.888888888888889,0.192450089729875,0.333333333333333,0.577350269189626,0.838095238095238,0.0329914439536928,0.722222222222222,0.0481125224324688,0.833333333333333,0.288675134594813
"localized_dense","grid","gaussian","interval",8,1,0.8,0,"plain_selectboost","group","c0 = 0.7",3,3,0,3.33333333333333,0.577350269189626,2.66666666666667,0.577350269189626,0.666666666666667,0.577350269189626,0.333333333333333,0.577350269189626,0.333333333333333,0.577350269189626,0.805555555555556,0.173472166622178,0.888888888888889,0.192450089729875,0.333333333333333,0.577350269189626,0.841269841269841,0.167232599251631,0.75,0.25,0.833333333333333,0.144337567297406
"localized_dense","grid","gaussian","interval",8,1,0.8,0,"plain_selectboost","group","c0 = 0.9",3,3,0,3.66666666666667,0.577350269189626,3,0,0.666666666666667,0.577350269189626,0,0,0.333333333333333,0.577350269189626,0.833333333333333,0.144337567297406,1,0,0.333333333333333,0.577350269189626,0.904761904761905,0.0824786098842323,0.833333333333333,0.144337567297406,0.916666666666667,0.144337567297406
"localized_dense","grid","gaussian","interval",8,1,0.8,0,"selectboost","feature","c0 = 0.3",3,11,0,24.6666666666667,2.08166599946613,9.33333333333333,0.577350269189626,15.3333333333333,2.51661147842358,1.66666666666667,0.577350269189626,35.6666666666667,2.51661147842358,0.381038647342995,0.0509935075689513,0.848484848484849,0.0524863881081477,0.699346405228758,0.0493453231063448,0.525401739643226,0.0580789307993757,0.357721780135573,0.0540966375000979,0.397849462365591,0.0335752580559054
"localized_dense","grid","gaussian","interval",8,1,0.8,0,"selectboost","feature","c0 = 0.5",3,11,0,22.3333333333333,1.15470053837925,10,0,12.3333333333333,1.15470053837925,1,0,38.6666666666667,1.15470053837925,0.448585231193927,0.023906843444705,0.909090909090909,0,0.758169934640523,0.0226411870270441,0.600490196078431,0.0212261128378538,0.429292929292929,0.0218693283783949,0.360215053763441,0.0186242022319234
"localized_dense","grid","gaussian","interval",8,1,0.8,0,"selectboost","feature","c0 = 0.7",3,11,0,18.3333333333333,6.35085296108588,7.66666666666667,2.3094010767585,10.6666666666667,4.04145188432738,3.33333333333333,2.3094010767585,40.3333333333333,4.04145188432738,0.424242424242424,0.0262431940540739,0.696969696969697,0.209945552432591,0.790849673202614,0.0792441545946545,0.515151515151515,0.0524863881081478,0.348039215686274,0.0466974482432785,0.295698924731183,0.102433112275579
"localized_dense","grid","gaussian","interval",8,1,0.8,0,"selectboost","feature","c0 = 0.9",3,11,0,16.3333333333333,3.21455025366432,8,0,8.33333333333333,3.21455025366432,3,0,42.6666666666667,3.21455025366432,0.501587301587302,0.0900155357381449,0.727272727272727,0,0.836601307189543,0.0630303971306729,0.590504549214227,0.0655764243597735,0.420952922231695,0.0646647119998192,0.263440860215054,0.0518475847365213
"localized_dense","grid","gaussian","interval",8,1,0.8,0,"selectboost","group","c0 = 0.3",3,3,0,4,0,3,0,1,0,0,0,0,0,0.75,0,1,0,0,0,0.857142857142857,0,0.75,0,1,0
"localized_dense","grid","gaussian","interval",8,1,0.8,0,"selectboost","group","c0 = 0.5",3,3,0,3.33333333333333,1.15470053837925,2.66666666666667,0.577350269189626,0.666666666666667,0.577350269189626,0.333333333333333,0.577350269189626,0.333333333333333,0.577350269189626,0.833333333333333,0.144337567297406,0.888888888888889,0.192450089729875,0.333333333333333,0.577350269189626,0.838095238095238,0.0329914439536928,0.722222222222222,0.0481125224324688,0.833333333333333,0.288675134594813
"localized_dense","grid","gaussian","interval",8,1,0.8,0,"selectboost","group","c0 = 0.7",3,3,0,3,1,2.66666666666667,0.577350269189626,0.333333333333333,0.577350269189626,0.333333333333333,0.577350269189626,0.666666666666667,0.577350269189626,0.916666666666667,0.144337567297406,0.888888888888889,0.192450089729875,0.666666666666667,0.577350269189626,0.885714285714286,0.103015750727543,0.805555555555556,0.173472166622178,0.75,0.25
"localized_dense","grid","gaussian","interval",8,1,0.8,0,"selectboost","group","c0 = 0.9",3,3,0,3,1,2.66666666666667,0.577350269189626,0.333333333333333,0.577350269189626,0.333333333333333,0.577350269189626,0.666666666666667,0.577350269189626,0.916666666666667,0.144337567297406,0.888888888888889,0.192450089729875,0.666666666666667,0.577350269189626,0.885714285714286,0.103015750727543,0.805555555555556,0.173472166622178,0.75,0.25
"localized_dense","grid","gaussian","interval",8,1,0.8,2,"plain_selectboost","feature","c0 = 0.3",3,11,0,27.3333333333333,3.21455025366432,7.66666666666667,1.52752523165195,19.6666666666667,3.51188458428425,3.33333333333333,1.52752523165195,31.3333333333333,3.51188458428425,0.282944582299421,0.0681132233745862,0.696969696969697,0.138865930150177,0.61437908496732,0.0688604820447891,0.401758901758902,0.0896669907885864,0.254058612692389,0.0717567941335111,0.440860215053763,0.0518475847365213
"localized_dense","grid","gaussian","interval",8,1,0.8,2,"plain_selectboost","feature","c0 = 0.5",3,11,0,26.6666666666667,2.51661147842358,7.33333333333333,0.577350269189626,19.3333333333333,2.08166599946613,3.66666666666667,0.577350269189626,31.6666666666667,2.08166599946613,0.275595998297148,0.0162053419870685,0.666666666666667,0.0524863881081478,0.620915032679739,0.0408169803816889,0.389473684210526,0.0182321137638829,0.241935483870968,0.0139681516739426,0.43010752688172,0.0405905077165094
"localized_dense","grid","gaussian","interval",8,1,0.8,2,"plain_selectboost","feature","c0 = 0.7",3,11,0,23.3333333333333,2.08166599946613,8.66666666666667,1.15470053837925,14.6666666666667,1.52752523165195,2.33333333333333,1.15470053837925,36.3333333333333,1.52752523165195,0.371428571428571,0.0343385835758475,0.787878787878788,0.104972776216296,0.712418300653595,0.0299514751304303,0.504232804232804,0.049342702357817,0.338081671415005,0.044350596120933,0.376344086021505,0.0335752580559054
"localized_dense","grid","gaussian","interval",8,1,0.8,2,"plain_selectboost","feature","c0 = 0.9",3,11,0,20.6666666666667,1.52752523165195,7.66666666666667,1.15470053837925,13,2.64575131106459,3.33333333333333,1.15470053837925,38,2.64575131106459,0.375066454013822,0.0857408218266813,0.696969696969697,0.104972776216296,0.745098039215686,0.051877476687541,0.487247474747475,0.0978712919699029,0.325934065934066,0.0890495100475311,0.333333333333333,0.0246375037363217
"localized_dense","grid","gaussian","interval",8,1,0.8,2,"plain_selectboost","group","c0 = 0.3",3,3,0,4,0,3,0,1,0,0,0,0,0,0.75,0,1,0,0,0,0.857142857142857,0,0.75,0,1,0
"localized_dense","grid","gaussian","interval",8,1,0.8,2,"plain_selectboost","group","c0 = 0.5",3,3,0,4,0,3,0,1,0,0,0,0,0,0.75,0,1,0,0,0,0.857142857142857,0,0.75,0,1,0
"localized_dense","grid","gaussian","interval",8,1,0.8,2,"plain_selectboost","group","c0 = 0.7",3,3,0,3.33333333333333,0.577350269189626,3,0,0.333333333333333,0.577350269189626,0,0,0.666666666666667,0.577350269189626,0.916666666666667,0.144337567297406,1,0,0.666666666666667,0.577350269189626,0.952380952380952,0.0824786098842323,0.916666666666667,0.144337567297406,0.833333333333333,0.144337567297406
"localized_dense","grid","gaussian","interval",8,1,0.8,2,"plain_selectboost","group","c0 = 0.9",3,3,0,3.33333333333333,0.577350269189626,3,0,0.333333333333333,0.577350269189626,0,0,0.666666666666667,0.577350269189626,0.916666666666667,0.144337567297406,1,0,0.666666666666667,0.577350269189626,0.952380952380952,0.0824786098842323,0.916666666666667,0.144337567297406,0.833333333333333,0.144337567297406
"localized_dense","grid","gaussian","interval",8,1,0.8,2,"selectboost","feature","c0 = 0.3",3,11,0,25.6666666666667,1.52752523165195,7.66666666666667,1.15470053837925,18,1.73205080756888,3.33333333333333,1.15470053837925,33,1.73205080756888,0.299026590693257,0.0439123407387162,0.696969696969697,0.104972776216296,0.647058823529412,0.0339617805405662,0.418302513039355,0.0611236300910189,0.265745007680492,0.0497174657404675,0.413978494623656,0.0246375037363217
"localized_dense","grid","gaussian","interval",8,1,0.8,2,"selectboost","feature","c0 = 0.5",3,11,0,20.6666666666667,2.08166599946613,7.66666666666667,1.15470053837925,13,2.64575131106459,3.33333333333333,1.15470053837925,38,2.64575131106459,0.374256292906179,0.073001208642019,0.696969696969697,0.104972776216296,0.745098039215686,0.051877476687541,0.486358844613114,0.0861451592308397,0.324232664812375,0.076869603427951,0.333333333333333,0.0335752580559054
"localized_dense","grid","gaussian","interval",8,1,0.8,2,"selectboost","feature","c0 = 0.7",3,11,0,26,2.64575131106459,8.66666666666667,0.577350269189626,17.3333333333333,2.51661147842358,2.33333333333333,0.577350269189626,33.6666666666667,2.51661147842358,0.335114942528736,0.0348771980769609,0.787878787878788,0.0524863881081478,0.660130718954248,0.0493453231063448,0.46957671957672,0.0388186386327419,0.307396904171098,0.0336434913383418,0.419354838709677,0.0426734082429773
"localized_dense","grid","gaussian","interval",8,1,0.8,2,"selectboost","feature","c0 = 0.9",3,11,0,21.3333333333333,0.577350269189626,8.33333333333333,1.52752523165195,13,1,2.66666666666667,1.52752523165195,38,1,0.38961038961039,0.0610681211240947,0.757575757575758,0.138865930150177,0.745098039215686,0.0196078431372549,0.514520202020202,0.0852132423917217,0.349371980676329,0.0786278744791093,0.344086021505376,0.00931210111596173
"localized_dense","grid","gaussian","interval",8,1,0.8,2,"selectboost","group","c0 = 0.3",3,3,0,3.66666666666667,0.577350269189626,3,0,0.666666666666667,0.577350269189626,0,0,0.333333333333333,0.577350269189626,0.833333333333333,0.144337567297406,1,0,0.333333333333333,0.577350269189626,0.904761904761905,0.0824786098842323,0.833333333333333,0.144337567297406,0.916666666666667,0.144337567297406
"localized_dense","grid","gaussian","interval",8,1,0.8,2,"selectboost","group","c0 = 0.5",3,3,0,3,0,3,0,0,0,0,0,1,0,1,0,1,0,1,0,1,0,1,0,0.75,0
"localized_dense","grid","gaussian","interval",8,1,0.8,2,"selectboost","group","c0 = 0.7",3,3,0,3.66666666666667,0.577350269189626,3,0,0.666666666666667,0.577350269189626,0,0,0.333333333333333,0.577350269189626,0.833333333333333,0.144337567297406,1,0,0.333333333333333,0.577350269189626,0.904761904761905,0.0824786098842323,0.833333333333333,0.144337567297406,0.916666666666667,0.144337567297406
"localized_dense","grid","gaussian","interval",8,1,0.8,2,"selectboost","group","c0 = 0.9",3,3,0,3.66666666666667,0.577350269189626,3,0,0.666666666666667,0.577350269189626,0,0,0.333333333333333,0.577350269189626,0.833333333333333,0.144337567297406,1,0,0.333333333333333,0.577350269189626,0.904761904761905,0.0824786098842323,0.833333333333333,0.144337567297406,0.916666666666667,0.144337567297406
"localized_dense","grid","gaussian","neighborhood",4,0.6,0.5,0,"plain_selectboost","feature","c0 = 0.3",3,7,0,21.6666666666667,7.23417813807024,4.66666666666667,1.15470053837925,17,6.08276253029822,2.33333333333333,1.15470053837925,38,6.08276253029822,0.21917211328976,0.017843655973371,0.666666666666667,0.164957219768465,0.690909090909091,0.110595682369059,0.325885885885886,0.00680244811280132,0.194674859190988,0.00486080667129784,0.349462365591398,0.11668029254952
"localized_dense","grid","gaussian","neighborhood",4,0.6,0.5,0,"plain_selectboost","feature","c0 = 0.5",3,7,0,23.3333333333333,5.77350269189626,5,2,18.3333333333333,4.16333199893227,2,2,36.6666666666667,4.16333199893227,0.211111111111111,0.053575837561072,0.714285714285714,0.285714285714286,0.666666666666667,0.0756969454351321,0.323656990323657,0.0879362904772993,0.19520202020202,0.0608722060286064,0.376344086021505,0.0931210111596171
"localized_dense","grid","gaussian","neighborhood",4,0.6,0.5,0,"plain_selectboost","feature","c0 = 0.7",3,7,0,22.3333333333333,7.57187779440036,5.66666666666667,0.577350269189626,16.6666666666667,7.23417813807024,1.33333333333333,0.577350269189626,38.3333333333333,7.23417813807024,0.267818502613269,0.0652261800310686,0.80952380952381,0.0824786098842322,0.696969696969697,0.131530511601277,0.39799820062978,0.0746463367035681,0.250219298245614,0.0573551912155483,0.360215053763441,0.122127061200006
"localized_dense","grid","gaussian","neighborhood",4,0.6,0.5,0,"plain_selectboost","feature","c0 = 0.9",3,7,0,20.3333333333333,7.57187779440036,5.66666666666667,1.15470053837925,14.6666666666667,6.42910050732864,1.33333333333333,1.15470053837925,40.3333333333333,6.42910050732864,0.289610096912328,0.0461424326643604,0.80952380952381,0.164957219768465,0.733333333333333,0.116892736496884,0.42003367003367,0.0329575285361143,0.266218284046831,0.0265020287315184,0.327956989247312,0.122127061200006
"localized_dense","grid","gaussian","neighborhood",4,0.6,0.5,0,"plain_selectboost","group","c0 = 0.3",3,3,0,2.66666666666667,1.52752523165195,2,1,0.666666666666667,0.577350269189626,1,1,0.333333333333333,0.577350269189626,0.805555555555556,0.173472166622178,0.666666666666667,0.333333333333333,0.333333333333333,0.577350269189626,0.674603174603175,0.17870365474917,0.527777777777778,0.209717623201965,0.666666666666667,0.381881307912987
"localized_dense","grid","gaussian","neighborhood",4,0.6,0.5,0,"plain_selectboost","group","c0 = 0.5",3,3,0,3.33333333333333,0.577350269189626,2.33333333333333,0.577350269189626,1,0,0.666666666666667,0.577350269189626,0,0,0.694444444444444,0.0481125224324688,0.777777777777778,0.192450089729875,0,0,0.73015873015873,0.109971479845643,0.583333333333333,0.144337567297406,0.833333333333333,0.144337567297406
"localized_dense","grid","gaussian","neighborhood",4,0.6,0.5,0,"plain_selectboost","group","c0 = 0.7",3,3,0,2.66666666666667,1.15470053837925,2.33333333333333,0.577350269189626,0.333333333333333,0.577350269189626,0.666666666666667,0.577350269189626,0.666666666666667,0.577350269189626,0.916666666666667,0.144337567297406,0.777777777777778,0.192450089729875,0.666666666666667,0.577350269189626,0.819047619047619,0.0329914439536928,0.694444444444444,0.0481125224324688,0.666666666666667,0.288675134594813
"localized_dense","grid","gaussian","neighborhood",4,0.6,0.5,0,"plain_selectboost","group","c0 = 0.9",3,3,0,2.66666666666667,1.15470053837925,2.33333333333333,0.577350269189626,0.333333333333333,0.577350269189626,0.666666666666667,0.577350269189626,0.666666666666667,0.577350269189626,0.916666666666667,0.144337567297406,0.777777777777778,0.192450089729875,0.666666666666667,0.577350269189626,0.819047619047619,0.0329914439536928,0.694444444444444,0.0481125224324688,0.666666666666667,0.288675134594813
"localized_dense","grid","gaussian","neighborhood",4,0.6,0.5,0,"selectboost","feature","c0 = 0.3",3,7,0,20.3333333333333,7.50555349946513,5,2,15.3333333333333,6.80685928555405,2,2,39.6666666666667,6.80685928555405,0.253113553113553,0.0878714420689705,0.714285714285714,0.285714285714286,0.721212121212121,0.123761077919165,0.368077601410935,0.130481311164823,0.231045751633987,0.103133962024026,0.327956989247312,0.121057314507502
"localized_dense","grid","gaussian","neighborhood",4,0.6,0.5,0,"selectboost","feature","c0 = 0.5",3,7,0,20,6,5.66666666666667,1.15470053837925,14.3333333333333,5.03322295684717,1.33333333333333,1.15470053837925,40.6666666666667,5.03322295684717,0.292124542124542,0.0571226013690502,0.80952380952381,0.164957219768465,0.739393939393939,0.0915131446699484,0.423601090267757,0.0529129679841804,0.269667832167832,0.042615317341778,0.32258064516129,0.0967741935483871
"localized_dense","grid","gaussian","neighborhood",4,0.6,0.5,0,"selectboost","feature","c0 = 0.7",3,7,0,19.6666666666667,4.93288286231625,5.33333333333333,1.52752523165195,14.3333333333333,3.78593889720018,1.66666666666667,1.52752523165195,40.6666666666667,3.78593889720018,0.27244494635799,0.0402144158172192,0.761904761904762,0.218217890235992,0.739393939393939,0.068835252676367,0.397482211275315,0.06257888501483,0.249325092355783,0.0495211762091888,0.317204301075269,0.0795626268115524
"localized_dense","grid","gaussian","neighborhood",4,0.6,0.5,0,"selectboost","feature","c0 = 0.9",3,7,0,18.6666666666667,10.785793124909,4.33333333333333,1.52752523165195,14.3333333333333,9.45163125250522,2.66666666666667,1.52752523165195,40.6666666666667,9.45163125250522,0.257156821672951,0.0927950905344079,0.619047619047619,0.218217890235992,0.739393939393939,0.17184784095464,0.34864940128098,0.0843127923501176,0.213293650793651,0.0635772617857624,0.301075268817204,0.173964405240467
"localized_dense","grid","gaussian","neighborhood",4,0.6,0.5,0,"selectboost","group","c0 = 0.3",3,3,0,3,1.73205080756888,2.33333333333333,1.15470053837925,0.666666666666667,0.577350269189626,0.666666666666667,1.15470053837925,0.333333333333333,0.577350269189626,0.833333333333333,0.144337567297406,0.777777777777778,0.38490017945975,0.333333333333333,0.577350269189626,0.738095238095238,0.206196524710581,0.611111111111111,0.240562612162344,0.75,0.433012701892219
"localized_dense","grid","gaussian","neighborhood",4,0.6,0.5,0,"selectboost","group","c0 = 0.5",3,3,0,3.33333333333333,1.15470053837925,2.66666666666667,0.577350269189626,0.666666666666667,0.577350269189626,0.333333333333333,0.577350269189626,0.333333333333333,0.577350269189626,0.833333333333333,0.144337567297406,0.888888888888889,0.192450089729875,0.333333333333333,0.577350269189626,0.838095238095238,0.0329914439536928,0.722222222222222,0.0481125224324688,0.833333333333333,0.288675134594813
"localized_dense","grid","gaussian","neighborhood",4,0.6,0.5,0,"selectboost","group","c0 = 0.7",3,3,0,3,1,2.66666666666667,0.577350269189626,0.333333333333333,0.577350269189626,0.333333333333333,0.577350269189626,0.666666666666667,0.577350269189626,0.916666666666667,0.144337567297406,0.888888888888889,0.192450089729875,0.666666666666667,0.577350269189626,0.885714285714286,0.103015750727543,0.805555555555556,0.173472166622178,0.75,0.25
"localized_dense","grid","gaussian","neighborhood",4,0.6,0.5,0,"selectboost","group","c0 = 0.9",3,3,0,2.66666666666667,1.15470053837925,2.33333333333333,0.577350269189626,0.333333333333333,0.577350269189626,0.666666666666667,0.577350269189626,0.666666666666667,0.577350269189626,0.916666666666667,0.144337567297406,0.777777777777778,0.192450089729875,0.666666666666667,0.577350269189626,0.819047619047619,0.0329914439536928,0.694444444444444,0.0481125224324688,0.666666666666667,0.288675134594813
"localized_dense","grid","gaussian","neighborhood",4,0.6,0.5,2,"plain_selectboost","feature","c0 = 0.3",3,7,0,25,4.58257569495584,5.33333333333333,1.52752523165195,19.6666666666667,3.51188458428425,1.66666666666667,1.52752523165195,35.3333333333333,3.51188458428425,0.212698412698413,0.0399357003981242,0.761904761904762,0.218217890235992,0.642424242424242,0.0638524469869863,0.331195250550089,0.0642169376275329,0.199624261943103,0.0452866403105486,0.403225806451613,0.0739125112089652
"localized_dense","grid","gaussian","neighborhood",4,0.6,0.5,2,"plain_selectboost","feature","c0 = 0.5",3,7,0,27,2.64575131106459,6,1,21,1.73205080756888,1,1,34,1.73205080756888,0.221332785987958,0.0176140586987633,0.857142857142857,0.142857142857143,0.618181818181818,0.0314918328648887,0.351442225635774,0.0339775445154092,0.213527851458886,0.0251989389920424,0.435483870967742,0.0426734082429773
"localized_dense","grid","gaussian","neighborhood",4,0.6,0.5,2,"plain_selectboost","feature","c0 = 0.7",3,7,0,23.6666666666667,3.78593889720018,5.33333333333333,0.577350269189626,18.3333333333333,3.21455025366432,1.66666666666667,0.577350269189626,36.6666666666667,3.21455025366432,0.226551226551227,0.0119211483707491,0.761904761904762,0.0824786098842322,0.666666666666667,0.0584463682484422,0.348275862068965,0.00774198701748854,0.210873729801766,0.00568991817346439,0.381720430107527,0.0610635306000029
"localized_dense","grid","gaussian","neighborhood",4,0.6,0.5,2,"plain_selectboost","feature","c0 = 0.9",3,7,0,16.6666666666667,3.05505046330389,4.66666666666667,0.577350269189626,12,3,2.33333333333333,0.577350269189626,43,3,0.285714285714286,0.0618589574131742,0.666666666666667,0.0824786098842323,0.781818181818182,0.0545454545454545,0.398128977839123,0.0685365546427945,0.250099681020734,0.0546851024587799,0.268817204301075,0.0492750074726434
"localized_dense","grid","gaussian","neighborhood",4,0.6,0.5,2,"plain_selectboost","group","c0 = 0.3",3,3,0,3.66666666666667,0.577350269189626,3,0,0.666666666666667,0.577350269189626,0,0,0.333333333333333,0.577350269189626,0.833333333333333,0.144337567297406,1,0,0.333333333333333,0.577350269189626,0.904761904761905,0.0824786098842323,0.833333333333333,0.144337567297406,0.916666666666667,0.144337567297406
"localized_dense","grid","gaussian","neighborhood",4,0.6,0.5,2,"plain_selectboost","group","c0 = 0.5",3,3,0,4,0,3,0,1,0,0,0,0,0,0.75,0,1,0,0,0,0.857142857142857,0,0.75,0,1,0
"localized_dense","grid","gaussian","neighborhood",4,0.6,0.5,2,"plain_selectboost","group","c0 = 0.7",3,3,0,3.33333333333333,0.577350269189626,3,0,0.333333333333333,0.577350269189626,0,0,0.666666666666667,0.577350269189626,0.916666666666667,0.144337567297406,1,0,0.666666666666667,0.577350269189626,0.952380952380952,0.0824786098842323,0.916666666666667,0.144337567297406,0.833333333333333,0.144337567297406
"localized_dense","grid","gaussian","neighborhood",4,0.6,0.5,2,"plain_selectboost","group","c0 = 0.9",3,3,0,3,0,3,0,0,0,0,0,1,0,1,0,1,0,1,0,1,0,1,0,0.75,0
"localized_dense","grid","gaussian","neighborhood",4,0.6,0.5,2,"selectboost","feature","c0 = 0.3",3,7,0,23.6666666666667,3.51188458428425,6,1.73205080756888,17.6666666666667,2.08166599946613,1,1.73205080756888,37.3333333333333,2.08166599946613,0.250308641975309,0.0464841866312326,0.857142857142857,0.247435829652697,0.678787878787879,0.0378484727175661,0.386557968468152,0.080668127567989,0.241612989801396,0.0608278066580895,0.381720430107527,0.0566432997465201
"localized_dense","grid","gaussian","neighborhood",4,0.6,0.5,2,"selectboost","feature","c0 = 0.5",3,7,0,21,3,5.66666666666667,0.577350269189626,15.3333333333333,2.51661147842358,1.33333333333333,0.577350269189626,39.6666666666667,2.51661147842358,0.271164021164021,0.0187532366121135,0.80952380952381,0.0824786098842322,0.721212121212121,0.0457565723349743,0.405222734254992,0.0212248546229381,0.254242424242424,0.0167710231539657,0.338709677419355,0.0483870967741935
"localized_dense","grid","gaussian","neighborhood",4,0.6,0.5,2,"selectboost","feature","c0 = 0.7",3,7,0,20.6666666666667,1.52752523165195,5.33333333333333,1.52752523165195,15.3333333333333,3.05505046330389,1.66666666666667,1.52752523165195,39.6666666666667,3.05505046330389,0.262778157515,0.0957188212018001,0.761904761904762,0.218217890235992,0.721212121212121,0.0555463720600708,0.390488821523304,0.134438035355492,0.248604118993135,0.107659247831181,0.333333333333333,0.0246375037363217
"localized_dense","grid","gaussian","neighborhood",4,0.6,0.5,2,"selectboost","feature","c0 = 0.9",3,7,0,17.6666666666667,2.08166599946613,5.33333333333333,1.52752523165195,12.3333333333333,1.15470053837925,1.66666666666667,1.52752523165195,42.6666666666667,1.15470053837925,0.299264705882353,0.0584870893392479,0.761904761904762,0.218217890235992,0.775757575757576,0.0209945552432591,0.428878153515835,0.0927336785976146,0.275925925925926,0.0750171448167744,0.28494623655914,0.0335752580559054
"localized_dense","grid","gaussian","neighborhood",4,0.6,0.5,2,"selectboost","group","c0 = 0.3",3,3,0,4,0,3,0,1,0,0,0,0,0,0.75,0,1,0,0,0,0.857142857142857,0,0.75,0,1,0
"localized_dense","grid","gaussian","neighborhood",4,0.6,0.5,2,"selectboost","group","c0 = 0.5",3,3,0,3.33333333333333,0.577350269189626,3,0,0.333333333333333,0.577350269189626,0,0,0.666666666666667,0.577350269189626,0.916666666666667,0.144337567297406,1,0,0.666666666666667,0.577350269189626,0.952380952380952,0.0824786098842323,0.916666666666667,0.144337567297406,0.833333333333333,0.144337567297406
"localized_dense","grid","gaussian","neighborhood",4,0.6,0.5,2,"selectboost","group","c0 = 0.7",3,3,0,3.33333333333333,0.577350269189626,3,0,0.333333333333333,0.577350269189626,0,0,0.666666666666667,0.577350269189626,0.916666666666667,0.144337567297406,1,0,0.666666666666667,0.577350269189626,0.952380952380952,0.0824786098842323,0.916666666666667,0.144337567297406,0.833333333333333,0.144337567297406
"localized_dense","grid","gaussian","neighborhood",4,0.6,0.5,2,"selectboost","group","c0 = 0.9",3,3,0,3,0,3,0,0,0,0,0,1,0,1,0,1,0,1,0,1,0,1,0,0.75,0
"localized_dense","grid","gaussian","neighborhood",4,0.6,0.8,0,"plain_selectboost","feature","c0 = 0.3",3,11,0,22.6666666666667,4.72581562625261,9,1,13.6666666666667,4.61880215351701,2,1,37.3333333333333,4.61880215351701,0.406223893065998,0.0784393422065565,0.818181818181818,0.0909090909090909,0.73202614379085,0.0905647481081766,0.539957264957265,0.0819318374728172,0.372727272727273,0.0776727613210685,0.365591397849462,0.0762228326814937
"localized_dense","grid","gaussian","neighborhood",4,0.6,0.8,0,"plain_selectboost","feature","c0 = 0.5",3,11,0,24.6666666666667,5.13160143944688,10.3333333333333,1.15470053837925,14.3333333333333,4.04145188432738,0.666666666666667,1.15470053837925,36.6666666666667,4.04145188432738,0.425357159476942,0.047228235625105,0.93939393939394,0.104972776216296,0.718954248366013,0.0792441545946545,0.581531531531531,0.0274405304694019,0.410319565491979,0.0269949295668104,0.397849462365591,0.0827677651523691
"localized_dense","grid","gaussian","neighborhood",4,0.6,0.8,0,"plain_selectboost","feature","c0 = 0.7",3,11,0,18,2,8.33333333333333,0.577350269189626,9.66666666666667,2.08166599946613,2.66666666666667,0.577350269189626,41.3333333333333,2.08166599946613,0.466666666666667,0.0577350269189626,0.757575757575758,0.0524863881081478,0.810457516339869,0.0408169803816889,0.576470426674357,0.0541126061235321,0.40629290617849,0.0526617911495303,0.290322580645161,0.032258064516129
"localized_dense","grid","gaussian","neighborhood",4,0.6,0.8,0,"plain_selectboost","feature","c0 = 0.9",3,11,0,19.6666666666667,2.51661147842358,8.66666666666667,1.15470053837925,11,2.64575131106459,2.33333333333333,1.15470053837925,40,2.64575131106459,0.444741532976827,0.071762102436366,0.787878787878788,0.104972776216296,0.784313725490196,0.051877476687541,0.567146115533212,0.0802421551998423,0.398730158730159,0.0781029806460027,0.317204301075269,0.0405905077165094
"localized_dense","grid","gaussian","neighborhood",4,0.6,0.8,0,"plain_selectboost","group","c0 = 0.3",3,3,0,3.66666666666667,0.577350269189626,3,0,0.666666666666667,0.577350269189626,0,0,0.333333333333333,0.577350269189626,0.833333333333333,0.144337567297406,1,0,0.333333333333333,0.577350269189626,0.904761904761905,0.0824786098842323,0.833333333333333,0.144337567297406,0.916666666666667,0.144337567297406
"localized_dense","grid","gaussian","neighborhood",4,0.6,0.8,0,"plain_selectboost","group","c0 = 0.5",3,3,0,3.66666666666667,0.577350269189626,3,0,0.666666666666667,0.577350269189626,0,0,0.333333333333333,0.577350269189626,0.833333333333333,0.144337567297406,1,0,0.333333333333333,0.577350269189626,0.904761904761905,0.0824786098842323,0.833333333333333,0.144337567297406,0.916666666666667,0.144337567297406
"localized_dense","grid","gaussian","neighborhood",4,0.6,0.8,0,"plain_selectboost","group","c0 = 0.7",3,3,0,3.33333333333333,0.577350269189626,3,0,0.333333333333333,0.577350269189626,0,0,0.666666666666667,0.577350269189626,0.916666666666667,0.144337567297406,1,0,0.666666666666667,0.577350269189626,0.952380952380952,0.0824786098842323,0.916666666666667,0.144337567297406,0.833333333333333,0.144337567297406
"localized_dense","grid","gaussian","neighborhood",4,0.6,0.8,0,"plain_selectboost","group","c0 = 0.9",3,3,0,3.33333333333333,0.577350269189626,3,0,0.333333333333333,0.577350269189626,0,0,0.666666666666667,0.577350269189626,0.916666666666667,0.144337567297406,1,0,0.666666666666667,0.577350269189626,0.952380952380952,0.0824786098842323,0.916666666666667,0.144337567297406,0.833333333333333,0.144337567297406
"localized_dense","grid","gaussian","neighborhood",4,0.6,0.8,0,"selectboost","feature","c0 = 0.3",3,11,0,25,6.2449979983984,9,2,16,4.35889894354067,2,2,35,4.35889894354067,0.362962962962963,0.027962349760262,0.818181818181818,0.181818181818182,0.686274509803922,0.0854686067360916,0.497676065689876,0.0340005361631195,0.331731104144897,0.0305077818258435,0.403225806451613,0.100725774167716
"localized_dense","grid","gaussian","neighborhood",4,0.6,0.8,0,"selectboost","feature","c0 = 0.5",3,11,0,26.3333333333333,8.02080627701064,8.66666666666667,1.52752523165195,17.6666666666667,6.50640709864771,2.33333333333333,1.52752523165195,33.3333333333333,6.50640709864771,0.338779956427015,0.0476198104453037,0.787878787878788,0.138865930150177,0.65359477124183,0.127576609777406,0.466962425220138,0.0200220084810196,0.30474697716077,0.0169421696713184,0.424731182795699,0.129367843177591
"localized_dense","grid","gaussian","neighborhood",4,0.6,0.8,0,"selectboost","feature","c0 = 0.7",3,11,0,22.3333333333333,8.50490054811538,9.66666666666667,1.52752523165195,12.6666666666667,7.23417813807024,1.33333333333333,1.52752523165195,38.3333333333333,7.23417813807024,0.456688596491228,0.0986887791340137,0.878787878787879,0.138865930150177,0.751633986928105,0.14184663015824,0.590295722078668,0.0775448964288797,0.421600877192982,0.0781264427382943,0.360215053763441,0.137175815292184
"localized_dense","grid","gaussian","neighborhood",4,0.6,0.8,0,"selectboost","feature","c0 = 0.9",3,11,0,18,3,8.66666666666667,1.15470053837925,9.33333333333333,2.08166599946613,2.33333333333333,1.15470053837925,41.6666666666667,2.08166599946613,0.484656084656085,0.0450450722831593,0.787878787878788,0.104972776216296,0.816993464052288,0.0408169803816889,0.59736958443855,0.0398214012244457,0.426647426647427,0.0398940534675209,0.290322580645161,0.0483870967741935
"localized_dense","grid","gaussian","neighborhood",4,0.6,0.8,0,"selectboost","group","c0 = 0.3",3,3,0,3.66666666666667,0.577350269189626,3,0,0.666666666666667,0.577350269189626,0,0,0.333333333333333,0.577350269189626,0.833333333333333,0.144337567297406,1,0,0.333333333333333,0.577350269189626,0.904761904761905,0.0824786098842323,0.833333333333333,0.144337567297406,0.916666666666667,0.144337567297406
"localized_dense","grid","gaussian","neighborhood",4,0.6,0.8,0,"selectboost","group","c0 = 0.5",3,3,0,3.66666666666667,0.577350269189626,3,0,0.666666666666667,0.577350269189626,0,0,0.333333333333333,0.577350269189626,0.833333333333333,0.144337567297406,1,0,0.333333333333333,0.577350269189626,0.904761904761905,0.0824786098842323,0.833333333333333,0.144337567297406,0.916666666666667,0.144337567297406
"localized_dense","grid","gaussian","neighborhood",4,0.6,0.8,0,"selectboost","group","c0 = 0.7",3,3,0,3.66666666666667,0.577350269189626,3,0,0.666666666666667,0.577350269189626,0,0,0.333333333333333,0.577350269189626,0.833333333333333,0.144337567297406,1,0,0.333333333333333,0.577350269189626,0.904761904761905,0.0824786098842323,0.833333333333333,0.144337567297406,0.916666666666667,0.144337567297406
"localized_dense","grid","gaussian","neighborhood",4,0.6,0.8,0,"selectboost","group","c0 = 0.9",3,3,0,3.33333333333333,0.577350269189626,3,0,0.333333333333333,0.577350269189626,0,0,0.666666666666667,0.577350269189626,0.916666666666667,0.144337567297406,1,0,0.666666666666667,0.577350269189626,0.952380952380952,0.0824786098842323,0.916666666666667,0.144337567297406,0.833333333333333,0.144337567297406
"localized_dense","grid","gaussian","neighborhood",4,0.6,0.8,2,"plain_selectboost","feature","c0 = 0.3",3,11,0,24.3333333333333,3.78593889720018,7.66666666666667,1.52752523165195,16.6666666666667,4.50924975282289,3.33333333333333,1.52752523165195,34.3333333333333,4.50924975282289,0.322792022792023,0.0911623039473719,0.696969696969697,0.138865930150177,0.673202614379085,0.0884166618200567,0.439468330809587,0.108129620848473,0.285584886128364,0.0859633111950834,0.39247311827957,0.061063530600003
"localized_dense","grid","gaussian","neighborhood",4,0.6,0.8,2,"plain_selectboost","feature","c0 = 0.5",3,11,0,25.6666666666667,4.50924975282289,8.66666666666667,1.15470053837925,17,5.56776436283002,2.33333333333333,1.15470053837925,34,5.56776436283002,0.35018315018315,0.111036752748937,0.787878787878788,0.104972776216296,0.666666666666667,0.109171850251569,0.482558778290486,0.125148289030755,0.324277255311738,0.114047686779029,0.413978494623656,0.0727298347229499
"localized_dense","grid","gaussian","neighborhood",4,0.6,0.8,2,"plain_selectboost","feature","c0 = 0.7",3,11,0,24,7.81024967590665,6.66666666666667,1.15470053837925,17.3333333333333,6.65832811847939,4.33333333333333,1.15470053837925,33.6666666666667,6.65832811847939,0.286071238702818,0.0386150499535163,0.606060606060606,0.104972776216296,0.660130718954248,0.130555453303518,0.383577712609971,0.0184354646868055,0.237407407407407,0.0140691999357204,0.387096774193548,0.125971768966236
"localized_dense","grid","gaussian","neighborhood",4,0.6,0.8,2,"plain_selectboost","feature","c0 = 0.9",3,11,0,21.3333333333333,0.577350269189626,6.66666666666667,1.52752523165195,14.6666666666667,2.08166599946613,4.33333333333333,1.52752523165195,36.3333333333333,2.08166599946613,0.313852813852814,0.0786700512787283,0.606060606060606,0.138865930150177,0.712418300653595,0.0408169803816889,0.413510101010101,0.100652381100711,0.263968253968254,0.0786166296148787,0.344086021505376,0.00931210111596173
"localized_dense","grid","gaussian","neighborhood",4,0.6,0.8,2,"plain_selectboost","group","c0 = 0.3",3,3,0,3.66666666666667,0.577350269189626,3,0,0.666666666666667,0.577350269189626,0,0,0.333333333333333,0.577350269189626,0.833333333333333,0.144337567297406,1,0,0.333333333333333,0.577350269189626,0.904761904761905,0.0824786098842323,0.833333333333333,0.144337567297406,0.916666666666667,0.144337567297406
"localized_dense","grid","gaussian","neighborhood",4,0.6,0.8,2,"plain_selectboost","group","c0 = 0.5",3,3,0,3.33333333333333,0.577350269189626,3,0,0.333333333333333,0.577350269189626,0,0,0.666666666666667,0.577350269189626,0.916666666666667,0.144337567297406,1,0,0.666666666666667,0.577350269189626,0.952380952380952,0.0824786098842323,0.916666666666667,0.144337567297406,0.833333333333333,0.144337567297406
"localized_dense","grid","gaussian","neighborhood",4,0.6,0.8,2,"plain_selectboost","group","c0 = 0.7",3,3,0,3.33333333333333,0.577350269189626,3,0,0.333333333333333,0.577350269189626,0,0,0.666666666666667,0.577350269189626,0.916666666666667,0.144337567297406,1,0,0.666666666666667,0.577350269189626,0.952380952380952,0.0824786098842323,0.916666666666667,0.144337567297406,0.833333333333333,0.144337567297406
"localized_dense","grid","gaussian","neighborhood",4,0.6,0.8,2,"plain_selectboost","group","c0 = 0.9",3,3,0,3.66666666666667,0.577350269189626,3,0,0.666666666666667,0.577350269189626,0,0,0.333333333333333,0.577350269189626,0.833333333333333,0.144337567297406,1,0,0.333333333333333,0.577350269189626,0.904761904761905,0.0824786098842323,0.833333333333333,0.144337567297406,0.916666666666667,0.144337567297406
"localized_dense","grid","gaussian","neighborhood",4,0.6,0.8,2,"selectboost","feature","c0 = 0.3",3,11,0,23.6666666666667,6.11010092660779,7,2.64575131106459,16.6666666666667,4.04145188432738,4,2.64575131106459,34.3333333333333,4.04145188432738,0.290385395537525,0.0636088400648392,0.636363636363636,0.240522846460417,0.673202614379085,0.0792441545946545,0.395238095238095,0.107222192849502,0.25,0.0833333333333333,0.381720430107527,0.0985500149452869
"localized_dense","grid","gaussian","neighborhood",4,0.6,0.8,2,"selectboost","feature","c0 = 0.5",3,11,0,20.6666666666667,4.16333199893227,8,1,12.6666666666667,3.21455025366432,3,1,38.3333333333333,3.21455025366432,0.392045454545455,0.0397727272727273,0.727272727272727,0.0909090909090909,0.751633986928105,0.0630303971306729,0.505884239217573,0.0183400212466004,0.338717948717949,0.0163238913255354,0.333333333333333,0.0671505161118107
"localized_dense","grid","gaussian","neighborhood",4,0.6,0.8,2,"selectboost","feature","c0 = 0.7",3,11,0,21.3333333333333,3.78593889720018,8,3,13.3333333333333,2.3094010767585,3,3,37.6666666666667,2.3094010767585,0.368570616652458,0.0969970679997288,0.727272727272727,0.272727272727273,0.738562091503268,0.0452823740540883,0.487114845938375,0.147263562960196,0.33064949006978,0.133784673845723,0.344086021505376,0.061063530600003
"localized_dense","grid","gaussian","neighborhood",4,0.6,0.8,2,"selectboost","feature","c0 = 0.9",3,11,0,20.3333333333333,1.52752523165195,7.66666666666667,1.52752523165195,12.6666666666667,1.52752523165195,3.33333333333333,1.52752523165195,38.3333333333333,1.52752523165195,0.376475279106858,0.0680201783027227,0.696969696969697,0.138865930150177,0.751633986928105,0.0299514751304303,0.488497882046269,0.0903778576274746,0.326363636363636,0.0797361350936288,0.327956989247312,0.0246375037363217
"localized_dense","grid","gaussian","neighborhood",4,0.6,0.8,2,"selectboost","group","c0 = 0.3",3,3,0,3.66666666666667,0.577350269189626,3,0,0.666666666666667,0.577350269189626,0,0,0.333333333333333,0.577350269189626,0.833333333333333,0.144337567297406,1,0,0.333333333333333,0.577350269189626,0.904761904761905,0.0824786098842323,0.833333333333333,0.144337567297406,0.916666666666667,0.144337567297406
"localized_dense","grid","gaussian","neighborhood",4,0.6,0.8,2,"selectboost","group","c0 = 0.5",3,3,0,3.33333333333333,0.577350269189626,3,0,0.333333333333333,0.577350269189626,0,0,0.666666666666667,0.577350269189626,0.916666666666667,0.144337567297406,1,0,0.666666666666667,0.577350269189626,0.952380952380952,0.0824786098842323,0.916666666666667,0.144337567297406,0.833333333333333,0.144337567297406
"localized_dense","grid","gaussian","neighborhood",4,0.6,0.8,2,"selectboost","group","c0 = 0.7",3,3,0,3.66666666666667,0.577350269189626,3,0,0.666666666666667,0.577350269189626,0,0,0.333333333333333,0.577350269189626,0.833333333333333,0.144337567297406,1,0,0.333333333333333,0.577350269189626,0.904761904761905,0.0824786098842323,0.833333333333333,0.144337567297406,0.916666666666667,0.144337567297406
"localized_dense","grid","gaussian","neighborhood",4,0.6,0.8,2,"selectboost","group","c0 = 0.9",3,3,0,3.66666666666667,0.577350269189626,3,0,0.666666666666667,0.577350269189626,0,0,0.333333333333333,0.577350269189626,0.833333333333333,0.144337567297406,1,0,0.333333333333333,0.577350269189626,0.904761904761905,0.0824786098842323,0.833333333333333,0.144337567297406,0.916666666666667,0.144337567297406
"localized_dense","grid","gaussian","neighborhood",4,1,0.5,0,"plain_selectboost","feature","c0 = 0.3",3,7,0,17,5.19615242270663,3.33333333333333,1.15470053837925,13.6666666666667,4.04145188432738,3.66666666666667,1.15470053837925,41.3333333333333,4.04145188432738,0.193939393939394,0.0104972776216296,0.476190476190476,0.164957219768465,0.751515151515151,0.0734809433514069,0.271604938271605,0.042766686606639,0.157608695652174,0.0282399588190578,0.274193548387097,0.0838089100436553
"localized_dense","grid","gaussian","neighborhood",4,1,0.5,0,"plain_selectboost","feature","c0 = 0.5",3,7,0,20,6.08276253029822,4.66666666666667,2.08166599946613,15.3333333333333,4.16333199893227,2.33333333333333,2.08166599946613,39.6666666666667,4.16333199893227,0.228576615831518,0.0453620111370887,0.666666666666667,0.29738085706659,0.721212121212121,0.0756969454351321,0.336530264279625,0.0814717848384455,0.204214239301959,0.0584572057826163,0.32258064516129,0.0981090730693261
"localized_dense","grid","gaussian","neighborhood",4,1,0.5,0,"plain_selectboost","feature","c0 = 0.7",3,7,0,21.3333333333333,4.93288286231625,5.66666666666667,0.577350269189626,15.6666666666667,4.72581562625261,1.33333333333333,0.577350269189626,39.3333333333333,4.72581562625261,0.272904483430799,0.0561931200990237,0.80952380952381,0.0824786098842322,0.715151515151515,0.0859239204773202,0.405852187028658,0.0661380185046759,0.256056808688388,0.0530821703271115,0.344086021505376,0.0795626268115524
"localized_dense","grid","gaussian","neighborhood",4,1,0.5,0,"plain_selectboost","feature","c0 = 0.9",3,7,0,14.3333333333333,4.04145188432738,4.33333333333333,0.577350269189626,10,3.46410161513775,2.66666666666667,0.577350269189626,45,3.46410161513775,0.309941520467836,0.0405158083641843,0.619047619047619,0.0824786098842323,0.818181818181818,0.0629836657297773,0.408906882591093,0.0210370543429419,0.257142857142857,0.0164957219768465,0.231182795698925,0.065184707811732
"localized_dense","grid","gaussian","neighborhood",4,1,0.5,0,"plain_selectboost","group","c0 = 0.3",3,3,0,2.66666666666667,1.15470053837925,2,1,0.666666666666667,0.577350269189626,1,1,0.333333333333333,0.577350269189626,0.75,0.25,0.666666666666667,0.333333333333333,0.333333333333333,0.577350269189626,0.685714285714286,0.249079939630896,0.555555555555556,0.26787918780536,0.666666666666667,0.288675134594813
"localized_dense","grid","gaussian","neighborhood",4,1,0.5,0,"plain_selectboost","group","c0 = 0.5",3,3,0,3.33333333333333,0.577350269189626,2.66666666666667,0.577350269189626,0.666666666666667,0.577350269189626,0.333333333333333,0.577350269189626,0.333333333333333,0.577350269189626,0.805555555555556,0.173472166622178,0.888888888888889,0.192450089729875,0.333333333333333,0.577350269189626,0.841269841269841,0.167232599251631,0.75,0.25,0.833333333333333,0.144337567297406
"localized_dense","grid","gaussian","neighborhood",4,1,0.5,0,"plain_selectboost","group","c0 = 0.7",3,3,0,3.66666666666667,0.577350269189626,2.66666666666667,0.577350269189626,1,0,0.333333333333333,0.577350269189626,0,0,0.722222222222222,0.0481125224324688,0.888888888888889,0.192450089729875,0,0,0.793650793650794,0.109971479845643,0.666666666666667,0.144337567297406,0.916666666666667,0.144337567297406
"localized_dense","grid","gaussian","neighborhood",4,1,0.5,0,"plain_selectboost","group","c0 = 0.9",3,3,0,3.33333333333333,1.15470053837925,2.66666666666667,0.577350269189626,0.666666666666667,0.577350269189626,0.333333333333333,0.577350269189626,0.333333333333333,0.577350269189626,0.833333333333333,0.144337567297406,0.888888888888889,0.192450089729875,0.333333333333333,0.577350269189626,0.838095238095238,0.0329914439536928,0.722222222222222,0.0481125224324688,0.833333333333333,0.288675134594813
"localized_dense","grid","gaussian","neighborhood",4,1,0.5,0,"selectboost","feature","c0 = 0.3",3,7,0,23.6666666666667,5.85946527708231,5.66666666666667,1.52752523165195,18,4.58257569495584,1.33333333333333,1.52752523165195,37,4.58257569495584,0.239603533721181,0.0277248636769183,0.80952380952381,0.218217890235992,0.672727272727273,0.0833195580901062,0.366810966810967,0.0499645370636758,0.225375773651636,0.0381357586046914,0.381720430107527,0.0945075044690696
"localized_dense","grid","gaussian","neighborhood",4,1,0.5,0,"selectboost","feature","c0 = 0.5",3,7,0,20.3333333333333,6.02771377334171,6,1.73205080756888,14.3333333333333,4.50924975282289,1,1.73205080756888,40.6666666666667,4.50924975282289,0.296092796092796,0.0332876822471687,0.857142857142857,0.247435829652697,0.739393939393939,0.0819863591422345,0.435064935064935,0.060257190073918,0.27928607340372,0.0497870847670647,0.327956989247312,0.0972211898926082
"localized_dense","grid","gaussian","neighborhood",4,1,0.5,0,"selectboost","feature","c0 = 0.7",3,7,0,23,11.7898261225516,5.66666666666667,0.577350269189626,17.3333333333333,11.3724814061547,1.33333333333333,0.577350269189626,37.6666666666667,11.3724814061547,0.283760683760684,0.10987810272212,0.80952380952381,0.0824786098842322,0.684848484848485,0.206772389202812,0.407838070628768,0.114924157023222,0.26040326040326,0.088348052959582,0.370967741935484,0.190158485847606
"localized_dense","grid","gaussian","neighborhood",4,1,0.5,0,"selectboost","feature","c0 = 0.9",3,7,0,14.3333333333333,2.51661147842358,4.66666666666667,0.577350269189626,9.66666666666667,2.08166599946613,2.33333333333333,0.577350269189626,45.3333333333333,2.08166599946613,0.328197945845005,0.0318248869601387,0.666666666666667,0.0824786098842323,0.824242424242424,0.037848472717566,0.43796992481203,0.0331725350675415,0.28077485380117,0.0275307382050819,0.231182795698925,0.0405905077165094
"localized_dense","grid","gaussian","neighborhood",4,1,0.5,0,"selectboost","group","c0 = 0.3",3,3,0,3.33333333333333,1.15470053837925,2.66666666666667,0.577350269189626,0.666666666666667,0.577350269189626,0.333333333333333,0.577350269189626,0.333333333333333,0.577350269189626,0.833333333333333,0.144337567297406,0.888888888888889,0.192450089729875,0.333333333333333,0.577350269189626,0.838095238095238,0.0329914439536928,0.722222222222222,0.0481125224324688,0.833333333333333,0.288675134594813
"localized_dense","grid","gaussian","neighborhood",4,1,0.5,0,"selectboost","group","c0 = 0.5",3,3,0,3.66666666666667,0.577350269189626,3,0,0.666666666666667,0.577350269189626,0,0,0.333333333333333,0.577350269189626,0.833333333333333,0.144337567297406,1,0,0.333333333333333,0.577350269189626,0.904761904761905,0.0824786098842323,0.833333333333333,0.144337567297406,0.916666666666667,0.144337567297406
"localized_dense","grid","gaussian","neighborhood",4,1,0.5,0,"selectboost","group","c0 = 0.7",3,3,0,3.66666666666667,0.577350269189626,3,0,0.666666666666667,0.577350269189626,0,0,0.333333333333333,0.577350269189626,0.833333333333333,0.144337567297406,1,0,0.333333333333333,0.577350269189626,0.904761904761905,0.0824786098842323,0.833333333333333,0.144337567297406,0.916666666666667,0.144337567297406
"localized_dense","grid","gaussian","neighborhood",4,1,0.5,0,"selectboost","group","c0 = 0.9",3,3,0,3,1,2.66666666666667,0.577350269189626,0.333333333333333,0.577350269189626,0.333333333333333,0.577350269189626,0.666666666666667,0.577350269189626,0.916666666666667,0.144337567297406,0.888888888888889,0.192450089729875,0.666666666666667,0.577350269189626,0.885714285714286,0.103015750727543,0.805555555555556,0.173472166622178,0.75,0.25
"localized_dense","grid","gaussian","neighborhood",4,1,0.5,2,"plain_selectboost","feature","c0 = 0.3",3,7,0,25.6666666666667,2.51661147842358,5,1,20.6666666666667,3.51188458428425,2,1,34.3333333333333,3.51188458428425,0.198678133460742,0.0592635625675404,0.714285714285714,0.142857142857143,0.624242424242424,0.0638524469869863,0.310533910533911,0.0859602633179212,0.185867895545315,0.0608130534504576,0.413978494623656,0.0405905077165094
"localized_dense","grid","gaussian","neighborhood",4,1,0.5,2,"plain_selectboost","feature","c0 = 0.5",3,7,0,25,3,5.33333333333333,1.52752523165195,19.6666666666667,4.50924975282289,1.66666666666667,1.52752523165195,35.3333333333333,4.50924975282289,0.22034632034632,0.0894156865888308,0.761904761904762,0.218217890235992,0.642424242424242,0.0819863591422345,0.341276683087028,0.129513919237878,0.210799753810507,0.0971414876226332,0.403225806451613,0.0483870967741935
"localized_dense","grid","gaussian","neighborhood",4,1,0.5,2,"plain_selectboost","feature","c0 = 0.7",3,7,0,23.3333333333333,4.04145188432738,5.66666666666667,0.577350269189626,17.6666666666667,3.51188458428425,1.33333333333333,0.577350269189626,37.3333333333333,3.51188458428425,0.245126705653021,0.0208984226534031,0.80952380952381,0.0824786098842322,0.678787878787879,0.0638524469869863,0.374884445093174,0.0190438862090137,0.230793650793651,0.0143279798049483,0.376344086021505,0.0651847078117319
"localized_dense","grid","gaussian","neighborhood",4,1,0.5,2,"plain_selectboost","feature","c0 = 0.9",3,7,0,18.3333333333333,2.08166599946613,4.33333333333333,0.577350269189626,14,2,2.66666666666667,0.577350269189626,41,2,0.237719298245614,0.0333217893214431,0.619047619047619,0.0824786098842323,0.745454545454545,0.0363636363636364,0.342912589289401,0.0443640866565776,0.207511532454324,0.0321971305457692,0.295698924731183,0.0335752580559054
"localized_dense","grid","gaussian","neighborhood",4,1,0.5,2,"plain_selectboost","group","c0 = 0.3",3,3,0,3.33333333333333,0.577350269189626,2.33333333333333,0.577350269189626,1,0,0.666666666666667,0.577350269189626,0,0,0.694444444444444,0.0481125224324688,0.777777777777778,0.192450089729875,0,0,0.73015873015873,0.109971479845643,0.583333333333333,0.144337567297406,0.833333333333333,0.144337567297406
"localized_dense","grid","gaussian","neighborhood",4,1,0.5,2,"plain_selectboost","group","c0 = 0.5",3,3,0,3.66666666666667,0.577350269189626,3,0,0.666666666666667,0.577350269189626,0,0,0.333333333333333,0.577350269189626,0.833333333333333,0.144337567297406,1,0,0.333333333333333,0.577350269189626,0.904761904761905,0.0824786098842323,0.833333333333333,0.144337567297406,0.916666666666667,0.144337567297406
"localized_dense","grid","gaussian","neighborhood",4,1,0.5,2,"plain_selectboost","group","c0 = 0.7",3,3,0,3.66666666666667,0.577350269189626,3,0,0.666666666666667,0.577350269189626,0,0,0.333333333333333,0.577350269189626,0.833333333333333,0.144337567297406,1,0,0.333333333333333,0.577350269189626,0.904761904761905,0.0824786098842323,0.833333333333333,0.144337567297406,0.916666666666667,0.144337567297406
"localized_dense","grid","gaussian","neighborhood",4,1,0.5,2,"plain_selectboost","group","c0 = 0.9",3,3,0,3.33333333333333,0.577350269189626,3,0,0.333333333333333,0.577350269189626,0,0,0.666666666666667,0.577350269189626,0.916666666666667,0.144337567297406,1,0,0.666666666666667,0.577350269189626,0.952380952380952,0.0824786098842323,0.916666666666667,0.144337567297406,0.833333333333333,0.144337567297406
"localized_dense","grid","gaussian","neighborhood",4,1,0.5,2,"selectboost","feature","c0 = 0.3",3,7,0,20,1,4.33333333333333,1.15470053837925,15.6666666666667,0.577350269189626,2.66666666666667,1.15470053837925,39.3333333333333,0.577350269189626,0.215329991645781,0.0500952813124614,0.619047619047619,0.164957219768465,0.715151515151515,0.0104972776216296,0.319427486094153,0.0770646251823124,0.191699604743083,0.0532864377972836,0.32258064516129,0.0161290322580645
"localized_dense","grid","gaussian","neighborhood",4,1,0.5,2,"selectboost","feature","c0 = 0.5",3,7,0,18.3333333333333,4.04145188432738,4.33333333333333,1.15470053837925,14,3,2.66666666666667,1.15470053837925,41,3,0.234905445431761,0.0253143495943177,0.619047619047619,0.164957219768465,0.745454545454545,0.0545454545454546,0.338385752178856,0.0497642417825777,0.204365079365079,0.0358792486508435,0.295698924731183,0.065184707811732
"localized_dense","grid","gaussian","neighborhood",4,1,0.5,2,"selectboost","feature","c0 = 0.7",3,7,0,21.6666666666667,2.08166599946613,5.33333333333333,1.15470053837925,16.3333333333333,2.08166599946613,1.66666666666667,1.15470053837925,38.6666666666667,2.08166599946613,0.246825396825397,0.0548308744425901,0.761904761904762,0.164957219768465,0.703030303030303,0.0378484727175661,0.37241850145076,0.0803766420713077,0.230793650793651,0.060055403999213,0.349462365591398,0.0335752580559054
"localized_dense","grid","gaussian","neighborhood",4,1,0.5,2,"selectboost","feature","c0 = 0.9",3,7,0,20.3333333333333,4.16333199893227,4.66666666666667,1.52752523165195,15.6666666666667,3.51188458428425,2.33333333333333,1.52752523165195,39.3333333333333,3.51188458428425,0.230670794633643,0.0685889631905438,0.666666666666667,0.218217890235992,0.715151515151515,0.0638524469869863,0.340811965811966,0.0975503994330211,0.208120636038256,0.069199532192863,0.327956989247312,0.0671505161118107
"localized_dense","grid","gaussian","neighborhood",4,1,0.5,2,"selectboost","group","c0 = 0.3",3,3,0,3.33333333333333,0.577350269189626,3,0,0.333333333333333,0.577350269189626,0,0,0.666666666666667,0.577350269189626,0.916666666666667,0.144337567297406,1,0,0.666666666666667,0.577350269189626,0.952380952380952,0.0824786098842323,0.916666666666667,0.144337567297406,0.833333333333333,0.144337567297406
"localized_dense","grid","gaussian","neighborhood",4,1,0.5,2,"selectboost","group","c0 = 0.5",3,3,0,3.33333333333333,0.577350269189626,3,0,0.333333333333333,0.577350269189626,0,0,0.666666666666667,0.577350269189626,0.916666666666667,0.144337567297406,1,0,0.666666666666667,0.577350269189626,0.952380952380952,0.0824786098842323,0.916666666666667,0.144337567297406,0.833333333333333,0.144337567297406
"localized_dense","grid","gaussian","neighborhood",4,1,0.5,2,"selectboost","group","c0 = 0.7",3,3,0,3.66666666666667,0.577350269189626,3,0,0.666666666666667,0.577350269189626,0,0,0.333333333333333,0.577350269189626,0.833333333333333,0.144337567297406,1,0,0.333333333333333,0.577350269189626,0.904761904761905,0.0824786098842323,0.833333333333333,0.144337567297406,0.916666666666667,0.144337567297406
"localized_dense","grid","gaussian","neighborhood",4,1,0.5,2,"selectboost","group","c0 = 0.9",3,3,0,3.66666666666667,0.577350269189626,3,0,0.666666666666667,0.577350269189626,0,0,0.333333333333333,0.577350269189626,0.833333333333333,0.144337567297406,1,0,0.333333333333333,0.577350269189626,0.904761904761905,0.0824786098842323,0.833333333333333,0.144337567297406,0.916666666666667,0.144337567297406
"localized_dense","grid","gaussian","neighborhood",4,1,0.8,0,"plain_selectboost","feature","c0 = 0.3",3,11,0,27,4,8.66666666666667,0.577350269189626,18.3333333333333,3.51188458428425,2.33333333333333,0.577350269189626,32.6666666666667,3.51188458428425,0.323827333645005,0.0299071284492683,0.787878787878788,0.0524863881081478,0.640522875816994,0.0688604820447892,0.457614624797287,0.0251997361279815,0.296921469335262,0.0209947214217391,0.435483870967742,0.0645161290322581
"localized_dense","grid","gaussian","neighborhood",4,1,0.8,0,"plain_selectboost","feature","c0 = 0.5",3,11,0,21.6666666666667,4.16333199893227,8.33333333333333,1.52752523165195,13.3333333333333,3.51188458428425,2.66666666666667,1.52752523165195,37.6666666666667,3.51188458428425,0.388849104859335,0.0607256567887858,0.757575757575758,0.138865930150177,0.738562091503268,0.0688604820447892,0.510893246187364,0.0725117178241509,0.345238095238095,0.0662829090813098,0.349462365591398,0.0671505161118107
"localized_dense","grid","gaussian","neighborhood",4,1,0.8,0,"plain_selectboost","feature","c0 = 0.7",3,11,0,18.6666666666667,4.93288286231625,8.33333333333333,2.88675134594813,10.3333333333333,2.08166599946613,2.66666666666667,2.88675134594813,40.6666666666667,2.08166599946613,0.438450438450438,0.0478621615325794,0.757575757575758,0.262431940540739,0.797385620915033,0.0408169803816889,0.549242424242424,0.115203835801103,0.38416198599265,0.105257470492614,0.301075268817204,0.0795626268115524
"localized_dense","grid","gaussian","neighborhood",4,1,0.8,0,"plain_selectboost","feature","c0 = 0.9",3,11,0,17.3333333333333,4.04145188432738,7,1,10.3333333333333,3.05505046330389,4,1,40.6666666666667,3.05505046330389,0.41045991045991,0.0444129578475661,0.636363636363636,0.0909090909090909,0.797385620915033,0.0599029502608607,0.494252873563218,0.00995431498602799,0.328282828282828,0.00874773135135796,0.279569892473118,0.0651847078117319
"localized_dense","grid","gaussian","neighborhood",4,1,0.8,0,"plain_selectboost","group","c0 = 0.3",3,3,0,3.33333333333333,0.577350269189626,2.66666666666667,0.577350269189626,0.666666666666667,0.577350269189626,0.333333333333333,0.577350269189626,0.333333333333333,0.577350269189626,0.805555555555556,0.173472166622178,0.888888888888889,0.192450089729875,0.333333333333333,0.577350269189626,0.841269841269841,0.167232599251631,0.75,0.25,0.833333333333333,0.144337567297406
"localized_dense","grid","gaussian","neighborhood",4,1,0.8,0,"plain_selectboost","group","c0 = 0.5",3,3,0,3.33333333333333,1.15470053837925,2.66666666666667,0.577350269189626,0.666666666666667,0.577350269189626,0.333333333333333,0.577350269189626,0.333333333333333,0.577350269189626,0.833333333333333,0.144337567297406,0.888888888888889,0.192450089729875,0.333333333333333,0.577350269189626,0.838095238095238,0.0329914439536928,0.722222222222222,0.0481125224324688,0.833333333333333,0.288675134594813
"localized_dense","grid","gaussian","neighborhood",4,1,0.8,0,"plain_selectboost","group","c0 = 0.7",3,3,0,3,1,2.66666666666667,0.577350269189626,0.333333333333333,0.577350269189626,0.333333333333333,0.577350269189626,0.666666666666667,0.577350269189626,0.916666666666667,0.144337567297406,0.888888888888889,0.192450089729875,0.666666666666667,0.577350269189626,0.885714285714286,0.103015750727543,0.805555555555556,0.173472166622178,0.75,0.25
"localized_dense","grid","gaussian","neighborhood",4,1,0.8,0,"plain_selectboost","group","c0 = 0.9",3,3,0,3,1,2.66666666666667,0.577350269189626,0.333333333333333,0.577350269189626,0.333333333333333,0.577350269189626,0.666666666666667,0.577350269189626,0.916666666666667,0.144337567297406,0.888888888888889,0.192450089729875,0.666666666666667,0.577350269189626,0.885714285714286,0.103015750727543,0.805555555555556,0.173472166622178,0.75,0.25
"localized_dense","grid","gaussian","neighborhood",4,1,0.8,0,"selectboost","feature","c0 = 0.3",3,11,0,24.6666666666667,7.09459888459759,9,2,15.6666666666667,6.02771377334171,2,2,35.3333333333333,6.02771377334171,0.375054736534812,0.0735978616927516,0.818181818181818,0.181818181818182,0.69281045751634,0.118190466143955,0.507722007722008,0.0832805197302045,0.343045843045843,0.0756439288624819,0.397849462365591,0.114429014267703
"localized_dense","grid","gaussian","neighborhood",4,1,0.8,0,"selectboost","feature","c0 = 0.5",3,11,0,24.6666666666667,4.50924975282289,10,1,14.6666666666667,4.16333199893227,1,1,36.3333333333333,4.16333199893227,0.413103448275862,0.0758714727713876,0.909090909090909,0.0909090909090909,0.712418300653595,0.0816339607633778,0.56505376344086,0.0737421988913347,0.396278051450465,0.0729244000136895,0.397849462365591,0.0727298347229499
"localized_dense","grid","gaussian","neighborhood",4,1,0.8,0,"selectboost","feature","c0 = 0.7",3,11,0,17.3333333333333,4.50924975282289,7.33333333333333,2.51661147842358,10,2,3.66666666666667,2.51661147842358,41,2,0.416975181681064,0.0352550062210012,0.666666666666667,0.228782861674871,0.803921568627451,0.0392156862745098,0.507575757575758,0.0949239703495581,0.343757945588609,0.0862859491218905,0.279569892473118,0.0727298347229499
"localized_dense","grid","gaussian","neighborhood",4,1,0.8,0,"selectboost","feature","c0 = 0.9",3,11,0,16.6666666666667,4.72581562625261,8,0,8.66666666666667,4.72581562625261,3,0,42.3333333333333,4.72581562625261,0.504118104118104,0.128391755101911,0.727272727272727,0,0.830065359477124,0.0926630514951492,0.588966588966589,0.0937437832593981,0.421481481481481,0.0921708915603446,0.268817204301075,0.0762228326814937
"localized_dense","grid","gaussian","neighborhood",4,1,0.8,0,"selectboost","group","c0 = 0.3",3,3,0,3.66666666666667,0.577350269189626,3,0,0.666666666666667,0.577350269189626,0,0,0.333333333333333,0.577350269189626,0.833333333333333,0.144337567297406,1,0,0.333333333333333,0.577350269189626,0.904761904761905,0.0824786098842323,0.833333333333333,0.144337567297406,0.916666666666667,0.144337567297406
"localized_dense","grid","gaussian","neighborhood",4,1,0.8,0,"selectboost","group","c0 = 0.5",3,3,0,4,0,3,0,1,0,0,0,0,0,0.75,0,1,0,0,0,0.857142857142857,0,0.75,0,1,0
"localized_dense","grid","gaussian","neighborhood",4,1,0.8,0,"selectboost","group","c0 = 0.7",3,3,0,3,1,2.66666666666667,0.577350269189626,0.333333333333333,0.577350269189626,0.333333333333333,0.577350269189626,0.666666666666667,0.577350269189626,0.916666666666667,0.144337567297406,0.888888888888889,0.192450089729875,0.666666666666667,0.577350269189626,0.885714285714286,0.103015750727543,0.805555555555556,0.173472166622178,0.75,0.25
"localized_dense","grid","gaussian","neighborhood",4,1,0.8,0,"selectboost","group","c0 = 0.9",3,3,0,3,1,2.66666666666667,0.577350269189626,0.333333333333333,0.577350269189626,0.333333333333333,0.577350269189626,0.666666666666667,0.577350269189626,0.916666666666667,0.144337567297406,0.888888888888889,0.192450089729875,0.666666666666667,0.577350269189626,0.885714285714286,0.103015750727543,0.805555555555556,0.173472166622178,0.75,0.25
"localized_dense","grid","gaussian","neighborhood",4,1,0.8,2,"plain_selectboost","feature","c0 = 0.3",3,11,0,21.3333333333333,7.76745346515403,7.66666666666667,1.15470053837925,13.6666666666667,6.65832811847939,3.33333333333333,1.15470053837925,37.3333333333333,6.65832811847939,0.378362573099415,0.0837769050296903,0.696969696969697,0.104972776216296,0.73202614379085,0.130555453303518,0.481384198457369,0.0513263179852382,0.318006292906178,0.0451620791274407,0.344086021505376,0.125281507502484
"localized_dense","grid","gaussian","neighborhood",4,1,0.8,2,"plain_selectboost","feature","c0 = 0.5",3,11,0,32,3.60555127546399,8,1,24,4.35889894354067,3,1,27,4.35889894354067,0.254040404040404,0.0589366289608296,0.727272727272727,0.0909090909090909,0.529411764705882,0.0854686067360916,0.375848788892267,0.0756751984897013,0.233238501659554,0.0587932095431534,0.516129032258065,0.0581540528300644
"localized_dense","grid","gaussian","neighborhood",4,1,0.8,2,"plain_selectboost","feature","c0 = 0.7",3,11,0,22.3333333333333,1.15470053837925,8,1,14.3333333333333,1.52752523165195,3,1,36.6666666666667,1.52752523165195,0.358868184955142,0.0474988731747958,0.727272727272727,0.0909090909090909,0.718954248366013,0.0299514751304303,0.480392156862745,0.0612254705725333,0.317530864197531,0.0521963862191558,0.360215053763441,0.0186242022319234
"localized_dense","grid","gaussian","neighborhood",4,1,0.8,2,"plain_selectboost","feature","c0 = 0.9",3,11,0,17.6666666666667,1.52752523165195,6,2.64575131106459,11.6666666666667,1.15470053837925,5,2.64575131106459,39.3333333333333,1.15470053837925,0.332480506822612,0.126582530804468,0.545454545454545,0.240522846460417,0.77124183006536,0.0226411870270441,0.412771392081737,0.166946668102003,0.268939393939394,0.126710065785437,0.28494623655914,0.0246375037363217
"localized_dense","grid","gaussian","neighborhood",4,1,0.8,2,"plain_selectboost","group","c0 = 0.3",3,3,0,3.66666666666667,0.577350269189626,3,0,0.666666666666667,0.577350269189626,0,0,0.333333333333333,0.577350269189626,0.833333333333333,0.144337567297406,1,0,0.333333333333333,0.577350269189626,0.904761904761905,0.0824786098842323,0.833333333333333,0.144337567297406,0.916666666666667,0.144337567297406
"localized_dense","grid","gaussian","neighborhood",4,1,0.8,2,"plain_selectboost","group","c0 = 0.5",3,3,0,4,0,3,0,1,0,0,0,0,0,0.75,0,1,0,0,0,0.857142857142857,0,0.75,0,1,0
"localized_dense","grid","gaussian","neighborhood",4,1,0.8,2,"plain_selectboost","group","c0 = 0.7",3,3,0,3.33333333333333,0.577350269189626,3,0,0.333333333333333,0.577350269189626,0,0,0.666666666666667,0.577350269189626,0.916666666666667,0.144337567297406,1,0,0.666666666666667,0.577350269189626,0.952380952380952,0.0824786098842323,0.916666666666667,0.144337567297406,0.833333333333333,0.144337567297406
"localized_dense","grid","gaussian","neighborhood",4,1,0.8,2,"plain_selectboost","group","c0 = 0.9",3,3,0,3.33333333333333,0.577350269189626,3,0,0.333333333333333,0.577350269189626,0,0,0.666666666666667,0.577350269189626,0.916666666666667,0.144337567297406,1,0,0.666666666666667,0.577350269189626,0.952380952380952,0.0824786098842323,0.916666666666667,0.144337567297406,0.833333333333333,0.144337567297406
"localized_dense","grid","gaussian","neighborhood",4,1,0.8,2,"selectboost","feature","c0 = 0.3",3,11,0,21.3333333333333,1.15470053837925,8.66666666666667,1.52752523165195,12.6666666666667,2.51661147842358,2.33333333333333,1.52752523165195,38.3333333333333,2.51661147842358,0.409090909090909,0.0909090909090909,0.787878787878788,0.138865930150177,0.751633986928105,0.0493453231063448,0.538286086673183,0.110633749138817,0.373473748473748,0.103488294792228,0.344086021505376,0.0186242022319234
"localized_dense","grid","gaussian","neighborhood",4,1,0.8,2,"selectboost","feature","c0 = 0.5",3,11,0,27.6666666666667,4.72581562625261,8.66666666666667,2.51661147842358,19,2.64575131106459,2.33333333333333,2.51661147842358,32,2.64575131106459,0.30982905982906,0.0522085116361992,0.787878787878788,0.228782861674871,0.627450980392157,0.051877476687541,0.443114543114543,0.0870879641032525,0.287219485495348,0.0698159086900175,0.446236559139785,0.0762228326814937
"localized_dense","grid","gaussian","neighborhood",4,1,0.8,2,"selectboost","feature","c0 = 0.7",3,11,0,22,1.73205080756888,7.66666666666667,0.577350269189626,14.3333333333333,2.3094010767585,3.33333333333333,0.577350269189626,36.6666666666667,2.3094010767585,0.351190476190476,0.0515491311776451,0.696969696969697,0.0524863881081478,0.718954248366013,0.0452823740540883,0.466666666666667,0.0577350269189626,0.305555555555556,0.0481125224324688,0.354838709677419,0.0279363033478851
"localized_dense","grid","gaussian","neighborhood",4,1,0.8,2,"selectboost","feature","c0 = 0.9",3,11,0,19.3333333333333,3.21455025366432,6.66666666666667,1.15470053837925,12.6666666666667,4.04145188432738,4.33333333333333,1.15470053837925,38.3333333333333,4.04145188432738,0.354930377948281,0.106514338925624,0.606060606060606,0.104972776216296,0.751633986928105,0.0792441545946545,0.446054283782478,0.112759803371141,0.291718426501035,0.0966239523175541,0.311827956989247,0.0518475847365213
"localized_dense","grid","gaussian","neighborhood",4,1,0.8,2,"selectboost","group","c0 = 0.3",3,3,0,3.66666666666667,0.577350269189626,3,0,0.666666666666667,0.577350269189626,0,0,0.333333333333333,0.577350269189626,0.833333333333333,0.144337567297406,1,0,0.333333333333333,0.577350269189626,0.904761904761905,0.0824786098842323,0.833333333333333,0.144337567297406,0.916666666666667,0.144337567297406
"localized_dense","grid","gaussian","neighborhood",4,1,0.8,2,"selectboost","group","c0 = 0.5",3,3,0,4,0,3,0,1,0,0,0,0,0,0.75,0,1,0,0,0,0.857142857142857,0,0.75,0,1,0
"localized_dense","grid","gaussian","neighborhood",4,1,0.8,2,"selectboost","group","c0 = 0.7",3,3,0,3.66666666666667,0.577350269189626,3,0,0.666666666666667,0.577350269189626,0,0,0.333333333333333,0.577350269189626,0.833333333333333,0.144337567297406,1,0,0.333333333333333,0.577350269189626,0.904761904761905,0.0824786098842323,0.833333333333333,0.144337567297406,0.916666666666667,0.144337567297406
"localized_dense","grid","gaussian","neighborhood",4,1,0.8,2,"selectboost","group","c0 = 0.9",3,3,0,3.33333333333333,0.577350269189626,3,0,0.333333333333333,0.577350269189626,0,0,0.666666666666667,0.577350269189626,0.916666666666667,0.144337567297406,1,0,0.666666666666667,0.577350269189626,0.952380952380952,0.0824786098842323,0.916666666666667,0.144337567297406,0.833333333333333,0.144337567297406
